timestamp,outdoor_temp_c,daylight_hours,wind_speed_mps,wind_icing_factor,crew_headcount,load_critical_kw,load_flexible_kw,solar_available_kw,wind_available_kw,diesel_fuel_reserve_liters,wind_effective_kw,diesel_generation_kw,hourly_fuel_consumption_liters,sun_elevation_deg,relative_humidity_pct
2026-01-01 00:00:00,-3.06,24.0,6.19,0.9698,80,51.03,23.73,32.46,4.44,359985.67,4.3,38.0,14.33,11.52,71.8
2026-01-01 01:00:00,-3.31,24.0,8.83,0.9183,80,50.49,26.78,33.43,27.16,359976.79,24.94,18.9,8.89,11.88,85.7
2026-01-01 02:00:00,-3.02,24.0,9.59,0.863,80,52.42,24.42,36.25,39.21,359971.36,33.84,6.76,5.43,12.96,85.0
2026-01-01 03:00:00,-2.14,24.0,7.86,0.8201,80,46.75,31.0,40.71,15.78,359960.99,12.94,24.1,10.37,14.68,80.1
2026-01-01 04:00:00,-2.27,24.0,5.77,0.7877,80,50.7,35.81,46.49,2.92,359946.74,2.3,37.72,14.25,16.94,82.5
2026-01-01 05:00:00,-2.32,24.0,6.47,0.7519,80,47.26,46.2,53.17,5.72,359932.98,4.3,35.98,13.76,19.61,81.4
2026-01-01 06:00:00,-1.21,24.0,7.44,0.7145,80,48.59,54.93,60.3,12.02,359919.61,8.59,34.64,13.37,22.53,73.9
2026-01-01 07:00:00,-0.56,24.0,9.72,0.8165,80,47.54,61.52,67.38,41.7,359913.94,34.05,7.64,5.68,25.51,91.1
2026-01-01 08:00:00,-0.62,24.0,11.81,0.9185,80,49.43,63.69,67.26,93.65,359910.44,86.02,0.0,3.5,28.35,85.8
2026-01-01 09:00:00,-0.05,24.0,10.99,1.0,80,42.14,66.45,75.62,69.89,359906.94,69.89,0.0,3.5,30.86,84.2
2026-01-01 10:00:00,-0.1,24.0,11.36,1.0,80,48.19,71.39,78.16,80.01,359903.44,80.01,0.0,3.5,32.82,84.2
2026-01-01 11:00:00,-0.15,24.0,10.37,1.0,80,46.22,74.26,84.95,54.81,359899.94,54.81,0.0,3.5,34.08,88.4
2026-01-01 12:00:00,0.19,24.0,10.87,1.0,80,45.13,86.98,83.64,66.89,359896.44,66.89,0.0,3.5,34.52,77.2
2026-01-01 13:00:00,-0.83,24.0,9.2,1.0,80,45.99,79.16,86.53,32.63,359891.23,32.63,5.99,5.21,34.08,80.0
2026-01-01 14:00:00,-1.77,24.0,8.6,0.9504,80,47.59,75.46,83.84,24.15,359883.09,22.95,16.27,8.14,32.82,84.7
2026-01-01 15:00:00,-2.07,24.0,9.12,0.8952,80,48.3,69.31,79.55,31.5,359876.78,28.2,9.86,6.31,30.86,89.0
2026-01-01 16:00:00,-2.71,24.0,6.93,0.8618,80,45.66,68.81,73.94,8.34,359863.78,7.18,33.35,13.0,28.35,70.9
2026-01-01 17:00:00,-2.6,24.0,8.3,0.8121,80,49.57,59.63,67.38,20.46,359853.09,16.62,25.21,10.68,25.51,88.0
2026-01-01 18:00:00,-3.3,24.0,9.89,0.7589,80,50.44,53.25,60.3,44.9,359846.94,34.07,9.32,6.16,22.53,79.0
2026-01-01 19:00:00,-4.34,24.0,9.2,0.7087,80,50.28,45.71,53.17,32.69,359837.84,23.17,19.65,9.1,19.61,80.3
2026-01-01 20:00:00,-3.67,24.0,8.87,0.659,80,50.76,37.45,46.49,27.78,359827.66,18.31,23.42,10.17,16.94,82.4
2026-01-01 21:00:00,-4.06,24.0,10.4,0.6049,80,53.71,29.8,39.89,55.64,359821.32,33.66,9.97,6.34,14.68,76.4
2026-01-01 22:00:00,-4.26,24.0,11.04,0.5481,80,50.25,23.09,34.36,71.3,359817.82,39.08,0.0,3.5,12.96,75.6
2026-01-01 23:00:00,-5.35,24.0,9.64,0.4944,80,50.79,25.54,33.43,40.13,359807.75,19.84,23.06,10.07,11.88,82.0
2026-01-02 00:00:00,-5.75,24.0,8.76,0.4407,80,52.32,28.29,32.25,26.24,359793.76,11.56,36.79,13.99,11.44,90.2
2026-01-02 01:00:00,-5.8,24.0,9.42,0.392,80,49.41,27.56,33.22,36.23,359781.84,14.21,29.54,11.92,11.8,75.9
2026-01-02 02:00:00,-6.56,24.0,9.43,0.3437,80,59.11,27.03,36.04,36.51,359767.64,12.55,37.55,14.2,12.88,75.3
2026-01-02 03:00:00,-6.32,24.0,8.01,0.3034,80,52.97,31.99,40.51,17.27,359752.97,5.24,39.21,14.67,14.6,74.1
2026-01-02 04:00:00,-6.6,24.0,7.55,0.2628,80,58.01,32.55,46.29,12.94,359737.82,3.4,40.87,15.15,16.86,78.9
2026-01-02 05:00:00,-6.62,24.0,9.85,0.2125,80,52.54,43.37,52.98,44.12,359724.76,9.37,33.56,13.06,19.53,75.1
2026-01-02 06:00:00,-6.77,24.0,10.23,0.1602,80,54.13,52.04,59.41,51.92,359710.3,8.32,38.44,14.46,22.45,75.1
2026-01-02 07:00:00,-5.37,24.0,13.33,0.15,80,53.47,57.0,56.0,100.0,359695.55,15.0,39.47,14.75,25.43,82.0
2026-01-02 08:00:00,-5.09,24.0,13.09,0.15,80,54.3,67.54,62.37,100.0,359679.38,15.0,44.48,16.18,28.27,74.0
2026-01-02 09:00:00,-5.42,24.0,14.29,0.15,80,53.24,73.02,62.34,100.0,359661.94,15.0,48.92,17.44,30.78,89.0
2026-01-02 10:00:00,-4.6,24.0,11.7,0.15,80,48.74,75.28,76.57,90.26,359648.77,13.54,33.92,13.17,32.75,75.7
2026-01-02 11:00:00,-5.04,24.0,11.94,0.15,80,52.7,77.79,77.97,98.12,359634.5,14.72,37.79,14.27,34.0,86.9
2026-01-02 12:00:00,-4.65,24.0,8.98,0.15,80,54.98,76.22,87.28,29.27,359619.73,4.39,39.53,14.76,34.44,91.4
2026-01-02 13:00:00,-5.62,24.0,9.53,0.15,80,54.43,75.43,86.36,38.28,359605.47,5.74,37.75,14.26,34.0,86.8
2026-01-02 14:00:00,-6.25,24.0,9.19,0.15,80,59.56,70.7,83.67,32.46,359590.08,4.87,41.73,15.39,32.75,85.7
2026-01-02 15:00:00,-6.02,24.0,8.52,0.15,80,54.71,70.41,79.37,23.04,359574.53,3.46,42.29,15.55,30.78,84.5
2026-01-02 16:00:00,-5.54,24.0,10.23,0.15,80,55.81,64.21,72.92,51.8,359559.82,7.77,39.33,14.71,28.27,81.9
2026-01-02 17:00:00,-5.47,24.0,11.39,0.15,80,54.64,57.8,62.52,81.03,359545.55,12.15,37.77,14.26,25.43,86.8
2026-01-02 18:00:00,-5.65,24.0,8.6,0.15,80,52.36,52.33,60.11,24.13,359530.38,3.62,40.96,15.17,22.45,79.5
2026-01-02 19:00:00,-5.98,24.0,9.02,0.15,80,54.14,42.74,52.98,29.99,359515.65,4.5,39.4,14.73,19.53,84.8
2026-01-02 20:00:00,-7.07,24.0,8.47,0.15,80,58.4,31.92,46.29,22.51,359500.56,3.38,40.65,15.09,16.86,85.2
2026-01-02 21:00:00,-7.7,24.0,8.24,0.15,80,56.16,27.88,40.51,19.79,359485.5,2.97,40.57,15.06,14.6,81.8
2026-01-02 22:00:00,-8.16,24.0,9.82,0.15,80,58.53,25.68,36.04,43.6,359470.14,6.54,41.63,15.36,12.88,77.5
2026-01-02 23:00:00,-7.69,24.0,8.85,0.15,80,55.56,22.01,33.22,27.41,359455.17,4.11,40.24,14.97,11.8,81.7
2026-01-03 00:00:00,-7.52,24.0,11.28,0.15,80,58.71,26.03,29.98,77.8,359439.39,11.67,43.09,15.78,11.35,77.5
2026-01-03 01:00:00,-8.69,24.0,9.4,0.15,80,58.64,25.46,32.99,35.99,359422.86,5.4,45.72,16.53,11.72,75.8
2026-01-03 02:00:00,-8.51,24.0,9.81,0.15,80,60.09,23.39,35.81,43.24,359407.62,6.49,41.18,15.24,12.79,82.6
2026-01-03 03:00:00,-8.7,24.0,10.13,0.15,80,61.22,31.82,40.02,49.79,359391.14,7.47,45.55,16.48,14.51,79.2
2026-01-03 04:00:00,-8.99,24.0,8.86,0.15,80,60.41,40.24,46.08,27.63,359373.27,4.14,50.43,17.87,16.78,82.1
2026-01-03 05:00:00,-8.42,24.0,8.21,0.15,80,57.66,43.58,52.77,19.4,359356.79,2.91,45.56,16.48,19.45,79.4
2026-01-03 06:00:00,-7.55,24.0,9.82,0.15,80,56.35,51.47,59.91,43.47,359341.49,6.52,41.4,15.3,22.37,81.9
2026-01-03 07:00:00,-6.7,24.0,10.55,0.15,80,50.76,59.26,65.15,59.06,359327.73,8.86,36.0,13.76,25.35,87.0
2026-01-03 08:00:00,-6.9,24.0,9.43,0.15,80,56.63,64.42,73.57,36.5,359312.25,5.48,42.01,15.47,28.19,79.0
2026-01-03 09:00:00,-6.74,24.0,9.34,0.15,80,57.76,68.16,79.19,34.93,359296.93,5.24,41.5,15.33,30.69,77.9
2026-01-03 10:00:00,-6.2,24.0,7.44,0.15,80,51.89,75.13,83.48,12.04,359281.53,1.81,41.73,15.39,32.66,82.5
2026-01-03 11:00:00,-5.29,24.0,6.78,0.252,80,52.86,74.9,86.18,7.4,359266.71,1.87,39.72,14.82,33.92,68.1
2026-01-03 12:00:00,-5.31,24.0,7.27,0.2102,80,52.84,70.2,87.1,10.71,359253.61,2.25,33.7,13.1,34.35,84.6
2026-01-03 13:00:00,-5.2,24.0,6.11,0.1783,80,54.07,83.28,86.18,4.13,359235.74,0.74,50.44,17.87,33.92,76.8
2026-01-03 14:00:00,-5.7,24.0,8.38,0.15,80,54.16,79.88,83.48,21.3,359218.74,3.2,47.36,17.0,32.66,89.1
2026-01-03 15:00:00,-6.32,24.0,9.31,0.15,80,52.78,71.31,79.19,34.48,359203.92,5.17,39.73,14.82,30.69,84.2
2026-01-03 16:00:00,-5.78,24.0,11.62,0.15,80,57.51,62.1,67.62,87.8,359189.35,13.17,38.82,14.56,28.19,85.2
2026-01-03 17:00:00,-5.0,24.0,11.52,0.15,80,49.08,67.11,61.91,84.79,359174.01,12.72,41.56,15.34,25.35,86.0
2026-01-03 18:00:00,-5.15,24.0,13.15,0.15,80,51.65,53.66,50.48,100.0,359159.15,15.0,39.84,14.85,22.37,78.8
2026-01-03 19:00:00,-4.71,24.0,12.07,0.15,80,49.36,42.69,47.32,100.0,359147.18,15.0,29.74,11.97,19.45,80.2
2026-01-03 20:00:00,-4.69,24.0,11.46,0.15,80,53.06,40.62,42.71,83.14,359132.71,12.47,38.5,14.47,16.78,73.0
2026-01-03 21:00:00,-5.31,24.0,13.86,0.15,80,54.25,26.49,32.52,100.0,359119.74,15.0,33.23,12.97,14.51,88.5
2026-01-03 22:00:00,-5.32,24.0,12.9,0.15,80,52.98,19.78,30.61,100.0,359108.5,15.0,27.15,11.24,12.79,74.6
2026-01-03 23:00:00,-4.6,24.0,9.76,0.15,80,49.46,23.28,32.99,42.47,359095.49,6.37,33.38,13.01,11.72,81.5
2026-01-04 00:00:00,-4.71,24.0,10.33,0.15,80,50.25,27.07,31.25,54.03,359081.17,8.1,37.96,14.32,11.26,87.6
2026-01-04 01:00:00,-3.9,24.0,11.89,0.15,80,53.01,32.01,29.65,96.33,359066.01,14.45,40.92,15.16,11.62,89.7
2026-01-04 02:00:00,-5.58,24.0,12.21,0.15,80,53.47,23.81,31.64,100.0,359053.78,15.0,30.63,12.23,12.7,79.6
2026-01-04 03:00:00,-5.08,24.0,11.5,0.15,80,51.87,25.92,37.04,84.35,359042.27,12.65,28.1,11.51,14.42,72.7
2026-01-04 04:00:00,-4.96,24.0,11.34,0.15,80,51.15,36.11,42.77,79.65,359029.49,11.95,32.55,12.78,16.69,82.4
2026-01-04 05:00:00,-5.0,24.0,14.36,0.15,80,52.49,43.69,41.08,100.0,359014.56,15.0,40.11,14.93,19.36,82.9
2026-01-04 06:00:00,-4.75,24.0,11.2,0.15,80,53.62,57.69,56.1,75.68,358998.56,11.35,43.86,16.0,22.28,83.6
2026-01-04 07:00:00,-5.7,24.0,11.11,0.15,80,53.3,60.97,63.08,73.17,358983.6,10.98,40.23,14.96,25.26,79.2
2026-01-04 08:00:00,-5.54,24.0,9.67,0.15,80,54.53,72.34,73.36,40.74,358966.59,6.11,47.4,17.01,28.1,80.2
2026-01-04 09:00:00,-5.0,24.0,9.91,0.15,80,49.31,75.1,78.98,45.2,358952.07,6.78,38.65,14.51,30.6,77.8
2026-01-04 10:00:00,-3.79,24.0,9.95,0.15,80,53.37,77.56,83.28,46.02,358936.96,6.9,40.74,15.11,32.57,83.0
2026-01-04 11:00:00,-3.82,24.0,8.34,0.15,80,50.84,72.79,85.98,20.94,358923.63,3.14,34.51,13.33,33.82,86.1
2026-01-04 12:00:00,-4.05,24.0,9.09,0.15,80,49.13,76.82,86.9,31.02,358910.32,4.65,34.39,13.3,34.26,83.3
2026-01-04 13:00:00,-4.15,24.0,11.54,0.15,80,52.4,77.95,79.37,85.36,358895.94,12.8,38.18,14.38,33.82,81.7
2026-01-04 14:00:00,-3.45,24.0,11.87,0.15,80,50.74,66.93,75.5,95.73,358884.52,14.36,27.81,11.43,32.57,88.0
2026-01-04 15:00:00,-3.17,24.0,12.98,0.15,80,47.45,68.97,67.23,100.0,358871.27,15.0,34.19,13.25,30.6,83.9
2026-01-04 16:00:00,-3.5,24.0,16.31,0.15,80,50.15,65.03,50.22,100.0,358853.53,15.0,49.96,17.74,28.1,82.5
2026-01-04 17:00:00,-3.25,24.0,16.8,0.15,80,48.9,57.86,44.08,100.0,358836.44,15.0,47.68,17.09,25.26,82.9
2026-01-04 18:00:00,-3.33,24.0,17.8,0.15,80,47.37,58.38,36.41,100.0,358817.46,15.0,54.34,18.99,22.28,76.5
2026-01-04 19:00:00,-2.93,24.0,21.02,0.15,80,48.62,45.21,23.59,100.0,358798.21,15.0,55.24,19.24,19.36,77.4
2026-01-04 20:00:00,-3.59,24.0,19.85,0.15,80,48.26,35.4,23.26,100.0,358781.78,15.0,45.4,16.44,16.69,81.7
2026-01-04 21:00:00,-4.03,24.0,19.44,0.15,80,48.55,23.9,21.14,100.0,358767.93,15.0,36.31,13.85,14.42,78.3
2026-01-04 22:00:00,-4.51,24.0,19.69,0.15,80,53.08,24.35,18.34,100.0,358751.86,15.0,44.1,16.07,12.7,81.4
2026-01-04 23:00:00,-5.61,24.0,20.21,0.15,80,54.37,29.96,16.04,100.0,358733.17,15.0,53.29,18.69,11.62,85.1
2026-01-05 00:00:00,-5.52,24.0,21.18,0.15,80,52.98,23.01,13.9,100.0,358716.25,15.0,47.09,16.92,11.16,84.4
2026-01-05 01:00:00,-5.48,24.0,21.59,0.15,80,48.57,23.9,13.66,100.0,358700.27,15.0,43.81,15.99,11.52,82.9
2026-01-05 02:00:00,-5.54,24.0,20.42,0.15,80,53.44,21.97,16.91,100.0,358684.37,15.0,43.5,15.9,12.6,85.1
2026-01-05 03:00:00,-5.68,24.0,17.01,0.15,80,55.48,29.84,25.84,100.0,358668.19,15.0,44.48,16.18,14.32,85.9
2026-01-05 04:00:00,-6.46,24.0,13.01,0.15,80,57.68,36.9,38.73,100.0,358653.05,15.0,40.85,15.14,16.59,85.1
2026-01-05 05:00:00,-6.56,24.0,11.21,0.15,80,57.4,44.21,49.13,75.95,358637.84,11.39,41.09,15.21,19.26,84.9
2026-01-05 06:00:00,-6.54,24.0,8.5,0.15,80,52.52,48.44,59.45,22.88,358623.49,3.43,38.08,14.35,22.18,74.1
2026-01-05 07:00:00,-6.75,24.0,8.17,0.15,80,53.75,61.74,66.55,18.96,358606.85,2.84,46.1,16.64,25.16,70.5
2026-01-05 08:00:00,-6.53,24.0,8.92,0.15,80,54.75,64.77,73.14,28.45,358591.35,4.27,42.12,15.5,28.0,76.2
2026-01-05 09:00:00,-5.95,24.0,7.02,0.15,80,54.05,71.68,78.76,8.94,358574.84,1.34,45.63,16.5,30.5,78.3
2026-01-05 10:00:00,-4.48,24.0,8.98,0.15,80,52.01,77.16,83.07,29.37,358559.46,4.4,41.69,15.38,32.47,86.3
2026-01-05 11:00:00,-4.08,24.0,8.03,0.15,80,53.78,78.44,85.77,17.43,358543.47,2.61,43.84,16.0,33.72,81.5
2026-01-05 12:00:00,-3.66,24.0,7.98,0.15,80,51.11,79.96,86.69,16.96,358528.04,2.54,41.84,15.42,34.16,79.9
2026-01-05 13:00:00,-3.5,24.0,8.81,0.15,80,53.1,79.25,85.77,26.94,358512.42,4.04,42.55,15.63,33.72,83.2
2026-01-05 14:00:00,-4.52,24.0,8.53,0.15,80,50.3,77.41,83.07,23.24,358497.19,3.49,41.16,15.23,32.47,84.3
2026-01-05 15:00:00,-4.45,24.0,8.37,0.15,80,51.03,73.9,78.76,21.29,358481.44,3.19,42.97,15.75,30.5,85.5
2026-01-05 16:00:00,-4.39,24.0,6.78,0.15,80,50.87,69.6,73.14,7.41,358464.76,1.11,46.23,16.68,28.0,79.6
2026-01-05 17:00:00,-2.96,24.0,6.99,0.15,80,49.46,61.52,66.55,8.69,358448.97,1.3,43.12,15.79,25.16,78.0
2026-01-05 18:00:00,-3.21,24.0,8.54,0.15,80,46.99,54.49,59.45,23.37,358434.49,3.51,38.53,14.48,22.18,78.7
2026-01-05 19:00:00,-3.22,24.0,10.71,0.15,80,54.21,44.17,50.44,62.92,358420.02,9.44,38.5,14.47,19.26,83.2
2026-01-05 20:00:00,-3.46,24.0,9.84,0.15,80,50.58,38.01,45.59,43.81,358406.14,6.57,36.42,13.88,16.59,77.1
2026-01-05 21:00:00,-4.41,24.0,9.24,0.15,80,49.32,27.97,39.79,33.39,358393.38,5.01,32.49,12.76,14.32,86.4
2026-01-05 22:00:00,-3.96,24.0,9.86,0.15,80,48.74,20.59,35.31,44.34,358382.08,6.65,27.37,11.3,12.6,76.8
2026-01-05 23:00:00,-3.73,24.0,12.0,0.15,80,50.96,29.45,29.23,99.98,358368.27,15.0,36.18,13.81,11.52,74.4
2026-01-06 00:00:00,-3.37,24.0,10.25,0.15,80,51.53,25.34,30.84,52.24,358353.89,7.84,38.19,14.38,11.05,83.2
2026-01-06 01:00:00,-4.07,24.0,9.6,0.15,80,53.38,25.53,32.2,39.35,358338.75,5.9,40.81,15.13,11.42,80.6
2026-01-06 02:00:00,-3.31,24.0,10.57,0.15,80,50.24,28.49,34.03,59.59,358325.06,8.94,35.76,13.69,12.49,84.9
2026-01-06 03:00:00,-4.19,24.0,10.43,0.15,80,52.83,27.28,38.67,56.33,358312.16,8.45,32.99,12.9,14.22,79.4
2026-01-06 04:00:00,-3.78,24.0,8.49,0.15,80,51.6,35.55,45.33,22.76,358297.71,3.41,38.41,14.45,16.48,84.2
2026-01-06 05:00:00,-2.34,24.0,9.02,0.15,80,48.39,41.83,52.04,29.89,358284.61,4.48,33.69,13.1,19.16,88.3
2026-01-06 06:00:00,-2.77,24.0,7.82,0.15,80,48.55,51.33,59.2,15.33,358270.17,2.3,38.39,14.44,22.07,79.8
2026-01-06 07:00:00,-2.9,24.0,8.1,0.15,80,49.55,59.04,66.31,18.2,358255.4,2.73,39.55,14.77,25.05,85.4
2026-01-06 08:00:00,-2.57,24.0,8.37,0.15,80,48.74,64.34,72.9,21.24,358241.35,3.19,36.99,14.04,27.9,92.0
2026-01-06 09:00:00,-2.6,24.0,10.23,0.15,80,49.02,72.13,77.63,51.81,358227.67,7.77,35.74,13.69,30.4,86.9
2026-01-06 10:00:00,-3.25,24.0,9.66,0.15,80,51.03,69.2,82.84,40.48,358215.24,6.07,31.32,12.43,32.36,78.6
2026-01-06 11:00:00,-2.93,24.0,8.62,0.15,80,53.11,81.14,85.54,24.35,358198.9,3.65,45.05,16.34,33.62,84.5
2026-01-06 12:00:00,-3.33,24.0,7.7,0.15,80,47.96,75.86,86.46,14.27,358185.36,2.14,35.22,13.54,34.05,76.0
2026-01-06 13:00:00,-2.85,24.0,9.74,0.15,80,49.62,78.64,85.54,41.94,358171.48,6.29,36.43,13.88,33.62,77.1
2026-01-06 14:00:00,-3.27,24.0,8.27,0.15,80,50.84,76.41,82.84,20.04,358156.18,3.01,41.41,15.3,32.36,90.0
2026-01-06 15:00:00,-2.26,24.0,8.13,0.15,80,47.69,70.08,78.53,18.53,358142.29,2.78,36.46,13.89,30.4,85.3
2026-01-06 16:00:00,-2.75,24.0,7.18,0.15,80,51.63,67.3,72.9,10.05,358126.1,1.51,44.53,16.19,27.9,90.6
2026-01-06 17:00:00,-3.02,24.0,8.73,0.15,80,48.61,56.96,66.31,25.8,358112.51,3.87,35.39,13.59,25.05,84.9
2026-01-06 18:00:00,-2.66,24.0,8.63,0.15,80,50.61,50.25,59.2,24.45,358098.18,3.67,37.99,14.33,22.07,80.3
2026-01-06 19:00:00,-3.6,24.0,8.13,0.15,80,53.35,42.85,52.04,18.56,358082.89,2.78,41.38,15.29,19.16,82.5
2026-01-06 20:00:00,-3.68,24.0,7.82,0.15,80,51.58,37.23,45.33,15.32,358067.65,2.3,41.18,15.24,16.48,83.6
2026-01-06 21:00:00,-3.13,24.0,9.65,0.15,80,49.47,28.25,39.52,40.4,358054.99,6.06,32.13,12.66,14.22,93.7
2026-01-06 22:00:00,-4.35,24.0,9.57,0.15,80,52.81,25.31,35.03,38.86,358040.88,5.83,37.25,14.12,12.49,85.2
2026-01-06 23:00:00,-4.46,24.0,10.16,0.15,80,51.04,27.51,31.94,50.39,358026.25,7.56,39.05,14.63,11.42,77.9
2026-01-07 00:00:00,-4.42,24.0,11.69,0.15,80,50.29,25.86,28.32,89.95,358012.96,13.49,34.35,13.29,10.94,80.7
2026-01-07 01:00:00,-4.09,24.0,12.82,0.15,80,52.14,31.95,27.4,100.0,357997.58,15.0,41.69,15.38,11.3,84.3
2026-01-07 02:00:00,-4.92,24.0,11.05,0.15,80,54.27,23.0,32.91,71.61,357984.49,10.74,33.62,13.08,12.38,75.9
2026-01-07 03:00:00,-5.72,24.0,13.0,0.15,80,54.07,25.33,33.34,100.0,357972.14,15.0,31.06,12.35,14.11,80.6
2026-01-07 04:00:00,-5.32,24.0,9.78,0.15,80,54.48,41.52,45.05,42.76,357955.95,6.41,44.54,16.19,16.37,80.0
2026-01-07 05:00:00,-5.0,24.0,9.05,0.15,80,57.83,44.29,51.77,30.3,357939.39,4.55,45.8,16.55,19.05,83.7
2026-01-07 06:00:00,-4.65,24.0,10.88,0.15,80,54.89,55.81,56.34,67.09,357923.27,10.06,44.29,16.12,21.96,81.0
2026-01-07 07:00:00,-4.19,24.0,9.48,0.15,80,50.25,57.15,66.05,37.24,357909.57,5.59,35.77,13.7,24.94,74.9
2026-01-07 08:00:00,-4.32,24.0,8.47,0.15,80,52.1,64.54,72.64,22.42,357894.49,3.36,40.63,15.08,27.78,81.5
2026-01-07 09:00:00,-3.87,24.0,7.85,0.15,80,51.67,71.37,78.28,15.67,357878.91,2.35,42.41,15.59,30.29,85.9
2026-01-07 10:00:00,-3.39,24.0,8.5,0.15,80,48.41,74.79,82.59,22.8,357864.81,3.42,37.18,14.1,32.25,89.7
2026-01-07 11:00:00,-3.54,24.0,8.34,0.15,80,51.84,76.95,85.3,20.88,357849.81,3.13,40.37,15.0,33.5,87.2
2026-01-07 12:00:00,-2.16,24.0,9.33,0.15,80,46.69,73.25,86.22,34.72,357838.18,5.21,28.51,11.63,33.94,75.4
2026-01-07 13:00:00,-1.69,24.0,11.07,0.15,80,49.1,76.84,80.73,72.11,357824.88,10.82,34.39,13.3,33.5,77.0
2026-01-07 14:00:00,-2.29,24.0,11.05,0.15,80,52.81,75.81,78.28,71.44,357810.09,10.72,39.63,14.79,32.25,78.0
2026-01-07 15:00:00,-1.84,24.0,9.33,0.15,80,47.57,69.96,78.28,34.87,357796.89,5.23,34.02,13.2,30.29,91.1
2026-01-07 16:00:00,-2.45,24.0,11.48,0.15,80,49.75,68.94,67.26,83.73,357782.31,12.56,38.88,14.58,27.78,85.6
2026-01-07 17:00:00,-2.05,24.0,9.87,0.15,80,48.82,63.12,66.05,44.49,357767.63,6.67,39.22,14.68,24.94,96.7
2026-01-07 18:00:00,-1.5,24.0,8.27,0.15,80,45.27,52.47,58.93,20.11,357753.93,3.02,35.79,13.7,21.96,90.3
2026-01-07 19:00:00,-2.21,24.0,6.85,0.15,80,46.8,41.32,51.77,7.81,357740.4,1.17,35.18,13.53,19.05,83.8
2026-01-07 20:00:00,-1.86,24.0,7.6,0.15,80,48.68,36.86,45.05,13.33,357725.93,2.0,38.5,14.47,16.37,81.3
2026-01-07 21:00:00,-1.88,24.0,6.49,0.15,80,48.2,30.68,39.23,5.81,357711.38,0.87,38.78,14.55,14.11,85.5
2026-01-07 22:00:00,-1.65,24.0,5.81,0.15,80,47.27,26.01,34.74,3.03,357697.02,0.45,38.09,14.36,12.38,88.0
2026-01-07 23:00:00,-0.77,24.0,5.94,0.252,80,48.24,22.7,31.9,3.49,357682.65,0.88,38.16,14.38,11.3,90.5
2026-01-08 00:00:00,-1.09,24.0,5.97,0.2184,80,47.72,27.12,30.61,3.61,357666.77,0.79,43.45,15.88,10.82,82.7
2026-01-08 01:00:00,-1.74,24.0,7.13,0.1725,80,52.54,26.14,31.58,9.64,357650.32,1.66,45.43,16.45,11.18,94.7
2026-01-08 02:00:00,-2.39,24.0,8.93,0.15,80,46.66,24.43,34.42,28.61,357637.59,4.29,32.38,12.73,12.26,83.0
2026-01-08 03:00:00,-2.92,24.0,9.92,0.15,80,48.65,29.57,38.92,45.36,357624.83,6.8,32.49,12.76,13.99,88.7
2026-01-08 04:00:00,-2.93,24.0,8.74,0.15,80,52.74,32.94,44.74,25.99,357610.77,3.9,37.04,14.06,16.25,84.5
2026-01-08 05:00:00,-2.62,24.0,7.84,0.15,80,52.77,37.76,51.47,15.59,357596.81,2.34,36.71,13.96,18.93,81.3
2026-01-08 06:00:00,-2.28,24.0,10.97,0.15,80,46.65,47.15,55.79,69.54,357585.45,10.43,27.58,11.36,21.85,73.5
2026-01-08 07:00:00,-1.57,24.0,8.12,0.15,80,46.58,60.87,65.77,18.46,357570.86,2.77,38.91,14.59,24.83,77.6
2026-01-08 08:00:00,-1.32,24.0,10.08,0.15,80,46.65,65.1,72.08,48.72,357558.14,7.31,32.37,12.72,27.67,89.9
2026-01-08 09:00:00,-0.18,24.0,8.63,0.252,80,48.38,72.23,78.02,24.45,357544.26,6.16,36.43,13.88,30.17,88.6
2026-01-08 10:00:00,-0.09,24.0,11.19,0.354,80,44.84,77.28,77.45,75.25,357535.62,26.64,18.03,8.64,32.13,87.9
2026-01-08 11:00:00,1.79,24.0,9.93,0.456,80,44.63,78.23,85.04,45.68,357527.28,20.83,16.98,8.34,33.39,94.1
2026-01-08 12:00:00,2.34,24.0,9.37,0.558,80,44.42,76.07,85.96,35.45,357519.58,19.78,14.74,7.7,33.82,81.9
2026-01-08 13:00:00,1.94,24.0,9.97,0.66,80,45.24,78.42,85.04,46.49,357513.82,30.69,7.93,5.76,33.39,84.1
2026-01-08 14:00:00,1.35,24.0,9.92,0.762,80,45.76,73.62,82.33,45.45,357509.63,34.64,2.4,4.19,32.13,84.0
2026-01-08 15:00:00,1.65,24.0,8.94,0.864,80,49.13,70.0,78.02,28.79,357501.5,24.87,16.24,8.13,30.17,79.5
2026-01-08 16:00:00,1.44,24.0,9.06,0.966,80,48.22,69.15,72.37,30.53,357493.58,29.49,15.51,7.92,27.67,82.1
2026-01-08 17:00:00,1.74,24.0,9.86,1.0,80,42.62,61.8,65.77,44.26,357490.08,44.26,0.0,3.5,24.83,80.9
2026-01-08 18:00:00,1.82,24.0,7.68,1.0,80,44.59,50.48,58.65,14.09,357480.22,14.09,22.33,9.86,21.85,78.5
2026-01-08 19:00:00,1.52,24.0,5.82,1.0,80,45.04,40.96,51.47,3.08,357467.75,3.08,31.46,12.46,18.93,81.7
2026-01-08 20:00:00,0.71,24.0,6.49,1.0,80,44.02,39.86,44.74,5.85,357454.77,5.85,33.29,12.99,16.25,85.2
2026-01-08 21:00:00,-0.51,24.0,5.78,1.0,80,47.99,28.97,38.92,2.95,357441.27,2.95,35.09,13.5,13.99,93.6
2026-01-08 22:00:00,-1.07,24.0,7.23,0.9611,80,49.62,22.19,34.42,10.35,357429.95,9.95,27.44,11.32,12.26,79.1
2026-01-08 23:00:00,-0.82,24.0,6.64,1.0,80,45.21,23.53,31.58,6.63,357417.75,6.63,30.52,12.2,11.18,89.8
2026-01-09 00:00:00,-0.87,24.0,7.0,1.0,80,46.38,19.24,30.27,8.75,357406.67,8.75,26.6,11.08,10.69,85.5
2026-01-09 01:00:00,-1.81,24.0,6.41,0.9626,80,49.78,16.93,31.25,5.46,357394.56,5.26,30.2,12.11,11.06,85.8
2026-01-09 02:00:00,-1.82,24.0,7.24,0.9211,80,50.18,28.4,34.09,10.42,357381.11,9.6,34.89,13.44,12.14,84.4
2026-01-09 03:00:00,-1.64,24.0,6.24,0.8895,80,46.43,26.37,38.6,4.65,357369.05,4.14,30.07,12.07,13.86,74.5
2026-01-09 04:00:00,-2.15,24.0,4.93,0.8633,80,49.39,31.96,44.43,0.99,357355.27,0.85,36.07,13.78,16.13,78.1
2026-01-09 05:00:00,-1.96,24.0,4.23,0.8384,80,46.52,41.63,51.17,0.25,357341.29,0.21,36.77,13.98,18.8,86.4
2026-01-09 06:00:00,-1.77,24.0,8.16,0.7919,80,50.07,50.63,58.35,18.83,357329.97,14.91,27.44,11.32,21.72,83.9
2026-01-09 07:00:00,-2.25,24.0,7.02,0.7561,80,46.89,58.21,65.48,8.89,357317.09,6.72,32.9,12.88,24.7,75.1
2026-01-09 08:00:00,-1.78,24.0,8.3,0.7095,80,48.01,63.28,72.09,20.4,357306.54,14.47,24.73,10.55,27.54,82.6
2026-01-09 09:00:00,-1.17,24.0,6.74,0.6696,80,45.78,70.85,77.74,7.18,357293.33,4.8,34.08,13.21,30.04,87.1
2026-01-09 10:00:00,-0.26,24.0,5.85,0.7716,80,43.23,74.06,82.06,3.16,357280.48,2.44,32.8,12.85,32.0,78.5
2026-01-09 11:00:00,0.62,24.0,6.69,0.8736,80,43.74,82.27,84.77,6.88,357266.94,6.01,35.23,13.54,33.26,83.5
2026-01-09 12:00:00,-0.02,24.0,7.14,0.9756,80,44.28,76.9,85.7,9.71,357256.03,9.47,26.01,10.91,33.69,92.6
2026-01-09 13:00:00,-0.44,24.0,10.19,1.0,80,48.42,77.06,83.96,51.01,357252.53,51.01,0.0,3.5,33.26,87.6
2026-01-09 14:00:00,-0.03,24.0,12.26,1.0,80,44.0,72.04,72.77,100.0,357249.03,100.0,0.0,3.5,32.0,92.9
2026-01-09 15:00:00,0.31,24.0,12.39,1.0,80,45.16,72.91,68.45,100.0,357245.53,100.0,0.0,3.5,30.04,83.4
2026-01-09 16:00:00,0.57,24.0,11.7,1.0,80,43.52,71.0,65.95,90.4,357242.03,90.4,0.0,3.5,27.54,90.8
2026-01-09 17:00:00,2.5,24.0,10.68,1.0,80,47.03,59.71,63.24,62.24,357238.53,62.24,0.0,3.5,24.7,81.7
2026-01-09 18:00:00,2.5,24.0,9.62,1.0,80,47.32,49.75,58.35,39.8,357235.03,39.8,0.0,3.5,21.72,91.0
2026-01-09 19:00:00,2.5,24.0,11.89,1.0,80,46.73,43.87,46.33,96.44,357231.53,96.44,0.0,3.5,18.8,83.3
2026-01-09 20:00:00,2.5,24.0,11.35,1.0,80,44.22,37.04,41.43,79.82,357228.03,79.82,0.0,3.5,16.13,89.2
2026-01-09 21:00:00,2.5,24.0,10.87,1.0,80,43.54,37.68,36.92,66.89,357224.53,66.89,0.0,3.5,13.86,89.4
2026-01-09 22:00:00,2.5,24.0,9.31,1.0,80,42.97,25.09,34.09,34.53,357221.03,34.53,0.0,3.5,12.14,90.3
2026-01-09 23:00:00,2.5,24.0,7.33,1.0,80,46.69,23.74,31.25,11.11,357209.52,11.11,28.08,11.5,11.06,81.8
2026-01-10 00:00:00,2.49,24.0,10.22,1.0,80,43.99,20.94,29.58,51.71,357206.02,51.71,0.0,3.5,10.56,88.4
2026-01-10 01:00:00,2.1,24.0,9.15,1.0,80,46.87,23.77,30.89,31.83,357200.27,31.83,7.91,5.76,10.93,86.7
2026-01-10 02:00:00,1.64,24.0,8.82,1.0,80,43.12,24.18,33.75,26.98,357194.9,26.98,6.57,5.37,12.0,92.5
2026-01-10 03:00:00,1.59,24.0,7.36,1.0,80,44.54,30.56,38.26,11.36,357184.14,11.36,25.48,10.76,13.73,83.0
2026-01-10 04:00:00,2.5,24.0,9.22,1.0,80,44.0,34.71,44.09,33.06,357180.19,33.06,1.55,3.94,16.0,80.3
2026-01-10 05:00:00,1.85,24.0,7.11,1.0,80,43.43,40.17,50.84,9.5,357170.06,9.5,23.26,10.13,18.67,78.2
2026-01-10 06:00:00,2.37,24.0,9.02,1.0,80,41.16,48.37,58.03,29.99,357166.13,29.99,1.51,3.93,21.59,85.3
2026-01-10 07:00:00,1.54,24.0,7.63,1.0,80,42.09,58.64,65.17,13.58,357156.37,13.58,21.97,9.76,24.57,84.0
2026-01-10 08:00:00,1.45,24.0,9.78,1.0,80,47.48,68.27,71.79,42.82,357152.55,42.82,1.14,3.83,27.41,84.6
2026-01-10 09:00:00,2.33,24.0,10.37,1.0,80,43.16,71.51,76.01,54.94,357149.05,54.94,0.0,3.5,29.91,85.3
2026-01-10 10:00:00,2.5,24.0,8.69,1.0,80,46.47,76.19,81.77,25.31,357141.11,25.31,15.58,7.94,31.87,93.8
2026-01-10 11:00:00,2.13,24.0,8.93,1.0,80,45.03,77.22,84.49,28.54,357134.98,28.54,9.23,6.13,33.13,85.9
2026-01-10 12:00:00,1.86,24.0,8.21,1.0,80,44.24,79.19,85.41,19.44,357126.18,19.44,18.58,8.79,33.56,92.1
2026-01-10 13:00:00,2.4,24.0,7.21,1.0,80,44.07,76.12,84.49,10.22,357115.42,10.22,25.48,10.76,33.13,88.7
2026-01-10 14:00:00,2.02,24.0,9.27,1.0,80,44.82,72.2,81.77,33.8,357111.5,33.8,1.45,3.91,31.87,81.9
2026-01-10 15:00:00,2.15,24.0,8.77,1.0,80,46.47,68.45,77.45,26.36,357104.84,26.36,11.11,6.67,29.91,86.7
2026-01-10 16:00:00,2.1,24.0,8.4,1.0,80,42.3,63.33,71.79,21.58,357097.84,21.58,12.26,7.0,27.41,94.3
2026-01-10 17:00:00,1.56,24.0,7.31,1.0,80,44.86,63.7,65.17,10.95,357085.1,10.95,32.43,12.74,24.57,91.2
2026-01-10 18:00:00,2.5,24.0,7.3,1.0,80,45.85,54.48,58.03,10.9,357072.65,10.9,31.4,12.45,21.59,92.9
2026-01-10 19:00:00,2.5,24.0,9.43,1.0,80,46.64,41.95,50.84,36.42,357068.77,36.42,1.33,3.88,18.67,89.4
2026-01-10 20:00:00,1.23,24.0,8.75,1.0,80,47.22,36.02,44.09,26.03,357061.53,26.03,13.12,7.24,16.0,83.5
2026-01-10 21:00:00,1.03,24.0,11.34,1.0,80,44.6,31.01,35.69,79.62,357058.03,79.62,0.0,3.5,13.73,94.0
2026-01-10 22:00:00,0.32,24.0,13.11,1.0,80,41.92,23.67,28.5,100.0,357054.53,100.0,0.0,3.5,12.0,88.0
2026-01-10 23:00:00,0.55,24.0,10.56,1.0,80,45.89,24.3,30.02,59.38,357051.03,59.38,0.0,3.5,10.93,90.1
2026-01-11 00:00:00,-0.15,24.0,8.88,1.0,80,44.97,21.45,29.55,27.93,357044.99,27.93,8.94,6.05,10.42,85.4
2026-01-11 01:00:00,-0.42,24.0,10.49,1.0,80,48.3,21.95,29.77,57.67,357041.49,57.67,0.0,3.5,10.79,79.5
2026-01-11 02:00:00,-0.25,24.0,9.61,1.0,80,45.82,27.36,33.38,39.57,357037.92,39.57,0.23,3.57,11.87,86.8
2026-01-11 03:00:00,0.21,24.0,7.07,1.0,80,47.67,29.01,37.9,9.26,357026.01,9.26,29.52,11.91,13.59,93.6
2026-01-11 04:00:00,-0.53,24.0,6.75,1.0,80,44.66,35.51,43.74,7.25,357014.19,7.25,29.17,11.81,15.86,88.6
2026-01-11 05:00:00,-0.65,24.0,7.66,1.0,80,48.69,46.55,50.5,13.87,357001.9,13.87,30.87,12.3,18.54,87.3
2026-01-11 06:00:00,-0.8,24.0,9.21,1.0,80,46.59,50.16,57.7,32.83,356996.62,32.83,6.22,5.27,21.46,80.1
2026-01-11 07:00:00,-1.0,24.0,7.73,0.9517,80,47.47,61.95,64.85,14.49,356984.35,13.79,30.78,12.27,24.43,91.9
2026-01-11 08:00:00,0.3,24.0,6.56,1.0,80,41.22,63.52,71.47,6.2,356973.13,6.2,27.07,11.22,27.28,92.0
2026-01-11 09:00:00,0.79,24.0,9.37,1.0,80,47.44,69.72,77.14,35.51,356968.35,35.51,4.51,4.79,29.77,76.7
2026-01-11 10:00:00,0.26,24.0,10.18,1.0,80,44.6,72.61,80.74,50.79,356964.85,50.79,0.0,3.5,31.73,89.8
2026-01-11 11:00:00,1.05,24.0,10.08,1.0,80,46.09,74.81,83.86,48.61,356961.35,48.61,0.0,3.5,32.99,84.5
2026-01-11 12:00:00,2.5,24.0,10.77,1.0,80,44.28,83.34,81.82,64.44,356957.85,64.44,0.0,3.5,33.42,88.3
2026-01-11 13:00:00,2.5,24.0,9.93,1.0,80,47.54,73.37,84.19,45.69,356954.35,45.69,0.0,3.5,32.99,82.8
2026-01-11 14:00:00,2.38,24.0,10.62,1.0,80,45.5,72.69,78.96,60.59,356950.85,60.59,0.0,3.5,31.73,87.4
2026-01-11 15:00:00,2.08,24.0,9.62,1.0,80,45.32,64.83,77.14,39.88,356947.35,39.88,0.0,3.5,29.77,81.1
2026-01-11 16:00:00,2.5,24.0,8.47,1.0,80,49.17,64.43,71.47,22.44,356938.24,22.44,19.68,9.11,27.28,82.9
2026-01-11 17:00:00,2.19,24.0,9.43,1.0,80,39.52,59.26,64.85,36.45,356934.74,36.45,0.0,3.5,24.43,89.2
2026-01-11 18:00:00,2.25,24.0,8.94,1.0,80,44.1,53.99,57.7,28.75,356927.92,28.75,11.64,6.82,21.46,82.9
2026-01-11 19:00:00,2.45,24.0,12.21,1.0,80,44.66,41.63,44.92,100.0,356924.42,100.0,0.0,3.5,18.54,89.0
2026-01-11 20:00:00,1.59,24.0,10.69,1.0,80,43.18,31.93,42.24,62.29,356920.92,62.29,0.0,3.5,15.86,86.7
2026-01-11 21:00:00,1.24,24.0,12.32,1.0,80,45.73,27.3,33.51,100.0,356917.42,100.0,0.0,3.5,13.59,97.8
2026-01-11 22:00:00,-1.04,24.0,13.62,0.925,80,43.66,26.13,27.35,100.0,356913.92,92.5,0.0,3.5,11.87,81.0
2026-01-11 23:00:00,-1.92,24.0,11.31,0.862,80,45.12,26.84,28.52,78.76,356910.42,67.89,0.0,3.5,10.79,81.9
2026-01-12 00:00:00,-2.26,24.0,11.81,0.798,80,49.47,22.28,26.52,93.86,356906.92,74.9,0.0,3.5,10.27,79.7
2026-01-12 01:00:00,-3.18,24.0,10.69,0.7328,80,47.92,21.63,29.1,62.33,356903.42,45.67,0.0,3.5,10.64,89.8
2026-01-12 02:00:00,-2.29,24.0,12.27,0.6628,80,49.68,24.09,29.25,100.0,356899.92,66.28,0.0,3.5,11.72,83.8
2026-01-12 03:00:00,-3.19,24.0,11.07,0.6013,80,48.64,29.74,35.51,72.17,356896.42,43.39,0.0,3.5,13.45,81.8
2026-01-12 04:00:00,-3.42,24.0,11.36,0.5346,80,48.45,37.71,40.42,80.18,356892.1,42.86,2.87,4.32,15.72,86.3
2026-01-12 05:00:00,-3.22,24.0,10.48,0.4788,80,47.82,39.96,48.93,57.45,356885.37,27.51,11.33,6.73,18.39,78.2
2026-01-12 06:00:00,-2.17,24.0,9.02,0.4318,80,46.27,49.18,57.35,29.94,356874.7,12.93,25.17,10.67,21.31,76.7
2026-01-12 07:00:00,-2.82,24.0,7.87,0.3867,80,48.43,53.39,64.51,15.83,356862.31,6.12,31.19,12.39,24.29,84.3
2026-01-12 08:00:00,-1.85,24.0,7.84,0.3417,80,46.12,59.83,71.15,15.6,356850.41,5.33,29.48,11.9,27.13,84.4
2026-01-12 09:00:00,-1.58,24.0,9.11,0.292,80,47.17,67.65,76.82,31.29,356838.69,9.14,28.86,11.72,29.63,80.1
2026-01-12 10:00:00,-1.9,24.0,9.37,0.2376,80,43.85,71.82,81.15,35.45,356827.75,8.42,26.08,10.93,31.59,85.4
2026-01-12 11:00:00,-1.35,24.0,9.89,0.1749,80,45.24,75.74,83.87,44.9,356815.92,7.85,29.25,11.83,32.84,93.2
2026-01-12 12:00:00,-1.01,24.0,8.8,0.15,80,49.32,78.9,84.8,26.73,356801.19,4.01,39.41,14.73,33.27,86.5
2026-01-12 13:00:00,-1.2,24.0,8.7,0.15,80,44.1,76.93,83.87,25.42,356788.18,3.81,33.34,13.0,32.84,74.2
2026-01-12 14:00:00,-1.05,24.0,6.87,0.15,80,45.17,75.62,81.15,7.96,356773.73,1.19,38.44,14.45,31.59,91.3
2026-01-12 15:00:00,-1.24,24.0,8.75,0.15,80,49.64,73.68,76.82,26.12,356758.09,3.92,42.59,15.64,29.63,94.0
2026-01-12 16:00:00,-1.19,24.0,12.5,0.15,80,46.76,66.74,62.27,100.0,356744.27,15.0,36.23,13.83,27.13,86.8
2026-01-12 17:00:00,-0.89,24.0,11.09,0.252,80,42.59,59.1,61.01,72.54,356734.38,18.28,22.4,9.89,24.29,85.2
2026-01-12 18:00:00,-0.09,24.0,8.25,0.354,80,46.46,52.73,57.35,19.83,356720.96,7.02,34.81,13.42,21.31,77.2
2026-01-12 19:00:00,-1.07,24.0,7.2,0.3149,80,49.26,37.35,50.14,10.15,356707.97,3.2,33.28,12.98,18.39,79.9
2026-01-12 20:00:00,-0.03,24.0,8.19,0.4169,80,45.0,34.54,43.38,19.18,356696.45,7.99,28.17,11.53,15.72,83.4
2026-01-12 21:00:00,-1.5,24.0,8.74,0.3692,80,46.1,30.64,37.52,25.93,356684.5,9.58,29.64,11.95,13.45,80.2
2026-01-12 22:00:00,-1.87,24.0,9.92,0.3146,80,44.06,24.8,33.0,45.4,356674.85,14.28,21.58,9.65,11.72,81.1
2026-01-12 23:00:00,-1.76,24.0,8.71,0.2646,80,46.66,25.14,30.14,25.59,356661.4,6.77,34.9,13.45,10.64,84.3
2026-01-13 00:00:00,-1.79,24.0,9.77,0.2113,80,45.04,23.49,28.75,42.6,356649.13,9.0,30.77,12.27,10.12,80.2
2026-01-13 01:00:00,-2.34,24.0,10.18,0.15,80,48.62,26.17,29.47,50.69,356634.88,7.6,37.72,14.25,10.49,90.8
2026-01-13 02:00:00,-2.58,24.0,9.14,0.15,80,50.81,27.79,32.6,31.79,356619.63,4.77,41.24,15.25,11.57,83.4
2026-01-13 03:00:00,-2.91,24.0,9.17,0.15,80,47.33,22.3,37.13,32.26,356608.24,4.84,27.66,11.38,13.3,85.3
2026-01-13 04:00:00,-3.22,24.0,7.76,0.15,80,51.5,33.22,42.99,14.82,356593.48,2.22,39.51,14.76,15.57,85.1
2026-01-13 05:00:00,-2.6,24.0,7.86,0.15,80,45.17,36.85,49.77,15.77,356581.46,2.37,29.88,12.02,18.24,85.0
2026-01-13 06:00:00,-2.21,24.0,9.91,0.15,80,47.88,39.35,56.99,45.2,356571.28,6.78,23.47,10.19,21.16,83.6
2026-01-13 07:00:00,-2.41,24.0,9.29,0.15,80,44.32,61.35,64.16,34.08,356557.4,5.11,36.4,13.87,24.14,88.2
2026-01-13 08:00:00,-1.61,24.0,10.62,0.15,80,47.9,68.38,68.61,60.64,356542.91,9.1,38.57,14.49,26.98,89.8
2026-01-13 09:00:00,-1.16,24.0,10.39,0.15,80,49.27,69.45,74.99,55.37,356529.31,8.31,35.43,13.6,29.48,73.8
2026-01-13 10:00:00,-0.4,24.0,8.82,0.252,80,44.66,72.71,80.82,27.01,356517.34,6.81,29.74,11.98,31.44,77.5
2026-01-13 11:00:00,0.22,24.0,9.07,0.354,80,45.36,76.66,83.54,30.69,356505.97,10.86,27.6,11.37,32.69,82.5
2026-01-13 12:00:00,-0.08,24.0,8.98,0.456,80,44.01,86.4,84.47,29.35,356493.19,13.39,32.56,12.78,33.12,79.4
2026-01-13 13:00:00,-0.26,24.0,8.55,0.558,80,46.18,74.05,83.54,23.43,356482.96,13.08,23.61,10.23,32.69,81.1
2026-01-13 14:00:00,0.29,24.0,7.19,0.66,80,46.78,70.74,80.82,10.11,356470.9,6.67,30.03,12.06,31.44,83.0
2026-01-13 15:00:00,0.68,24.0,7.33,0.762,80,44.97,72.77,76.48,11.15,356458.07,8.5,32.76,12.84,29.48,84.2
2026-01-13 16:00:00,0.62,24.0,6.08,0.864,80,43.83,67.96,70.8,4.0,356443.87,3.46,37.53,14.2,26.98,78.0
2026-01-13 17:00:00,0.57,24.0,5.33,0.966,80,45.63,60.75,64.16,1.73,356428.81,1.67,40.56,15.06,24.14,83.4
2026-01-13 18:00:00,1.15,24.0,6.0,1.0,80,48.99,51.46,56.99,3.69,356413.98,3.69,39.78,14.84,21.16,93.0
2026-01-13 19:00:00,0.55,24.0,6.1,1.0,80,45.69,41.98,49.77,4.07,356400.83,4.07,33.84,13.14,18.24,84.2
2026-01-13 20:00:00,0.6,24.0,9.08,1.0,80,42.2,30.71,42.99,30.85,356397.33,30.85,0.0,3.5,15.57,88.4
2026-01-13 21:00:00,0.18,24.0,8.54,1.0,80,49.16,34.18,37.13,23.35,356387.31,23.35,22.87,10.02,13.3,84.8
2026-01-13 22:00:00,-0.25,24.0,9.62,1.0,80,43.59,30.92,32.6,39.8,356383.21,39.8,2.11,4.1,11.57,85.4
2026-01-13 23:00:00,0.14,24.0,9.46,1.0,80,43.28,22.86,29.73,36.97,356379.71,36.97,0.0,3.5,10.49,84.5
2026-01-14 00:00:00,0.4,24.0,10.02,1.0,80,47.22,28.19,28.29,47.52,356376.21,47.52,0.0,3.5,9.96,89.0
2026-01-14 01:00:00,0.69,24.0,8.81,1.0,80,44.08,25.26,29.31,26.93,356368.98,26.93,13.1,7.23,10.33,81.4
2026-01-14 02:00:00,1.32,24.0,11.24,1.0,80,46.09,19.72,30.19,76.64,356365.48,76.64,0.0,3.5,11.41,86.8
2026-01-14 03:00:00,1.24,24.0,10.61,1.0,80,45.94,23.47,35.59,60.53,356361.98,60.53,0.0,3.5,13.14,83.0
2026-01-14 04:00:00,1.63,24.0,11.51,1.0,80,45.97,37.38,39.37,84.58,356358.48,84.58,0.0,3.5,15.41,89.6
2026-01-14 05:00:00,1.49,24.0,10.24,1.0,80,48.18,46.67,48.78,52.09,356354.98,52.09,0.0,3.5,18.09,80.6
2026-01-14 06:00:00,1.79,24.0,8.31,1.0,80,44.41,52.19,56.61,20.5,356345.92,20.5,19.5,9.06,21.01,89.6
2026-01-14 07:00:00,1.87,24.0,9.07,1.0,80,45.07,60.25,63.79,30.66,356339.32,30.66,10.87,6.6,23.99,87.4
2026-01-14 08:00:00,2.12,24.0,6.76,1.0,80,42.98,63.36,70.44,7.27,356327.66,7.27,28.64,11.66,26.83,80.3
2026-01-14 09:00:00,2.5,24.0,7.22,1.0,80,46.64,67.6,76.13,10.32,356316.24,10.32,27.8,11.42,29.32,95.6
2026-01-14 10:00:00,2.41,24.0,6.56,1.0,80,45.45,77.09,80.47,6.17,356302.51,6.17,35.89,13.73,31.28,89.6
2026-01-14 11:00:00,2.5,24.0,7.63,1.0,80,47.77,77.33,83.2,13.63,356290.96,13.63,28.26,11.55,32.53,81.4
2026-01-14 12:00:00,2.5,24.0,11.2,1.0,80,45.81,77.65,79.07,75.71,356287.46,75.71,0.0,3.5,32.96,87.7
2026-01-14 13:00:00,2.5,24.0,10.36,1.0,80,48.81,80.95,81.7,54.69,356283.96,54.69,0.0,3.5,32.53,78.7
2026-01-14 14:00:00,2.5,24.0,11.24,1.0,80,44.72,79.86,75.47,76.88,356280.46,76.88,0.0,3.5,31.28,78.3
2026-01-14 15:00:00,2.5,24.0,10.54,1.0,80,45.52,72.72,74.07,58.82,356276.96,58.82,0.0,3.5,29.32,92.9
2026-01-14 16:00:00,2.5,24.0,10.0,1.0,80,45.15,63.21,70.44,46.97,356273.46,46.97,0.0,3.5,26.83,80.9
2026-01-14 17:00:00,2.5,24.0,11.93,1.0,80,43.47,59.64,57.64,97.57,356269.96,97.57,0.0,3.5,23.99,90.8
2026-01-14 18:00:00,2.5,24.0,12.88,1.0,80,40.69,49.85,48.44,100.0,356266.46,100.0,0.0,3.5,21.01,92.7
2026-01-14 19:00:00,2.5,24.0,12.87,1.0,80,45.49,42.4,42.3,100.0,356262.96,100.0,0.0,3.5,18.09,82.0
2026-01-14 20:00:00,2.5,24.0,10.97,1.0,80,41.48,31.49,40.52,69.5,356259.46,69.5,0.0,3.5,15.41,97.3
2026-01-14 21:00:00,2.36,24.0,10.48,1.0,80,46.02,32.25,35.84,57.36,356255.96,57.36,0.0,3.5,13.14,87.2
2026-01-14 22:00:00,2.5,24.0,9.0,1.0,80,47.54,23.6,32.18,29.68,356249.81,29.68,9.28,6.15,11.41,87.1
2026-01-14 23:00:00,2.21,24.0,8.72,1.0,80,44.87,29.05,29.31,25.65,356240.91,25.65,18.96,8.9,10.33,81.7
2026-01-15 00:00:00,1.44,24.0,8.65,1.0,80,45.84,23.47,27.88,24.79,356232.67,24.79,16.63,8.24,9.8,81.2
2026-01-15 01:00:00,1.02,24.0,10.11,1.0,80,45.91,22.68,28.7,49.39,356229.17,49.39,0.0,3.5,10.16,74.8
2026-01-15 02:00:00,1.12,24.0,11.64,1.0,80,47.09,22.89,29.13,88.61,356225.67,88.61,0.0,3.5,11.25,82.0
2026-01-15 03:00:00,0.69,24.0,10.51,1.0,80,44.78,26.39,35.37,57.99,356222.17,57.99,0.0,3.5,12.98,91.3
2026-01-15 04:00:00,0.18,24.0,7.92,1.0,80,42.34,35.63,42.17,16.34,356213.12,16.34,19.46,9.05,15.25,80.0
2026-01-15 05:00:00,0.39,24.0,9.8,1.0,80,41.15,42.53,48.97,43.07,356209.62,43.07,0.0,3.5,17.93,80.6
2026-01-15 06:00:00,0.66,24.0,8.32,1.0,80,44.24,53.42,56.21,20.68,356200.21,20.68,20.76,9.42,20.85,79.1
2026-01-15 07:00:00,0.53,24.0,8.87,1.0,80,41.41,57.05,63.4,27.77,356194.63,27.77,7.29,5.58,23.83,78.6
2026-01-15 08:00:00,0.46,24.0,6.83,1.0,80,45.08,66.7,70.07,7.71,356181.44,7.71,34.0,13.19,26.66,89.8
2026-01-15 09:00:00,0.84,24.0,7.02,1.0,80,45.55,74.6,75.76,8.88,356167.81,8.88,35.52,13.62,29.16,79.6
2026-01-15 10:00:00,0.2,24.0,11.03,1.0,80,43.84,78.93,75.98,71.07,356164.31,71.07,0.0,3.5,31.11,84.5
2026-01-15 11:00:00,-0.42,24.0,8.87,1.0,80,47.27,75.0,82.84,27.79,356157.5,27.79,11.64,6.82,32.36,82.9
2026-01-15 12:00:00,-0.64,24.0,8.56,1.0,80,46.35,76.97,83.77,23.54,356149.44,23.54,16.01,8.06,32.8,89.3
2026-01-15 13:00:00,-0.61,24.0,7.93,1.0,80,44.48,75.32,82.84,16.45,356140.09,16.45,20.5,9.34,32.36,80.4
2026-01-15 14:00:00,-0.31,24.0,10.17,1.0,80,44.49,72.2,79.43,50.59,356136.59,50.59,0.0,3.5,31.11,82.6
2026-01-15 15:00:00,0.61,24.0,11.46,1.0,80,47.97,72.98,70.22,83.1,356133.09,83.1,0.0,3.5,29.16,80.0
2026-01-15 16:00:00,1.08,24.0,9.76,1.0,80,41.26,62.63,70.07,42.33,356129.59,42.33,0.0,3.5,26.66,82.6
2026-01-15 17:00:00,0.85,24.0,7.86,1.0,80,44.47,65.85,63.4,15.74,356117.21,15.74,31.18,12.39,23.83,81.1
2026-01-15 18:00:00,0.65,24.0,8.56,1.0,80,45.44,51.71,56.21,23.6,356108.77,23.6,17.34,8.44,20.85,84.8
2026-01-15 19:00:00,-0.19,24.0,8.04,1.0,80,43.96,42.16,48.97,17.52,356099.67,17.52,19.63,9.09,17.93,92.9
2026-01-15 20:00:00,-0.47,24.0,8.87,1.0,80,44.14,41.02,42.17,27.73,356091.83,27.73,15.25,7.85,15.25,83.6
2026-01-15 21:00:00,-0.93,24.0,6.89,1.0,80,48.87,24.43,36.29,8.1,356080.09,8.1,28.91,11.74,12.98,90.2
2026-01-15 22:00:00,-1.01,24.0,6.07,0.9633,80,51.06,22.57,31.74,3.98,356065.74,3.84,38.05,14.34,11.25,89.0
2026-01-15 23:00:00,-1.78,24.0,7.53,0.9205,80,47.02,20.36,28.87,12.73,356054.61,11.72,26.79,11.14,10.16,83.5
2026-01-16 00:00:00,-1.69,24.0,6.85,0.8793,80,47.67,23.66,27.42,7.84,356040.56,6.9,37.01,14.05,9.62,88.5
2026-01-16 01:00:00,-0.94,24.0,9.0,0.9813,80,47.73,22.08,28.41,29.68,356033.56,29.12,12.27,7.0,9.99,85.5
2026-01-16 02:00:00,-1.13,24.0,7.19,0.9437,80,44.51,20.87,31.29,10.06,356023.05,9.49,24.6,10.51,11.07,77.0
2026-01-16 03:00:00,-0.94,24.0,6.62,1.0,80,46.62,24.7,35.85,6.51,356011.3,6.51,28.96,11.75,12.81,84.1
2026-01-16 04:00:00,-0.52,24.0,12.15,1.0,80,49.17,35.85,37.26,100.0,356007.8,100.0,0.0,3.5,15.08,85.6
2026-01-16 05:00:00,-0.68,24.0,10.93,1.0,80,51.3,44.48,46.3,68.32,356004.3,68.32,0.0,3.5,17.76,93.3
2026-01-16 06:00:00,-0.41,24.0,11.07,1.0,80,42.88,46.75,52.83,71.99,356000.8,71.99,0.0,3.5,20.68,80.0
2026-01-16 07:00:00,-0.21,24.0,9.26,1.0,80,43.36,58.66,63.0,33.7,355995.78,33.7,5.31,5.01,23.66,87.1
2026-01-16 08:00:00,0.08,24.0,9.5,1.0,80,44.05,64.76,69.68,37.63,355991.85,37.63,1.51,3.93,26.5,78.9
2026-01-16 09:00:00,-0.15,24.0,10.15,1.0,80,44.41,69.0,74.81,50.14,355988.35,50.14,0.0,3.5,28.99,92.6
2026-01-16 10:00:00,0.12,24.0,9.09,1.0,80,47.38,79.62,79.74,31.06,355980.24,31.06,16.2,8.12,30.94,91.2
2026-01-16 11:00:00,0.65,24.0,10.41,1.0,80,45.08,77.02,80.78,55.85,355976.74,55.85,0.0,3.5,32.19,79.5
2026-01-16 12:00:00,1.72,24.0,10.29,1.0,80,47.2,78.5,82.18,53.21,355973.24,53.21,0.0,3.5,32.62,95.0
2026-01-16 13:00:00,2.43,24.0,9.45,1.0,80,45.53,79.23,82.47,36.87,355968.19,36.87,5.42,5.05,32.19,92.2
2026-01-16 14:00:00,2.5,24.0,9.44,1.0,80,44.75,75.03,79.74,36.62,355963.71,36.62,3.43,4.48,30.94,93.2
2026-01-16 15:00:00,2.5,24.0,9.5,1.0,80,45.98,70.91,75.38,37.64,355959.11,37.64,3.87,4.6,28.99,94.7
2026-01-16 16:00:00,2.5,24.0,8.07,1.0,80,39.99,68.48,69.68,17.91,355949.66,17.91,20.88,9.45,26.5,92.5
2026-01-16 17:00:00,2.5,24.0,7.91,1.0,80,44.28,57.51,63.0,16.28,355939.74,16.28,22.51,9.91,23.66,85.2
2026-01-16 18:00:00,2.5,24.0,7.6,1.0,80,44.36,49.54,55.8,13.33,355929.19,13.33,24.76,10.56,20.68,94.4
2026-01-16 19:00:00,2.5,24.0,7.57,1.0,80,41.94,39.59,48.55,13.08,355920.02,13.08,19.9,9.17,17.76,82.4
2026-01-16 20:00:00,2.5,24.0,8.94,1.0,80,47.96,39.1,41.74,28.76,355911.8,28.76,16.55,8.22,15.08,83.0
2026-01-16 21:00:00,2.45,24.0,8.81,1.0,80,44.46,29.92,35.85,26.86,355904.97,26.86,11.67,6.83,12.81,84.6
2026-01-16 22:00:00,0.83,24.0,11.21,1.0,80,45.81,25.47,29.4,75.9,355901.47,75.9,0.0,3.5,11.07,87.3
2026-01-16 23:00:00,0.22,24.0,9.78,1.0,80,46.9,28.67,28.41,42.74,355896.71,42.74,4.43,4.76,9.99,80.6
2026-01-17 00:00:00,-0.5,24.0,9.18,1.0,80,43.94,19.93,26.94,32.32,355891.9,32.32,4.6,4.81,9.45,78.6
2026-01-17 01:00:00,-0.6,24.0,10.22,1.0,80,46.56,23.62,27.62,51.73,355888.4,51.73,0.0,3.5,9.81,80.0
2026-01-17 02:00:00,-0.53,24.0,9.95,1.0,80,42.22,20.19,30.82,46.01,355884.9,46.01,0.0,3.5,10.9,82.8
2026-01-17 03:00:00,0.54,24.0,9.75,1.0,80,46.2,23.9,35.39,42.25,355881.4,42.25,0.0,3.5,12.63,85.8
2026-01-17 04:00:00,1.1,24.0,7.69,1.0,80,43.78,38.11,41.29,14.12,355870.35,14.12,26.48,11.05,14.9,82.0
2026-01-17 05:00:00,0.8,24.0,7.62,1.0,80,44.38,47.52,48.11,13.56,355858.24,13.56,30.23,12.12,17.58,79.5
2026-01-17 06:00:00,0.38,24.0,7.14,1.0,80,47.47,49.52,55.37,9.71,355845.64,9.71,31.9,12.59,20.51,87.2
2026-01-17 07:00:00,0.85,24.0,12.93,1.0,80,49.0,57.9,53.42,100.0,355842.14,100.0,0.0,3.5,23.48,94.7
2026-01-17 08:00:00,0.27,24.0,11.06,1.0,80,43.42,64.68,65.6,71.82,355838.64,71.82,0.0,3.5,26.32,83.1
2026-01-17 09:00:00,1.61,24.0,12.22,1.0,80,43.13,76.03,66.66,100.0,355835.14,100.0,0.0,3.5,28.81,90.7
2026-01-17 10:00:00,2.5,24.0,11.87,1.0,80,46.52,73.03,71.91,95.85,355831.64,95.85,0.0,3.5,30.77,86.9
2026-01-17 11:00:00,2.46,24.0,10.42,1.0,80,46.41,82.18,80.37,55.98,355828.14,55.98,0.0,3.5,32.02,90.0
2026-01-17 12:00:00,1.59,24.0,10.08,1.0,80,42.38,78.14,82.7,48.61,355824.64,48.61,0.0,3.5,32.45,90.3
2026-01-17 13:00:00,2.5,24.0,11.19,1.0,80,44.95,75.73,77.21,75.31,355821.14,75.31,0.0,3.5,32.02,86.9
2026-01-17 14:00:00,2.5,24.0,12.3,1.0,80,44.95,75.59,70.22,100.0,355817.64,100.0,0.0,3.5,30.77,82.0
2026-01-17 15:00:00,2.5,24.0,10.05,1.0,80,44.91,76.64,74.78,48.14,355814.14,48.14,0.0,3.5,28.81,80.7
2026-01-17 16:00:00,2.22,24.0,9.11,1.0,80,46.45,66.49,69.27,31.33,355807.13,31.33,12.34,7.02,26.32,92.4
2026-01-17 17:00:00,1.71,24.0,8.43,1.0,80,48.34,58.53,62.59,21.91,355797.25,21.91,22.37,9.88,23.48,89.4
2026-01-17 18:00:00,1.51,24.0,6.66,1.0,80,44.49,52.37,55.37,6.71,355783.84,6.71,34.77,13.41,20.51,91.0
2026-01-17 19:00:00,1.29,24.0,7.59,1.0,80,48.95,41.75,48.11,13.28,355771.99,13.28,29.31,11.85,17.58,89.3
2026-01-17 20:00:00,0.73,24.0,9.51,1.0,80,44.73,31.35,41.29,37.88,355768.49,37.88,0.0,3.5,14.9,90.9
2026-01-17 21:00:00,0.8,24.0,8.87,1.0,80,48.6,27.9,35.39,27.74,355761.18,27.74,13.37,7.31,12.63,86.7
2026-01-17 22:00:00,-0.15,24.0,9.77,1.0,80,46.17,27.26,30.82,42.5,355757.65,42.5,0.1,3.53,10.9,77.3
2026-01-17 23:00:00,-0.51,24.0,9.93,1.0,80,48.18,25.18,27.93,45.58,355754.15,45.58,0.0,3.5,9.81,86.0
2026-01-18 00:00:00,-0.7,24.0,9.15,1.0,80,48.17,19.61,26.45,31.83,355747.94,31.83,9.49,6.2,9.26,93.4
2026-01-18 01:00:00,-0.58,24.0,7.72,1.0,80,44.12,26.13,27.44,14.39,355736.35,14.39,28.41,11.6,9.63,86.3
2026-01-18 02:00:00,-0.29,24.0,8.8,1.0,80,46.25,26.04,30.33,26.78,355728.52,26.78,15.17,7.82,10.71,78.6
2026-01-18 03:00:00,-1.03,24.0,10.37,0.938,80,44.59,28.37,34.26,55.0,355725.02,51.59,0.0,3.5,12.45,87.9
2026-01-18 04:00:00,-1.95,24.0,10.6,0.87,80,47.79,37.85,39.61,60.14,355721.52,52.32,0.0,3.5,14.72,94.4
2026-01-18 05:00:00,-1.08,24.0,7.99,0.8258,80,44.16,45.07,47.66,17.02,355710.18,14.06,27.52,11.34,17.4,81.4
2026-01-18 06:00:00,-0.73,24.0,7.2,0.9278,80,45.69,53.28,54.93,10.13,355696.81,9.4,34.64,13.37,20.33,86.1
2026-01-18 07:00:00,-0.99,24.0,5.96,1.0,80,46.67,53.74,62.16,3.56,355683.42,3.56,34.69,13.39,23.3,86.6
2026-01-18 08:00:00,0.18,24.0,6.99,1.0,80,43.12,67.92,68.85,8.72,355670.38,8.72,33.47,13.04,26.14,86.2
2026-01-18 09:00:00,0.49,24.0,8.51,1.0,80,45.0,70.09,74.57,22.89,355661.86,22.89,17.63,8.52,28.63,89.4
2026-01-18 10:00:00,1.45,24.0,7.12,1.0,80,46.77,75.79,78.94,9.58,355648.66,9.58,34.04,13.2,30.58,84.1
2026-01-18 11:00:00,1.7,24.0,9.06,1.0,80,42.85,74.37,81.69,30.53,355643.73,30.53,5.0,4.93,31.83,89.4
2026-01-18 12:00:00,2.5,24.0,9.15,1.0,80,46.96,80.76,82.62,31.91,355636.47,31.91,13.18,7.26,32.26,92.7
2026-01-18 13:00:00,2.5,24.0,9.74,1.0,80,47.03,80.39,81.69,42.01,355631.91,42.01,3.72,4.56,31.83,85.7
2026-01-18 14:00:00,2.5,24.0,12.47,1.0,80,42.9,74.49,69.21,100.0,355628.41,100.0,0.0,3.5,30.58,90.9
2026-01-18 15:00:00,2.5,24.0,9.81,1.0,80,39.25,65.88,74.57,43.28,355624.91,43.28,0.0,3.5,28.63,85.0
2026-01-18 16:00:00,2.5,24.0,11.47,1.0,80,47.4,67.6,63.78,83.47,355621.41,83.47,0.0,3.5,26.14,80.0
2026-01-18 17:00:00,2.5,24.0,9.31,1.0,80,44.46,59.6,62.16,34.5,355615.8,34.5,7.4,5.61,23.3,80.0
2026-01-18 18:00:00,2.5,24.0,8.77,1.0,80,45.0,44.88,54.93,26.29,355609.84,26.29,8.66,5.97,20.33,89.2
2026-01-18 19:00:00,2.5,24.0,10.33,1.0,80,49.45,42.31,46.88,53.94,355606.34,53.94,0.0,3.5,17.4,77.5
2026-01-18 20:00:00,2.5,24.0,11.89,1.0,80,45.93,37.05,36.96,96.48,355602.84,96.48,0.0,3.5,14.72,87.3
2026-01-18 21:00:00,2.5,24.0,11.0,1.0,80,46.02,21.27,33.17,70.2,355599.34,70.2,0.0,3.5,12.45,82.9
2026-01-18 22:00:00,2.5,24.0,10.68,1.0,80,44.98,24.7,29.31,62.07,355595.84,62.07,0.0,3.5,10.71,75.9
2026-01-18 23:00:00,1.16,24.0,10.91,1.0,80,44.58,24.4,26.19,67.92,355592.34,67.92,0.0,3.5,9.63,89.3
2026-01-19 00:00:00,0.7,24.0,11.73,1.0,80,44.86,24.02,23.69,91.38,355588.84,91.38,0.0,3.5,9.07,78.5
2026-01-19 01:00:00,0.92,24.0,9.48,1.0,80,44.67,22.9,26.93,37.26,355584.37,37.26,3.38,4.46,9.44,97.2
2026-01-19 02:00:00,1.67,24.0,10.57,1.0,80,41.29,24.83,28.98,59.49,355580.87,59.49,0.0,3.5,10.53,94.4
2026-01-19 03:00:00,1.62,24.0,9.97,1.0,80,42.8,27.22,34.42,46.36,355577.37,46.36,0.0,3.5,12.26,85.9
2026-01-19 04:00:00,2.5,24.0,9.43,1.0,80,44.87,33.65,40.34,36.45,355573.38,36.45,1.73,3.99,14.54,76.8
2026-01-19 05:00:00,1.77,24.0,8.95,1.0,80,49.48,43.61,47.19,28.96,355565.05,28.96,16.94,8.33,17.22,87.8
2026-01-19 06:00:00,0.84,24.0,8.91,1.0,80,41.95,58.18,54.48,28.31,355556.61,28.31,17.34,8.44,20.14,94.8
2026-01-19 07:00:00,0.98,24.0,11.35,1.0,80,43.86,58.71,57.54,79.94,355553.11,79.94,0.0,3.5,23.12,91.0
2026-01-19 08:00:00,1.42,24.0,10.76,1.0,80,43.84,63.93,65.81,64.14,355549.61,64.14,0.0,3.5,25.95,91.7
2026-01-19 09:00:00,1.62,24.0,12.81,1.0,80,46.52,70.58,63.73,100.0,355546.11,100.0,0.0,3.5,28.44,93.9
2026-01-19 10:00:00,0.59,24.0,10.5,1.0,80,45.21,74.52,76.57,57.82,355542.61,57.82,0.0,3.5,30.4,79.2
2026-01-19 11:00:00,0.77,24.0,10.86,1.0,80,43.59,75.2,77.8,66.49,355539.11,66.49,0.0,3.5,31.64,91.0
2026-01-19 12:00:00,0.17,24.0,11.57,1.0,80,47.54,76.01,75.77,86.25,355535.61,86.25,0.0,3.5,32.07,94.8
2026-01-19 13:00:00,0.72,24.0,11.42,1.0,80,42.82,74.63,75.5,81.91,355532.11,81.91,0.0,3.5,31.64,82.4
2026-01-19 14:00:00,1.03,24.0,11.03,1.0,80,43.88,73.08,74.49,70.95,355528.61,70.95,0.0,3.5,30.4,83.8
2026-01-19 15:00:00,0.47,24.0,10.59,1.0,80,42.55,71.19,71.96,59.96,355525.11,59.96,0.0,3.5,28.44,93.1
2026-01-19 16:00:00,0.11,24.0,11.7,1.0,80,47.18,65.72,62.61,90.23,355521.61,90.23,0.0,3.5,25.95,92.1
2026-01-19 17:00:00,-0.64,24.0,12.22,1.0,80,45.89,62.27,54.85,100.0,355518.11,100.0,0.0,3.5,23.12,80.2
2026-01-19 18:00:00,-0.85,24.0,9.83,1.0,80,44.75,44.36,54.48,43.72,355514.61,43.72,0.0,3.5,20.14,77.9
2026-01-19 19:00:00,-0.49,24.0,11.07,1.0,80,46.74,41.66,44.67,72.02,355511.11,72.02,0.0,3.5,17.22,84.1
2026-01-19 20:00:00,-1.34,24.0,10.09,0.9474,80,50.56,32.74,40.16,48.91,355507.61,46.34,0.0,3.5,14.54,76.6
2026-01-19 21:00:00,-1.31,24.0,8.84,0.8995,80,42.06,24.22,34.42,27.28,355502.02,24.54,7.32,5.59,12.26,79.7
2026-01-19 22:00:00,-1.91,24.0,10.51,0.8422,80,49.31,21.91,29.07,58.15,355498.52,48.97,0.0,3.5,10.53,80.2
2026-01-19 23:00:00,-2.64,24.0,9.76,0.7834,80,52.9,18.11,26.93,42.3,355491.9,33.13,10.95,6.62,9.44,88.6
2026-01-20 00:00:00,-2.95,24.0,10.76,0.7177,80,52.99,22.71,24.44,64.07,355486.9,45.99,5.27,5.0,8.87,89.8
2026-01-20 01:00:00,-3.73,24.0,9.35,0.6619,80,50.23,23.46,26.4,35.11,355476.55,23.24,24.05,10.35,9.24,87.8
2026-01-20 02:00:00,-4.15,24.0,6.88,0.6255,80,51.65,20.03,29.31,8.0,355462.4,5.0,37.36,14.15,10.33,77.8
2026-01-20 03:00:00,-4.89,24.0,7.38,0.5849,80,53.04,27.53,33.9,11.51,355447.52,6.73,39.93,14.88,12.06,80.9
2026-01-20 04:00:00,-3.63,24.0,6.26,0.5509,80,50.06,34.56,39.84,4.76,355432.0,2.62,42.16,15.51,14.34,80.0
2026-01-20 05:00:00,-3.49,24.0,7.97,0.5056,80,52.44,39.28,46.7,16.87,355418.11,8.53,36.49,13.9,17.03,83.4
2026-01-20 06:00:00,-3.73,24.0,7.41,0.4623,80,47.25,50.64,54.0,11.73,355403.64,5.42,38.47,14.46,19.95,86.0
2026-01-20 07:00:00,-3.37,24.0,7.58,0.4211,80,51.48,58.87,61.25,13.15,355387.73,5.54,43.57,15.92,22.93,80.1
2026-01-20 08:00:00,-3.16,24.0,6.33,0.3877,80,49.73,65.42,67.97,5.08,355371.34,1.97,45.22,16.39,25.76,77.6
2026-01-20 09:00:00,-3.0,24.0,6.27,0.349,80,51.88,73.32,73.7,4.8,355353.64,1.68,49.82,17.7,28.25,90.6
2026-01-20 10:00:00,-2.34,24.0,8.12,0.3001,80,51.07,77.92,78.09,18.41,355337.21,5.53,45.37,16.43,30.2,88.6
2026-01-20 11:00:00,-1.61,24.0,7.03,0.2592,80,47.74,80.45,80.84,8.98,355320.87,2.33,45.03,16.33,31.45,85.5
2026-01-20 12:00:00,-1.71,24.0,8.05,0.2163,80,46.28,75.41,81.78,17.65,355307.09,3.82,36.09,13.79,31.87,78.4
2026-01-20 13:00:00,-1.88,24.0,10.38,0.1543,80,50.19,76.62,79.3,55.2,355292.47,8.51,39.0,14.61,31.45,87.9
2026-01-20 14:00:00,-1.92,24.0,10.58,0.15,80,45.17,68.86,75.84,59.69,355280.64,8.95,29.25,11.84,30.2,82.7
2026-01-20 15:00:00,-3.26,24.0,11.36,0.15,80,47.73,73.03,68.69,80.2,355265.73,12.03,40.04,14.91,28.25,71.5
2026-01-20 16:00:00,-4.17,24.0,9.15,0.15,80,51.29,68.55,67.97,31.91,355248.81,4.79,47.08,16.92,25.76,79.2
2026-01-20 17:00:00,-3.39,24.0,8.15,0.15,80,49.11,62.05,61.25,18.78,355231.89,2.82,47.09,16.92,22.93,84.7
2026-01-20 18:00:00,-2.52,24.0,10.23,0.15,80,48.44,55.94,53.38,51.86,355216.07,7.78,43.22,15.82,19.95,82.0
2026-01-20 19:00:00,-2.87,24.0,10.62,0.15,80,48.78,45.25,45.25,60.77,355201.27,9.12,39.66,14.8,17.03,85.4
2026-01-20 20:00:00,-2.75,24.0,10.58,0.15,80,49.2,35.94,38.68,59.85,355187.08,8.98,37.48,14.18,14.34,85.3
2026-01-20 21:00:00,-2.81,24.0,10.65,0.15,80,52.62,28.02,32.79,61.53,355172.58,9.23,38.62,14.51,12.06,77.4
2026-01-20 22:00:00,-1.2,24.0,9.8,0.15,80,44.32,32.04,29.31,43.08,355157.51,6.46,40.59,15.07,10.33,87.5
2026-01-20 23:00:00,-0.79,24.0,7.66,0.252,80,45.2,24.25,26.4,13.84,355142.74,3.49,39.55,14.77,9.24,88.3
2026-01-21 00:00:00,-1.15,24.0,9.12,0.1999,80,48.6,30.28,24.86,31.52,355125.64,6.3,47.71,17.1,8.67,84.0
2026-01-21 01:00:00,-1.91,24.0,9.67,0.15,80,48.05,21.27,25.86,40.79,355111.5,6.12,37.33,14.14,9.04,83.6
2026-01-21 02:00:00,-3.0,24.0,9.3,0.15,80,47.51,23.16,28.77,34.26,355097.53,5.14,36.76,13.98,10.13,82.8
2026-01-21 03:00:00,-2.91,24.0,11.1,0.15,80,49.31,29.85,31.55,72.78,355083.57,10.92,36.7,13.96,11.86,90.4
2026-01-21 04:00:00,-3.32,24.0,9.85,0.15,80,46.84,25.17,39.33,44.0,355072.64,6.6,26.07,10.93,14.14,84.4
2026-01-21 05:00:00,-4.07,24.0,8.81,0.15,80,53.58,41.19,46.2,26.86,355056.44,4.03,44.53,16.19,16.83,82.6
2026-01-21 06:00:00,-4.27,24.0,10.51,0.15,80,51.88,53.81,52.14,58.19,355040.17,8.73,44.82,16.27,19.75,84.1
2026-01-21 07:00:00,-4.68,24.0,11.24,0.15,80,57.09,57.43,57.02,76.62,355023.56,11.49,46.01,16.61,22.73,83.7
2026-01-21 08:00:00,-3.37,24.0,10.56,0.15,80,47.75,66.0,65.61,59.25,355008.87,8.89,39.25,14.69,25.56,82.0
2026-01-21 09:00:00,-2.54,24.0,8.68,0.15,80,47.48,66.23,73.25,25.14,354994.92,3.77,36.69,13.96,28.05,76.4
2026-01-21 10:00:00,-2.26,24.0,7.69,0.15,80,48.88,73.56,77.64,14.11,354979.25,2.12,42.68,15.66,30.0,83.8
2026-01-21 11:00:00,-1.1,24.0,8.55,0.15,80,49.6,74.71,80.4,23.49,354964.24,3.52,40.39,15.01,31.24,87.1
2026-01-21 12:00:00,-0.84,24.0,8.2,0.252,80,45.23,80.26,81.34,19.25,354949.54,4.85,39.3,14.7,31.67,85.8
2026-01-21 13:00:00,-1.19,24.0,9.82,0.1975,80,45.3,79.61,80.4,43.49,354935.8,8.59,35.92,13.74,31.24,81.6
2026-01-21 14:00:00,-0.16,24.0,12.08,0.2995,80,45.41,72.4,69.57,100.0,354927.09,29.95,18.29,8.71,30.0,83.9
2026-01-21 15:00:00,0.19,24.0,12.4,0.4015,80,43.52,68.13,64.45,100.0,354921.58,40.15,7.05,5.51,28.05,90.1
2026-01-21 16:00:00,-0.48,24.0,10.92,0.5035,80,46.79,70.68,64.39,68.18,354912.74,34.33,18.75,8.84,25.56,76.2
2026-01-21 17:00:00,-0.7,24.0,11.48,0.6055,80,46.26,54.62,56.28,83.66,354909.24,50.65,0.0,3.5,22.73,80.8
2026-01-21 18:00:00,-1.4,24.0,10.17,0.547,80,48.7,52.56,53.05,50.62,354899.89,27.69,20.53,9.35,19.75,84.6
2026-01-21 19:00:00,-2.44,24.0,8.56,0.4955,80,50.75,42.02,46.2,23.6,354886.44,11.69,34.88,13.44,16.83,88.4
2026-01-21 20:00:00,-2.12,24.0,6.69,0.4535,80,49.09,37.53,39.33,6.87,354870.35,3.11,44.17,16.09,14.14,92.5
2026-01-21 21:00:00,-1.22,24.0,6.86,0.4122,80,49.44,28.18,33.38,7.92,354855.18,3.26,40.97,15.18,11.86,88.5
2026-01-21 22:00:00,-2.35,24.0,9.39,0.3609,80,47.9,22.5,28.77,35.86,354843.5,12.94,28.68,11.67,10.13,80.3
2026-01-21 23:00:00,-2.25,24.0,8.29,0.3189,80,45.32,19.82,25.86,20.26,354830.65,6.46,32.81,12.85,9.04,74.5
2026-01-22 00:00:00,-2.92,24.0,7.37,0.2727,80,47.15,19.47,24.3,11.46,354815.98,3.12,39.2,14.67,8.46,92.2
2026-01-22 01:00:00,-3.37,24.0,10.73,0.2156,80,50.04,19.38,24.37,63.42,354803.54,13.67,31.37,12.44,8.83,78.3
2026-01-22 02:00:00,-3.82,24.0,8.16,0.1696,80,51.85,23.6,28.22,18.84,354787.49,3.2,44.03,16.05,9.92,82.9
2026-01-22 03:00:00,-4.36,24.0,9.49,0.15,80,53.05,29.86,32.83,37.53,354771.32,5.63,44.44,16.17,11.66,81.1
2026-01-22 04:00:00,-4.27,24.0,8.65,0.15,80,50.2,31.28,38.8,24.73,354756.71,3.71,38.98,14.61,13.94,81.4
2026-01-22 05:00:00,-4.65,24.0,6.78,0.15,80,54.11,38.65,45.68,7.42,354740.11,1.11,45.97,16.6,16.62,75.7
2026-01-22 06:00:00,-4.29,24.0,9.48,0.15,80,46.54,50.61,53.01,37.36,354725.63,5.6,38.54,14.48,19.55,90.8
2026-01-22 07:00:00,-4.07,24.0,7.95,0.15,80,50.11,62.6,60.29,16.64,354707.9,2.5,49.93,17.73,22.52,77.6
2026-01-22 08:00:00,-3.94,24.0,8.34,0.15,80,52.19,68.32,67.02,20.93,354690.05,3.14,50.34,17.85,25.36,82.8
2026-01-22 09:00:00,-4.18,24.0,7.66,0.15,80,53.49,70.7,72.78,13.91,354672.49,2.09,49.32,17.56,27.84,79.6
2026-01-22 10:00:00,-4.22,24.0,6.27,0.15,80,53.21,71.7,77.18,4.79,354655.6,0.72,47.01,16.9,29.79,84.9
2026-01-22 11:00:00,-3.47,24.0,5.17,0.15,80,52.43,77.33,79.94,1.41,354637.96,0.21,49.6,17.64,31.04,81.4
2026-01-22 12:00:00,-2.92,24.0,4.76,0.15,80,49.9,80.65,80.88,0.75,354620.33,0.11,49.56,17.63,31.46,81.2
2026-01-22 13:00:00,-3.31,24.0,4.24,0.15,80,49.87,78.93,79.94,0.26,354602.92,0.04,48.82,17.41,31.04,88.0
2026-01-22 14:00:00,-3.11,24.0,6.56,0.15,80,45.69,75.56,77.18,6.18,354587.13,0.93,43.14,15.79,29.79,81.1
2026-01-22 15:00:00,-2.58,24.0,7.11,0.15,80,48.47,74.3,72.78,9.56,354569.79,1.43,48.56,17.34,27.84,90.1
2026-01-22 16:00:00,-3.6,24.0,7.03,0.15,80,48.05,70.49,67.02,8.95,354551.99,1.34,50.18,17.8,25.36,76.1
2026-01-22 17:00:00,-3.33,24.0,7.22,0.15,80,51.52,60.94,60.29,10.3,354534.06,1.54,50.63,17.93,22.52,81.3
2026-01-22 18:00:00,-3.86,24.0,9.92,0.15,80,47.97,44.07,53.01,45.54,354521.38,6.83,32.2,12.68,19.55,77.8
2026-01-22 19:00:00,-3.69,24.0,11.65,0.15,80,50.38,44.66,41.91,88.83,354506.54,13.33,39.8,14.84,16.62,82.4
2026-01-22 20:00:00,-4.37,24.0,11.64,0.15,80,49.15,33.59,35.61,88.5,354493.39,13.27,33.85,13.15,13.94,74.9
2026-01-22 21:00:00,-5.68,24.0,12.63,0.15,80,53.78,27.83,28.51,100.0,354479.03,15.0,38.1,14.36,11.66,83.8
2026-01-22 22:00:00,-6.88,24.0,10.89,0.15,80,55.37,23.18,26.97,67.32,354463.71,10.1,41.49,15.32,9.92,83.4
2026-01-22 23:00:00,-7.03,24.0,9.85,0.15,80,52.04,21.12,25.3,44.11,354448.45,6.62,41.25,15.26,8.83,87.3
2026-01-23 00:00:00,-7.08,24.0,9.93,0.15,80,56.73,15.62,23.72,45.69,354433.04,6.85,41.79,15.41,8.25,83.9
2026-01-23 01:00:00,-7.73,24.0,10.03,0.15,80,56.35,23.9,24.69,47.62,354415.74,7.14,48.42,17.3,8.62,83.4
2026-01-23 02:00:00,-7.37,24.0,9.58,0.15,80,56.48,19.88,27.65,39.09,354400.03,5.86,42.85,15.71,9.71,82.9
2026-01-23 03:00:00,-8.34,24.0,8.98,0.15,80,57.01,28.83,32.27,29.39,354382.52,4.41,49.16,17.51,11.45,77.7
2026-01-23 04:00:00,-8.26,24.0,12.45,0.15,80,56.23,32.7,33.57,100.0,354367.52,15.0,40.36,15.0,13.73,86.9
2026-01-23 05:00:00,-8.8,24.0,12.76,0.15,80,60.31,44.97,38.92,100.0,354349.38,15.0,51.36,18.14,16.41,81.2
2026-01-23 06:00:00,-8.94,24.0,11.37,0.15,80,61.13,55.15,48.89,80.46,354330.12,12.07,55.31,19.26,19.34,90.7
2026-01-23 07:00:00,-8.6,24.0,11.49,0.15,80,60.46,57.89,55.32,84.04,354312.24,12.61,50.43,17.87,22.31,87.3
2026-01-23 08:00:00,-8.77,24.0,9.9,0.15,80,55.58,64.45,66.53,44.99,354295.42,6.75,46.75,16.82,25.15,80.2
2026-01-23 09:00:00,-8.63,24.0,8.06,0.15,80,61.43,68.79,72.3,17.77,354276.17,2.66,55.26,19.25,27.63,80.5
2026-01-23 10:00:00,-7.65,24.0,7.73,0.15,80,58.09,76.13,76.71,14.54,354256.9,2.18,55.34,19.27,29.58,83.4
2026-01-23 11:00:00,-7.65,24.0,7.67,0.15,80,59.6,75.44,79.47,13.98,354238.16,2.1,53.48,18.74,30.82,87.2
2026-01-23 12:00:00,-6.83,24.0,5.88,0.15,80,58.3,77.92,80.41,3.29,354218.89,0.49,55.32,19.27,31.25,72.2
2026-01-23 13:00:00,-7.26,24.0,8.03,0.15,80,57.02,74.39,79.47,17.46,354201.33,2.62,49.32,17.56,30.82,86.1
2026-01-23 14:00:00,-6.74,24.0,7.73,0.15,80,53.7,74.94,76.71,14.56,354183.66,2.18,49.75,17.68,29.58,81.8
2026-01-23 15:00:00,-5.74,24.0,8.29,0.15,80,52.23,75.96,72.3,20.36,354165.1,3.05,52.84,18.56,27.63,86.1
2026-01-23 16:00:00,-7.2,24.0,6.77,0.15,80,54.66,63.79,66.53,7.37,354147.12,1.11,50.81,17.98,25.15,76.0
2026-01-23 17:00:00,-7.68,24.0,6.17,0.15,80,56.51,58.32,59.78,4.35,354128.11,0.65,54.4,19.0,22.31,75.4
2026-01-23 18:00:00,-7.4,24.0,8.77,0.15,80,54.3,51.4,52.49,26.32,354110.57,3.95,49.25,17.54,19.34,81.1
2026-01-23 19:00:00,-7.65,24.0,9.14,0.15,80,53.08,45.61,45.15,31.73,354093.17,4.76,48.78,17.4,16.41,84.1
2026-01-23 20:00:00,-7.58,24.0,11.6,0.15,80,53.04,37.34,35.19,87.24,354077.67,13.09,42.11,15.5,13.73,73.2
2026-01-23 21:00:00,-8.12,24.0,15.78,0.15,80,57.52,29.45,22.95,100.0,354060.2,15.0,49.02,17.47,11.45,76.9
2026-01-23 22:00:00,-8.25,24.0,13.31,0.15,80,57.19,25.01,23.07,100.0,354044.12,15.0,44.14,16.08,9.71,72.8
2026-01-23 23:00:00,-8.5,24.0,11.3,0.15,80,59.3,31.61,23.11,78.45,354024.65,11.77,56.03,19.47,8.62,80.7
2026-01-24 00:00:00,-7.99,24.0,12.19,0.15,80,56.99,24.71,20.59,100.0,354008.01,15.0,46.1,16.64,8.03,89.0
2026-01-24 01:00:00,-7.92,24.0,16.14,0.15,80,59.82,23.71,16.72,100.0,353989.74,15.0,51.82,18.27,8.4,77.4
2026-01-24 02:00:00,-7.75,24.0,14.49,0.15,80,55.71,27.25,20.99,100.0,353972.86,15.0,46.97,16.89,9.49,83.1
2026-01-24 03:00:00,-7.96,24.0,14.06,0.15,80,58.06,28.85,25.26,100.0,353956.06,15.0,46.65,16.8,11.23,79.6
2026-01-24 04:00:00,-8.14,24.0,13.69,0.15,80,58.83,41.36,30.74,100.0,353937.04,15.0,54.45,19.02,13.51,80.7
2026-01-24 05:00:00,-8.22,24.0,11.76,0.15,80,57.86,39.77,40.67,92.29,353921.26,13.84,43.11,15.79,16.2,75.9
2026-01-24 06:00:00,-7.73,24.0,11.15,0.15,80,59.21,49.62,48.97,74.23,353903.87,11.13,48.73,17.39,19.12,82.5
2026-01-24 07:00:00,-7.69,24.0,11.91,0.15,80,58.08,54.12,53.61,96.88,353887.81,14.53,44.05,16.05,22.1,78.2
2026-01-24 08:00:00,-7.18,24.0,11.7,0.15,80,57.9,65.62,60.41,90.35,353870.19,13.55,49.56,17.63,24.93,88.6
2026-01-24 09:00:00,-5.58,24.0,8.81,0.15,80,52.24,67.44,71.8,26.94,353854.19,4.04,43.84,16.0,27.42,78.3
2026-01-24 10:00:00,-4.73,24.0,8.22,0.15,80,51.84,75.15,76.21,19.47,353837.05,2.92,47.86,17.14,29.36,86.3
2026-01-24 11:00:00,-4.62,24.0,7.07,0.15,80,47.36,75.1,78.98,9.23,353821.56,1.38,42.09,15.49,30.6,91.4
2026-01-24 12:00:00,-3.63,24.0,6.6,0.15,80,50.49,80.37,79.93,6.41,353803.82,0.96,49.97,17.74,31.03,88.2
2026-01-24 13:00:00,-3.67,24.0,9.23,0.15,80,47.68,75.7,78.98,33.09,353789.08,4.96,39.43,14.74,30.6,77.7
2026-01-24 14:00:00,-4.76,24.0,7.19,0.15,80,57.54,76.92,76.21,10.08,353769.41,1.51,56.73,19.67,29.36,76.4
2026-01-24 15:00:00,-5.27,24.0,6.64,0.15,80,53.83,70.34,71.8,6.6,353751.27,0.99,51.38,18.14,27.42,83.3
2026-01-24 16:00:00,-6.37,24.0,6.57,0.15,80,54.0,69.52,66.02,6.24,353731.65,0.94,56.56,19.62,24.93,80.5
2026-01-24 17:00:00,-6.6,24.0,7.6,0.15,80,56.89,57.85,59.26,13.35,353712.91,2.0,53.47,18.74,22.1,82.6
2026-01-24 18:00:00,-6.67,24.0,8.03,0.15,80,52.29,48.46,51.96,17.46,353696.25,2.62,46.17,16.66,19.12,86.0
2026-01-24 19:00:00,-5.8,24.0,7.23,0.15,80,52.9,35.99,44.6,10.41,353680.57,1.56,42.72,15.68,16.2,81.1
2026-01-24 20:00:00,-5.78,24.0,6.45,0.15,80,53.2,29.68,37.69,5.63,353664.43,0.85,44.35,16.14,13.51,77.5
2026-01-24 21:00:00,-6.12,24.0,6.17,0.15,80,55.91,29.36,31.7,4.39,353645.85,0.66,52.91,18.58,11.23,81.4
2026-01-24 22:00:00,-5.83,24.0,6.9,0.15,80,51.89,19.78,27.06,8.14,353629.99,1.22,43.38,15.86,9.49,88.2
2026-01-24 23:00:00,-7.36,24.0,6.62,0.15,80,54.88,25.72,24.13,6.52,353610.67,0.98,55.49,19.32,8.4,79.7
2026-01-25 00:00:00,-7.44,24.0,9.76,0.15,80,56.78,21.11,22.51,42.34,353593.2,6.35,49.04,17.48,7.8,90.2
2026-01-25 01:00:00,-7.07,24.0,9.33,0.15,80,57.35,22.64,23.51,34.73,353575.09,5.21,51.27,18.11,8.17,84.1
2026-01-25 02:00:00,-8.01,24.0,7.42,0.15,80,57.88,25.16,26.46,11.82,353555.97,1.77,54.8,19.12,9.26,82.9
2026-01-25 03:00:00,-7.28,24.0,8.68,0.15,80,54.28,30.18,31.11,25.12,353538.33,3.77,49.59,17.63,11.0,76.8
2026-01-25 04:00:00,-6.97,24.0,8.09,0.15,80,56.04,29.19,37.11,18.13,353521.89,2.72,45.4,16.44,13.29,79.1
2026-01-25 05:00:00,-7.06,24.0,8.83,0.15,80,54.43,37.15,44.04,27.24,353506.01,4.09,43.46,15.89,15.98,82.3
2026-01-25 06:00:00,-6.44,24.0,8.03,0.15,80,52.91,48.82,51.41,17.48,353488.91,2.62,47.71,17.1,18.9,80.0
2026-01-25 07:00:00,-4.8,24.0,8.47,0.15,80,53.34,61.55,58.72,22.47,353470.37,3.37,52.79,18.55,21.88,87.7
2026-01-25 08:00:00,-4.4,24.0,9.64,0.15,80,53.02,65.85,65.5,40.2,353453.37,6.03,47.34,16.99,24.71,82.8
2026-01-25 09:00:00,-3.95,24.0,11.64,0.15,80,51.09,74.45,65.43,88.6,353436.53,13.29,46.82,16.84,27.19,79.1
2026-01-25 10:00:00,-3.92,24.0,9.97,0.15,80,52.2,69.83,75.71,46.52,353421.82,6.98,39.34,14.71,29.14,83.8
2026-01-25 11:00:00,-4.15,24.0,9.04,0.15,80,53.12,75.49,78.48,30.22,353405.32,4.53,45.6,16.5,30.38,80.3
2026-01-25 12:00:00,-3.39,24.0,8.81,0.15,80,44.86,78.22,79.43,26.96,353390.53,4.04,39.61,14.79,30.8,86.1
2026-01-25 13:00:00,-3.7,24.0,11.04,0.15,80,51.64,73.96,74.39,71.35,353375.49,10.7,40.51,15.05,30.38,79.9
2026-01-25 14:00:00,-3.51,24.0,12.36,0.15,80,53.85,71.33,66.79,100.0,353359.62,15.0,43.4,15.87,29.14,91.9
2026-01-25 15:00:00,-3.73,24.0,9.76,0.15,80,50.15,68.56,71.29,42.45,353344.42,6.37,41.06,15.2,27.19,75.0
2026-01-25 16:00:00,-3.43,24.0,8.12,0.15,80,53.7,64.64,65.5,18.38,353326.64,2.76,50.09,17.77,24.71,81.1
2026-01-25 17:00:00,-3.3,24.0,8.26,0.15,80,50.8,54.55,58.72,20.01,353310.71,3.0,43.63,15.93,21.88,83.7
2026-01-25 18:00:00,-2.8,24.0,6.93,0.15,80,49.52,53.26,51.41,8.3,353292.92,1.24,50.13,17.79,18.9,80.8
2026-01-25 19:00:00,-3.3,24.0,6.9,0.15,80,50.71,41.9,44.04,8.13,353275.93,1.22,47.35,16.99,15.98,71.6
2026-01-25 20:00:00,-3.69,24.0,6.14,0.15,80,47.38,34.51,37.11,4.26,353259.85,0.64,44.14,16.08,13.29,92.2
2026-01-25 21:00:00,-4.52,24.0,7.37,0.15,80,55.69,27.8,31.11,11.46,353241.91,1.72,50.67,17.94,11.0,85.8
2026-01-25 22:00:00,-5.02,24.0,10.32,0.15,80,51.7,28.2,26.03,53.9,353225.36,8.08,45.79,16.55,9.26,75.5
2026-01-25 23:00:00,-5.01,24.0,14.32,0.15,80,50.13,28.75,18.43,100.0,353208.91,15.0,45.44,16.45,8.17,76.2
2026-01-26 00:00:00,-4.82,24.0,12.29,0.15,78,51.29,21.3,19.38,100.0,353194.52,15.0,38.22,14.39,7.57,74.5
2026-01-26 01:00:00,-5.51,24.0,11.61,0.15,78,53.59,23.99,21.04,87.7,353178.65,13.15,43.39,15.87,7.94,80.7
2026-01-26 02:00:00,-5.05,24.0,12.4,0.15,78,55.31,22.29,22.74,100.0,353163.79,15.0,39.86,14.86,9.03,89.1
2026-01-26 03:00:00,-4.24,24.0,9.93,0.15,78,51.4,29.27,30.5,45.65,353147.94,6.85,43.32,15.85,10.78,80.9
2026-01-26 04:00:00,-3.93,24.0,10.3,0.15,78,50.39,37.35,35.98,53.27,353131.97,7.99,43.77,15.98,13.06,80.3
2026-01-26 05:00:00,-2.68,24.0,9.52,0.15,78,48.48,40.67,43.46,38.06,353117.07,5.71,39.98,14.9,15.75,88.3
2026-01-26 06:00:00,-2.99,24.0,8.25,0.15,78,46.64,51.69,50.84,19.88,353100.89,2.98,44.5,16.18,18.68,84.9
2026-01-26 07:00:00,-3.52,24.0,8.04,0.15,78,49.29,56.07,58.17,17.59,353084.69,2.64,44.55,16.2,21.65,82.6
2026-01-26 08:00:00,-4.32,24.0,6.6,0.15,78,50.4,68.21,64.96,6.43,353066.18,0.96,52.68,18.52,24.48,86.0
2026-01-26 09:00:00,-3.12,24.0,7.95,0.15,78,50.38,67.28,70.76,16.6,353050.02,2.49,44.41,16.16,26.96,74.4
2026-01-26 10:00:00,-2.43,24.0,7.3,0.15,78,44.98,70.44,75.19,10.92,353035.52,1.64,38.6,14.5,28.91,86.1
2026-01-26 11:00:00,-2.2,24.0,7.05,0.15,78,47.44,77.81,77.97,9.11,353018.94,1.37,45.91,16.59,30.15,90.3
2026-01-26 12:00:00,-1.81,24.0,6.13,0.15,78,50.68,80.23,78.92,4.2,353000.8,0.63,51.36,18.14,30.57,78.0
2026-01-26 13:00:00,-2.31,24.0,8.54,0.15,78,49.5,77.96,77.97,23.3,352984.19,3.5,45.99,16.61,30.15,81.9
2026-01-26 14:00:00,-0.71,24.0,8.56,0.252,78,48.17,76.84,75.19,23.54,352968.18,5.93,43.89,16.01,28.91,75.3
2026-01-26 15:00:00,-0.6,24.0,8.85,0.354,78,45.07,67.39,70.76,27.49,352955.57,9.73,31.97,12.61,26.96,82.9
2026-01-26 16:00:00,-0.58,24.0,9.05,0.456,78,49.56,64.52,64.96,30.41,352942.03,13.87,35.25,13.55,24.48,81.9
2026-01-26 17:00:00,-0.25,24.0,8.64,0.558,78,47.14,52.31,58.17,24.6,352930.67,13.73,27.55,11.35,21.65,93.9
2026-01-26 18:00:00,-0.14,24.0,7.57,0.66,78,45.36,45.27,50.84,13.09,352918.3,8.64,31.15,12.38,18.68,83.1
2026-01-26 19:00:00,-0.24,24.0,8.86,0.762,78,46.79,45.05,43.46,27.64,352907.01,21.06,27.32,11.29,15.75,86.8
2026-01-26 20:00:00,-0.99,24.0,7.45,0.864,78,43.81,32.0,36.52,12.1,352895.29,10.45,28.84,11.72,13.06,91.5
2026-01-26 21:00:00,-0.98,24.0,6.33,0.966,78,43.76,32.18,30.5,5.07,352880.24,4.9,40.55,15.06,10.78,73.9
2026-01-26 22:00:00,-0.13,24.0,7.82,1.0,78,46.98,23.69,25.84,15.32,352868.33,15.32,29.51,11.91,9.03,86.1
2026-01-26 23:00:00,0.39,24.0,7.04,1.0,78,47.49,21.74,22.89,9.08,352854.21,9.08,37.27,14.12,7.94,80.3
2026-01-27 00:00:00,1.0,24.0,6.85,1.0,76,42.98,21.09,21.23,7.83,352840.73,7.83,35.02,13.48,7.34,80.9
2026-01-27 01:00:00,0.46,24.0,7.29,1.0,76,46.88,25.12,22.24,10.82,352826.13,10.82,38.94,14.6,7.71,81.6
2026-01-27 02:00:00,-0.29,24.0,7.51,1.0,76,46.63,22.54,25.2,12.6,352813.69,12.6,31.36,12.44,8.8,82.8
2026-01-27 03:00:00,-0.44,24.0,8.65,1.0,76,43.94,26.39,29.87,24.77,352805.72,24.77,15.69,7.97,10.54,80.0
2026-01-27 04:00:00,-0.42,24.0,9.11,1.0,76,43.46,33.57,35.91,31.34,352799.43,31.34,9.78,6.29,12.83,83.1
2026-01-27 05:00:00,0.31,24.0,9.53,1.0,76,43.41,36.04,42.86,38.11,352795.93,38.11,0.0,3.5,15.52,90.6
2026-01-27 06:00:00,-0.59,24.0,10.11,1.0,76,44.85,48.37,49.98,49.4,352792.43,49.4,0.0,3.5,18.44,87.5
2026-01-27 07:00:00,0.51,24.0,8.99,1.0,76,44.13,55.97,57.61,29.53,352785.24,29.53,12.96,7.19,21.42,98.0
2026-01-27 08:00:00,0.62,24.0,8.3,1.0,76,41.5,65.03,64.41,20.38,352775.54,20.38,21.74,9.7,24.25,86.9
2026-01-27 09:00:00,0.59,24.0,8.19,1.0,76,43.93,71.9,70.22,19.21,352764.52,19.21,26.4,11.02,26.73,88.9
2026-01-27 10:00:00,0.21,24.0,7.67,1.0,76,45.7,71.84,74.66,14.0,352752.79,14.0,28.88,11.73,28.67,91.9
2026-01-27 11:00:00,-0.56,24.0,11.45,1.0,76,47.33,76.34,71.82,82.85,352749.29,82.85,0.0,3.5,29.91,79.2
2026-01-27 12:00:00,0.14,24.0,12.0,1.0,76,43.7,71.53,70.53,100.0,352745.79,100.0,0.0,3.5,30.34,91.8
2026-01-27 13:00:00,0.32,24.0,9.86,1.0,76,48.29,80.81,77.44,44.28,352740.19,44.28,7.37,5.6,29.91,80.8
2026-01-27 14:00:00,-0.37,24.0,7.28,1.0,76,45.62,77.17,74.66,10.75,352726.03,10.75,37.38,14.15,28.67,87.4
2026-01-27 15:00:00,-1.13,24.0,5.84,0.9645,76,52.33,67.92,70.22,3.16,352709.14,3.04,46.99,16.89,26.73,89.2
2026-01-27 16:00:00,-1.37,24.0,5.77,0.9352,76,45.48,63.98,64.41,2.91,352693.58,2.72,42.33,15.56,24.25,74.7
2026-01-27 17:00:00,-0.46,24.0,5.18,1.0,76,46.51,49.6,57.61,1.42,352679.51,1.42,37.07,14.07,21.42,83.1
2026-01-27 18:00:00,-0.79,24.0,6.3,1.0,76,46.04,50.09,50.27,4.93,352664.35,4.93,40.94,15.17,18.44,84.3
2026-01-27 19:00:00,-1.93,24.0,8.61,0.9542,76,46.52,37.87,42.86,24.24,352655.6,23.13,18.4,8.74,15.52,78.2
2026-01-27 20:00:00,-2.32,24.0,9.57,0.8988,76,50.5,27.75,35.91,38.85,352649.98,34.91,7.43,5.62,12.83,85.2
2026-01-27 21:00:00,-2.75,24.0,8.32,0.8469,76,50.95,27.3,29.87,20.67,352637.69,17.5,30.87,12.3,10.54,91.7
2026-01-27 22:00:00,-4.64,24.0,8.08,0.8047,76,51.64,20.17,25.2,17.98,352625.03,14.47,32.14,12.66,8.8,76.9
2026-01-27 23:00:00,-4.9,24.0,8.28,0.7554,76,53.29,19.02,22.24,20.19,352611.6,15.25,34.82,13.42,7.71,87.5
2026-01-28 00:00:00,-5.32,24.0,9.72,0.7001,74,53.82,23.88,20.56,41.55,352600.11,29.09,28.06,11.5,7.09,83.7
2026-01-28 01:00:00,-5.03,24.0,10.92,0.6446,74,52.23,26.71,20.59,68.17,352592.5,43.95,14.41,7.61,7.46,74.7
2026-01-28 02:00:00,-3.99,24.0,12.35,0.5773,74,49.53,23.44,21.66,100.0,352589.0,57.73,0.0,3.5,8.56,80.2
2026-01-28 03:00:00,-3.34,24.0,11.34,0.5125,74,50.17,29.69,27.28,79.5,352582.13,40.74,11.84,6.88,10.3,84.0
2026-01-28 04:00:00,-3.46,24.0,11.32,0.4427,74,49.95,31.15,32.95,79.05,352574.88,35.0,13.15,7.25,12.59,90.6
2026-01-28 05:00:00,-4.02,24.0,9.14,0.3892,74,48.9,41.23,42.25,31.68,352561.25,12.33,35.55,13.63,15.28,86.2
2026-01-28 06:00:00,-2.29,24.0,9.24,0.3388,74,49.99,48.04,49.67,33.32,352547.18,11.29,37.07,14.06,18.21,80.1
2026-01-28 07:00:00,-2.04,24.0,8.21,0.291,74,48.27,56.56,57.03,19.41,352531.67,5.65,42.15,15.51,21.18,85.7
2026-01-28 08:00:00,-1.79,24.0,8.11,0.393,74,47.48,59.76,63.84,18.31,352517.85,7.2,36.2,13.82,24.01,69.9
2026-01-28 09:00:00,-1.55,24.0,8.77,0.3402,74,44.12,60.61,69.66,26.33,352506.91,8.96,26.11,10.94,26.49,88.6
2026-01-28 10:00:00,-1.16,24.0,7.9,0.2969,74,47.5,75.62,74.11,16.18,352490.81,4.8,44.21,16.1,28.43,80.5
2026-01-28 11:00:00,-1.01,24.0,6.36,0.2626,74,43.29,72.89,76.9,5.19,352476.51,1.36,37.91,14.31,29.67,79.2
2026-01-28 12:00:00,-1.15,24.0,4.86,0.2353,74,47.09,68.81,77.85,0.88,352462.22,0.21,37.84,14.28,30.09,82.8
2026-01-28 13:00:00,-1.32,24.0,3.94,0.2144,74,48.92,73.6,76.9,0.11,352445.73,0.02,45.59,16.49,29.67,78.0
2026-01-28 14:00:00,-1.23,24.0,3.1,0.1968,74,50.57,72.55,74.11,0.0,352428.26,0.0,49.0,17.47,28.43,83.3
2026-01-28 15:00:00,-1.52,24.0,3.26,0.177,74,47.51,68.05,69.66,0.0,352411.68,0.0,45.89,16.58,26.49,89.4
2026-01-28 16:00:00,-1.98,24.0,3.9,0.1574,74,51.94,63.38,63.84,0.1,352393.52,0.02,51.46,18.17,24.01,73.9
2026-01-28 17:00:00,-2.01,24.0,4.3,0.15,74,49.73,55.49,57.03,0.3,352376.29,0.04,48.15,17.22,21.18,83.4
2026-01-28 18:00:00,-2.32,24.0,9.13,0.15,74,49.64,46.34,49.67,31.63,352360.95,4.74,41.57,15.35,18.21,82.7
2026-01-28 19:00:00,-1.62,24.0,8.34,0.15,74,49.96,39.98,42.25,20.87,352344.75,3.13,44.56,16.2,15.28,86.6
2026-01-28 20:00:00,-3.47,24.0,7.08,0.15,74,53.33,31.7,35.28,9.3,352327.47,1.4,48.36,17.28,12.59,81.7
2026-01-28 21:00:00,-3.06,24.0,7.7,0.15,74,51.56,26.52,29.23,14.23,352310.65,2.13,46.71,16.81,10.3,87.7
2026-01-28 22:00:00,-2.57,24.0,9.61,0.15,74,48.67,23.79,24.55,39.63,352295.19,5.94,41.97,15.46,8.56,90.2
2026-01-28 23:00:00,-4.07,24.0,10.02,0.15,74,50.14,23.56,21.56,47.43,352278.86,7.11,45.02,16.33,7.46,87.4
2026-01-29 00:00:00,-4.59,24.0,8.94,0.15,73,49.28,19.82,19.88,28.7,352262.56,4.31,44.91,16.3,6.84,78.2
2026-01-29 01:00:00,-4.96,24.0,9.08,0.15,73,53.06,23.62,20.9,30.9,352244.49,4.63,51.14,18.07,7.22,91.3
2026-01-29 02:00:00,-5.89,24.0,9.8,0.15,73,56.72,23.69,23.88,43.19,352226.72,6.48,50.05,17.76,8.31,75.1
2026-01-29 03:00:00,-6.35,24.0,10.38,0.15,73,52.73,29.34,28.04,55.08,352210.18,8.26,45.77,16.55,10.06,84.1
2026-01-29 04:00:00,-6.94,24.0,10.52,0.15,73,53.4,32.42,33.74,58.3,352194.33,8.74,43.33,15.85,12.34,85.8
2026-01-29 05:00:00,-5.73,24.0,11.72,0.15,73,57.83,42.09,38.05,90.98,352177.08,13.65,48.23,17.25,15.04,91.4
2026-01-29 06:00:00,-4.96,24.0,12.57,0.15,73,52.12,40.17,42.75,100.0,352163.74,15.0,34.54,13.35,17.96,86.6
2026-01-29 07:00:00,-3.94,24.0,11.75,0.15,73,47.33,51.47,51.51,91.77,352150.68,13.77,33.52,13.05,20.94,78.6
2026-01-29 08:00:00,-3.24,24.0,10.63,0.15,73,46.82,65.3,61.27,60.93,352135.3,9.14,41.71,15.39,23.77,87.5
2026-01-29 09:00:00,-3.64,24.0,10.6,0.15,73,51.61,68.39,67.03,60.15,352119.27,9.02,43.95,16.03,26.25,81.9
2026-01-29 10:00:00,-3.66,24.0,11.42,0.15,73,49.63,67.71,68.33,81.85,352105.3,12.28,36.74,13.97,28.18,88.1
2026-01-29 11:00:00,-3.09,24.0,8.39,0.15,73,50.84,73.61,76.35,21.53,352089.01,3.23,44.88,16.29,29.42,84.0
2026-01-29 12:00:00,-3.59,24.0,12.39,0.15,73,50.08,77.01,68.05,100.0,352072.96,15.0,44.04,16.05,29.84,89.8
2026-01-29 13:00:00,-2.96,24.0,10.21,0.15,73,50.06,69.35,75.54,51.43,352059.15,7.71,36.16,13.81,29.42,83.2
2026-01-29 14:00:00,-2.98,24.0,9.67,0.15,73,53.51,71.71,73.55,40.73,352042.67,6.11,45.56,16.48,28.18,87.8
2026-01-29 15:00:00,-3.15,24.0,11.13,0.15,73,49.47,73.95,65.21,73.59,352025.73,11.04,47.17,16.94,26.25,79.9
2026-01-29 16:00:00,-2.72,24.0,9.47,0.15,73,51.81,59.55,63.26,37.15,352010.1,5.57,42.53,15.62,23.77,89.2
2026-01-29 17:00:00,-2.54,24.0,9.17,0.15,73,49.19,51.92,56.44,32.14,351995.25,4.82,39.85,14.86,20.94,72.7
2026-01-29 18:00:00,-2.91,24.0,7.69,0.15,73,46.98,39.46,49.06,14.17,351981.7,2.13,35.24,13.54,17.96,86.7
2026-01-29 19:00:00,-2.41,24.0,7.62,0.15,73,53.08,37.96,41.63,13.49,351964.7,2.02,47.38,17.0,15.04,85.4
2026-01-29 20:00:00,-3.3,24.0,6.78,0.15,73,54.79,34.62,34.64,7.39,351945.91,1.11,53.66,18.79,12.34,83.6
2026-01-29 21:00:00,-3.18,24.0,6.85,0.15,73,49.6,24.1,28.58,7.86,351929.88,1.18,43.94,16.02,10.06,72.1
2026-01-29 22:00:00,-3.08,24.0,6.94,0.15,73,50.11,30.17,23.88,8.41,351910.67,1.26,55.14,19.21,8.31,80.5
2026-01-29 23:00:00,-3.52,24.0,11.46,0.15,73,53.18,31.8,19.38,82.97,351892.02,12.45,53.15,18.65,7.22,88.7
2026-01-30 00:00:00,-3.65,24.0,14.85,0.15,71,50.25,26.42,14.53,100.0,351875.09,15.0,47.14,16.93,6.59,78.4
2026-01-30 01:00:00,-4.56,24.0,11.67,0.15,71,54.2,19.12,18.52,89.48,351859.79,13.42,41.38,15.29,6.96,74.6
2026-01-30 02:00:00,-4.09,24.0,11.7,0.15,71,49.55,23.0,21.22,90.42,351845.53,13.56,37.76,14.26,8.06,76.9
2026-01-30 03:00:00,-4.23,24.0,9.07,0.15,71,55.59,23.54,27.91,30.65,351828.74,4.6,46.62,16.79,9.8,88.1
2026-01-30 04:00:00,-4.5,24.0,7.02,0.15,71,52.77,29.41,33.98,8.91,351811.89,1.34,46.86,16.86,12.09,84.2
2026-01-30 05:00:00,-3.74,24.0,6.03,0.15,71,52.45,39.47,40.99,3.82,351794.04,0.57,50.36,17.85,14.79,89.6
2026-01-30 06:00:00,-4.0,24.0,9.67,0.15,71,54.18,42.9,48.44,40.73,351778.42,6.11,42.53,15.62,17.72,85.8
2026-01-30 07:00:00,-4.62,24.0,11.84,0.15,71,53.96,48.03,50.71,94.6,351764.35,14.19,37.09,14.07,20.69,77.5
2026-01-30 08:00:00,-5.28,24.0,9.86,0.15,71,53.07,56.69,62.67,44.23,351749.31,6.63,40.46,15.03,23.52,90.5
2026-01-30 09:00:00,-4.6,24.0,8.31,0.15,71,55.92,67.17,68.51,20.58,351731.14,3.09,51.49,18.17,25.99,78.8
2026-01-30 10:00:00,-5.07,24.0,7.52,0.15,71,54.7,75.43,72.98,12.66,351711.89,1.9,55.25,19.25,27.93,77.4
2026-01-30 11:00:00,-3.72,24.0,7.91,0.15,71,50.4,74.69,75.78,16.21,351695.03,2.43,46.88,16.86,29.17,83.8
2026-01-30 12:00:00,-4.73,24.0,8.38,0.15,71,49.02,72.27,76.73,21.34,351679.74,3.2,41.36,15.29,29.59,83.9
2026-01-30 13:00:00,-3.49,24.0,7.49,0.15,71,50.38,74.16,75.78,12.46,351662.88,1.87,46.89,16.86,29.17,86.9
2026-01-30 14:00:00,-3.23,24.0,8.87,0.15,71,48.84,69.54,72.98,27.69,351647.62,4.15,41.25,15.26,27.93,81.2
2026-01-30 15:00:00,-3.22,24.0,8.16,0.15,71,50.05,69.56,68.51,18.85,351630.36,2.83,48.28,17.26,25.99,89.9
2026-01-30 16:00:00,-3.56,24.0,10.52,0.15,71,49.11,63.15,61.05,58.24,351614.76,8.74,42.47,15.6,23.52,79.4
2026-01-30 17:00:00,-3.39,24.0,10.58,0.15,71,51.11,46.53,54.22,59.67,351601.43,8.95,34.47,13.32,20.69,77.3
2026-01-30 18:00:00,-3.56,24.0,9.82,0.15,71,49.52,44.11,48.44,43.45,351586.91,6.52,38.67,14.52,17.72,72.9
2026-01-30 19:00:00,-3.08,24.0,10.7,0.15,71,52.91,40.48,39.56,62.58,351570.75,9.39,44.44,16.17,14.79,81.8
2026-01-30 20:00:00,-3.25,24.0,11.49,0.15,71,51.38,33.8,31.45,83.91,351555.52,12.59,41.14,15.23,12.09,87.0
2026-01-30 21:00:00,-3.41,24.0,9.97,0.15,71,49.26,23.91,27.91,46.4,351541.1,6.96,38.3,14.42,9.8,86.3
2026-01-30 22:00:00,-3.89,24.0,9.05,0.15,71,51.04,15.64,23.19,30.4,351526.51,4.56,38.93,14.6,8.06,83.9
2026-01-30 23:00:00,-4.16,24.0,11.32,0.15,71,52.56,21.9,18.87,79.12,351510.54,11.87,43.73,15.96,6.96,79.8
2026-01-31 00:00:00,-4.3,24.0,9.37,0.15,69,48.36,16.1,18.47,35.53,351495.46,5.33,40.66,15.09,6.33,88.3
2026-01-31 01:00:00,-5.48,24.0,7.34,0.15,69,54.53,18.47,19.5,11.18,351477.19,1.68,51.83,18.27,6.7,81.5
2026-01-31 02:00:00,-6.37,24.0,7.56,0.15,69,51.12,25.98,22.49,13.03,351458.68,1.95,52.65,18.51,7.8,82.4
2026-01-31 03:00:00,-5.92,24.0,9.15,0.15,69,57.55,23.56,27.22,31.92,351441.18,4.79,49.11,17.5,9.55,74.9
2026-01-31 04:00:00,-5.74,24.0,10.13,0.15,69,53.08,28.75,33.1,49.62,351425.92,7.44,41.29,15.27,11.84,71.6
2026-01-31 05:00:00,-5.72,24.0,11.89,0.15,69,56.17,37.42,36.53,96.36,351410.27,14.45,42.61,15.65,14.53,85.3
2026-01-31 06:00:00,-5.51,24.0,11.09,0.15,69,51.02,48.0,45.19,72.66,351394.54,10.9,42.92,15.73,17.46,93.7
2026-01-31 07:00:00,-5.05,24.0,8.91,0.15,69,54.08,52.03,55.21,28.35,351377.74,4.25,46.65,16.8,20.44,83.7
2026-01-31 08:00:00,-5.09,24.0,9.17,0.15,69,50.31,64.21,62.06,32.17,351360.67,4.83,47.63,17.07,23.26,85.8
2026-01-31 09:00:00,-5.25,24.0,10.17,0.15,69,52.5,62.57,67.33,50.6,351345.73,7.59,40.15,14.94,25.74,85.5
2026-01-31 10:00:00,-4.82,24.0,8.22,0.15,69,54.61,65.5,72.39,19.52,351329.46,2.93,44.79,16.26,27.67,82.0
2026-01-31 11:00:00,-5.12,24.0,7.19,0.15,69,54.3,72.11,75.19,10.09,351311.8,1.51,49.7,17.67,28.91,73.6
2026-01-31 12:00:00,-4.61,24.0,5.48,0.15,69,53.39,69.31,76.15,2.1,351295.12,0.32,46.24,16.68,29.33,85.5
2026-01-31 13:00:00,-5.43,24.0,6.74,0.15,69,52.64,72.13,75.19,7.16,351277.79,1.07,48.51,17.33,28.91,88.8
2026-01-31 14:00:00,-4.65,24.0,9.15,0.15,69,49.91,75.5,72.39,31.9,351260.55,4.78,48.23,17.25,27.67,84.5
2026-01-31 15:00:00,-4.28,24.0,9.66,0.15,69,53.35,61.53,67.91,40.49,351245.39,6.07,40.9,15.16,25.74,81.0
2026-01-31 16:00:00,-4.12,24.0,12.75,0.15,69,49.36,60.78,53.54,100.0,351230.03,15.0,41.61,15.36,23.26,84.4
2026-01-31 17:00:00,-3.59,24.0,9.89,0.15,69,49.2,55.54,55.21,44.83,351214.33,6.72,42.81,15.7,20.44,82.4
2026-01-31 18:00:00,-2.73,24.0,11.55,0.15,69,52.37,43.3,44.1,85.69,351199.8,12.85,38.71,14.53,17.46,89.9
2026-01-31 19:00:00,-2.32,24.0,12.07,0.15,69,49.86,37.85,36.15,100.0,351185.88,15.0,36.55,13.92,14.53,84.8
2026-01-31 20:00:00,-3.68,24.0,10.47,0.15,69,47.7,23.97,32.53,57.13,351173.67,8.57,30.57,12.21,11.84,86.3
2026-01-31 21:00:00,-4.7,24.0,13.04,0.15,69,52.26,24.93,23.08,100.0,351159.02,15.0,39.12,14.65,9.55,87.6
2026-01-31 22:00:00,-5.32,24.0,11.07,0.15,69,52.9,18.77,21.29,72.06,351144.24,10.81,39.57,14.78,7.8,85.1
2026-01-31 23:00:00,-5.52,24.0,12.27,0.15,69,52.73,18.02,17.29,100.0,351129.78,15.0,38.46,14.46,6.7,81.7
2026-02-01 00:00:00,-5.52,24.0,13.05,0.15,67,52.8,19.77,15.03,100.0,351114.16,15.0,42.54,15.62,6.07,73.8
2026-02-01 01:00:00,-6.1,24.0,12.84,0.15,67,57.33,19.31,16.11,100.0,351097.68,15.0,45.54,16.48,6.44,83.1
2026-02-01 02:00:00,-6.05,24.0,11.88,0.15,67,58.77,17.73,19.73,95.97,351082.11,14.4,42.37,15.58,7.54,85.6
2026-02-01 03:00:00,-6.51,24.0,9.57,0.15,67,55.0,29.26,26.52,38.93,351063.81,5.84,51.9,18.29,9.29,72.6
2026-02-01 04:00:00,-6.8,24.0,9.43,0.15,67,55.9,30.83,32.63,36.49,351046.45,5.47,48.63,17.36,11.58,82.5
2026-02-01 05:00:00,-7.5,24.0,8.73,0.15,67,53.62,38.36,39.67,25.77,351029.14,3.87,48.45,17.31,14.27,79.9
2026-02-01 06:00:00,-7.83,24.0,9.93,0.252,67,60.87,42.79,47.15,45.71,351012.82,11.52,44.99,16.32,17.2,68.3
2026-02-01 07:00:00,-8.37,24.0,10.61,0.1936,67,56.52,51.65,52.89,60.56,350996.91,11.73,43.55,15.91,20.18,80.9
2026-02-01 08:00:00,-8.62,24.0,12.14,0.15,67,57.44,52.46,54.85,100.0,350982.0,15.0,40.04,14.91,23.0,85.9
2026-02-01 09:00:00,-7.63,24.0,9.06,0.15,67,58.57,61.03,67.3,30.46,350964.9,4.57,47.72,17.1,25.48,79.9
2026-02-01 10:00:00,-7.86,24.0,10.26,0.252,67,57.8,71.98,70.84,52.56,350948.38,13.25,45.69,16.52,27.41,69.2
2026-02-01 11:00:00,-5.93,24.0,12.22,0.1831,67,55.41,71.38,66.3,100.0,350932.86,18.31,42.17,15.52,28.64,82.8
2026-02-01 12:00:00,-5.36,24.0,12.41,0.15,67,54.81,68.75,66.43,100.0,350917.35,15.0,42.13,15.51,29.07,87.0
2026-02-01 13:00:00,-5.03,24.0,10.0,0.15,67,52.78,70.69,74.59,47.1,350901.93,7.06,41.82,15.42,28.64,77.5
2026-02-01 14:00:00,-5.4,24.0,8.03,0.15,67,55.31,62.26,71.79,17.51,350886.13,2.63,43.16,15.8,27.41,80.3
2026-02-01 15:00:00,-4.88,24.0,6.19,0.15,67,48.81,63.1,67.3,4.46,350870.11,0.67,43.94,16.02,25.48,80.0
2026-02-01 16:00:00,-5.22,24.0,7.38,0.15,67,56.69,58.72,61.44,11.49,350851.72,1.72,52.25,18.39,23.0,82.0
2026-02-01 17:00:00,-5.2,24.0,8.23,0.15,67,52.66,54.2,54.57,19.58,350834.15,2.94,49.35,17.56,20.18,79.6
2026-02-01 18:00:00,-3.77,24.0,11.94,0.15,67,52.76,42.06,42.57,98.17,350819.96,14.73,37.53,14.2,17.2,89.3
2026-02-01 19:00:00,-4.02,24.0,10.66,0.15,67,52.31,37.3,38.35,61.74,350804.49,9.26,42.0,15.47,14.27,89.0
2026-02-01 20:00:00,-3.55,24.0,9.52,0.15,67,46.1,29.65,32.63,38.06,350790.33,5.71,37.41,14.16,11.58,79.7
2026-02-01 21:00:00,-4.23,24.0,9.74,0.15,67,52.03,25.7,26.52,41.97,350774.02,6.3,44.92,16.3,9.29,88.9
2026-02-01 22:00:00,-4.5,24.0,10.85,0.15,67,47.32,22.15,20.85,66.37,350759.5,9.96,38.67,14.52,7.54,73.7
2026-02-01 23:00:00,-3.66,24.0,12.62,0.15,67,51.76,20.53,16.31,100.0,350744.32,15.0,40.98,15.18,6.44,78.5
2026-02-02 00:00:00,-4.39,24.0,12.77,0.15,65,52.28,21.1,14.63,100.0,350728.36,15.0,43.75,15.97,5.8,85.2
2026-02-02 01:00:00,-3.45,24.0,11.35,0.15,65,47.54,18.54,16.81,79.97,350714.24,11.99,37.27,14.12,6.17,83.2
2026-02-02 02:00:00,-3.13,24.0,11.09,0.15,65,50.27,19.56,19.9,72.57,350699.61,10.89,39.05,14.63,7.27,83.7
2026-02-02 03:00:00,-3.52,24.0,12.02,0.15,65,49.41,19.51,23.19,100.0,350687.35,15.0,30.73,12.26,9.02,84.6
2026-02-02 04:00:00,-3.11,24.0,11.03,0.15,65,49.46,32.01,30.27,71.13,350672.3,10.67,40.52,15.05,11.31,80.6
2026-02-02 05:00:00,-2.43,24.0,9.37,0.15,65,43.07,36.14,38.98,35.51,350658.85,5.33,34.9,13.45,14.01,89.8
2026-02-02 06:00:00,-1.9,24.0,8.0,0.15,65,45.23,40.46,46.48,17.16,350644.92,2.57,36.63,13.94,16.94,87.4
2026-02-02 07:00:00,-2.66,24.0,5.76,0.15,65,47.39,48.52,53.92,2.87,350629.57,0.43,41.56,15.34,19.92,82.9
2026-02-02 08:00:00,-2.86,24.0,7.44,0.15,65,46.93,62.57,60.8,12.02,350612.71,1.8,46.89,16.86,22.74,87.9
2026-02-02 09:00:00,-2.74,24.0,6.36,0.15,65,48.09,62.51,66.68,5.21,350596.91,0.78,43.14,15.79,25.21,85.6
2026-02-02 10:00:00,-2.51,24.0,6.14,0.15,65,47.42,67.65,71.17,4.23,350581.08,0.63,43.26,15.83,27.14,82.3
2026-02-02 11:00:00,-1.89,24.0,6.17,0.15,65,48.59,66.8,73.99,4.37,350565.97,0.66,40.74,15.11,28.37,82.5
2026-02-02 12:00:00,-1.57,24.0,7.1,0.15,65,41.42,65.55,74.94,9.48,350553.75,1.42,30.61,12.22,28.8,78.5
2026-02-02 13:00:00,-2.22,24.0,7.21,0.15,65,52.82,68.46,73.99,10.2,350537.21,1.53,45.76,16.54,28.37,80.7
2026-02-02 14:00:00,-1.88,24.0,8.29,0.15,65,46.56,69.69,71.17,20.26,350521.73,3.04,42.04,15.48,27.14,83.0
2026-02-02 15:00:00,-1.47,24.0,6.65,0.15,65,46.61,67.71,66.68,6.69,350504.94,1.0,46.64,16.79,25.21,84.7
2026-02-02 16:00:00,-1.17,24.0,5.86,0.15,65,48.13,61.71,60.8,3.21,350487.6,0.48,48.55,17.34,22.74,79.9
2026-02-02 17:00:00,-0.64,24.0,6.66,0.252,65,49.81,52.85,53.92,6.75,350470.69,1.7,47.04,16.91,19.92,85.1
2026-02-02 18:00:00,-0.32,24.0,6.68,0.354,65,44.2,45.39,46.48,6.85,350455.6,2.43,40.68,15.09,16.94,82.4
2026-02-02 19:00:00,-0.29,24.0,6.55,0.456,65,46.96,33.8,38.98,6.15,350440.99,2.81,38.98,14.61,14.01,81.6
2026-02-02 20:00:00,-0.61,24.0,5.49,0.558,65,44.47,30.13,31.92,2.11,350425.66,1.18,41.5,15.33,11.31,87.5
2026-02-02 21:00:00,-1.92,24.0,8.34,0.5099,65,50.04,27.21,25.8,20.85,350410.53,10.63,40.82,15.13,9.02,84.8
2026-02-02 22:00:00,-1.94,24.0,9.17,0.458,65,49.54,25.44,21.04,32.19,350395.86,14.74,39.2,14.67,7.27,83.2
2026-02-02 23:00:00,-2.09,24.0,7.64,0.4131,65,45.89,20.14,18.03,13.74,350380.29,5.68,42.33,15.56,6.17,86.4
2026-02-03 00:00:00,-2.31,24.0,6.26,0.3803,63,49.86,18.52,16.23,4.73,350362.44,1.8,50.35,17.85,5.52,77.2
2026-02-03 01:00:00,-3.27,24.0,10.07,0.3276,63,46.93,17.27,17.2,48.54,350350.08,15.9,31.09,12.36,5.9,76.9
2026-02-03 02:00:00,-4.04,24.0,10.36,0.271,63,49.63,20.81,19.93,54.74,350336.41,14.84,35.68,13.67,6.99,80.3
2026-02-03 03:00:00,-3.44,24.0,9.6,0.2176,63,47.38,27.36,25.06,39.42,350321.2,8.58,41.11,15.22,8.75,81.9
2026-02-03 04:00:00,-3.44,24.0,10.11,0.1582,63,50.33,27.94,31.03,49.36,350306.46,7.81,39.42,14.74,11.04,86.2
2026-02-03 05:00:00,-2.93,24.0,10.73,0.15,63,51.74,37.91,36.88,63.46,350290.64,9.52,43.24,15.82,13.74,79.7
2026-02-03 06:00:00,-2.76,24.0,11.3,0.15,63,46.54,46.4,42.83,78.42,350276.21,11.76,38.36,14.43,16.67,79.9
2026-02-03 07:00:00,-2.54,24.0,10.48,0.15,63,49.82,48.74,51.99,57.31,350261.89,8.6,37.97,14.32,19.65,88.5
2026-02-03 08:00:00,-1.73,24.0,9.72,0.15,63,47.15,56.01,60.15,41.67,350247.91,6.25,36.76,13.98,22.47,78.3
2026-02-03 09:00:00,-1.8,24.0,7.27,0.15,63,45.52,66.04,66.04,10.72,350231.89,1.61,43.92,16.02,24.94,88.7
2026-02-03 10:00:00,-1.48,24.0,9.94,0.15,63,46.37,66.38,70.54,45.76,350218.32,6.86,35.35,13.58,26.87,83.9
2026-02-03 11:00:00,-1.53,24.0,9.95,0.15,63,48.64,72.05,73.36,46.1,350203.3,6.91,40.41,15.02,28.1,80.0
2026-02-03 12:00:00,-1.59,24.0,8.55,0.15,63,49.53,67.98,74.32,23.43,350188.49,3.51,39.67,14.81,28.52,78.3
2026-02-03 13:00:00,-1.62,24.0,10.76,0.15,63,48.18,70.68,70.56,64.2,350173.97,9.63,38.68,14.52,28.1,82.9
2026-02-03 14:00:00,-1.39,24.0,12.3,0.15,63,47.07,61.85,62.44,100.0,350161.5,15.0,31.48,12.47,26.87,87.2
2026-02-03 15:00:00,-1.65,24.0,14.98,0.15,63,47.6,64.59,49.6,100.0,350144.43,15.0,47.6,17.07,24.94,83.7
2026-02-03 16:00:00,-0.93,24.0,14.93,0.252,63,44.83,55.39,45.31,100.0,350132.46,25.2,29.71,11.97,22.47,88.9
2026-02-03 17:00:00,-1.59,24.0,17.84,0.15,63,47.68,46.12,32.37,100.0,350115.73,15.0,46.43,16.73,19.65,88.2
2026-02-03 18:00:00,-1.88,24.0,14.34,0.15,63,44.68,41.54,35.86,100.0,350102.16,15.0,35.35,13.57,16.67,87.6
2026-02-03 19:00:00,-2.37,24.0,14.25,0.15,63,48.41,35.5,30.16,100.0,350087.61,15.0,38.75,14.54,13.74,87.5
2026-02-03 20:00:00,-1.75,24.0,14.05,0.15,63,51.45,31.16,24.88,100.0,350071.94,15.0,42.73,15.68,11.04,81.0
2026-02-03 21:00:00,-1.92,24.0,11.58,0.15,63,47.0,23.55,23.08,86.76,350058.61,13.01,34.46,13.32,8.75,87.5
2026-02-03 22:00:00,-1.58,24.0,9.26,0.15,63,49.92,15.17,20.3,33.59,350043.79,5.04,39.75,14.83,6.99,94.5
2026-02-03 23:00:00,-2.76,24.0,12.36,0.15,63,50.75,19.08,15.23,100.0,350029.0,15.0,39.6,14.79,5.9,87.8
2026-02-04 00:00:00,-2.98,24.0,10.61,0.15,61,52.79,19.46,14.98,60.48,350011.76,9.07,48.2,17.24,5.24,80.8
2026-02-04 01:00:00,-2.63,24.0,11.79,0.15,61,42.19,21.67,15.02,93.09,349998.32,13.96,34.88,13.44,5.62,80.1
2026-02-04 02:00:00,-2.7,24.0,8.62,0.15,61,49.58,23.31,19.53,24.4,349980.66,3.66,49.7,17.67,6.72,83.5
2026-02-04 03:00:00,-2.12,24.0,6.61,0.15,61,49.58,21.34,24.32,6.47,349964.15,0.97,45.63,16.5,8.47,87.3
2026-02-04 04:00:00,-2.43,24.0,7.09,0.15,61,50.52,26.73,30.48,9.36,349947.72,1.4,45.36,16.43,10.77,84.1
2026-02-04 05:00:00,-1.5,24.0,6.64,0.15,61,49.96,32.87,37.57,6.6,349931.61,0.99,44.27,16.12,13.47,78.3
2026-02-04 06:00:00,0.02,24.0,7.94,0.252,61,46.53,39.19,45.11,16.58,349917.72,4.18,36.44,13.88,16.4,88.8
2026-02-04 07:00:00,-0.04,24.0,8.39,0.354,61,45.58,44.12,52.58,21.48,349905.81,7.6,29.52,11.91,19.37,89.7
2026-02-04 08:00:00,-0.11,24.0,6.86,0.456,61,43.06,56.88,59.49,7.9,349891.8,3.6,36.85,14.0,22.19,80.5
2026-02-04 09:00:00,0.99,24.0,6.18,0.558,61,40.81,68.87,65.39,4.4,349876.38,2.46,41.84,15.42,24.66,90.5
2026-02-04 10:00:00,2.15,24.0,6.51,0.66,61,47.95,66.75,69.9,5.93,349861.23,3.92,40.89,15.15,26.59,87.2
2026-02-04 11:00:00,2.01,24.0,6.02,0.762,61,43.66,68.9,72.72,3.78,349847.19,2.88,36.96,14.03,27.82,88.9
2026-02-04 12:00:00,1.91,24.0,8.0,0.864,61,44.23,67.99,73.69,17.14,349836.93,14.81,23.72,10.26,28.24,89.0
2026-02-04 13:00:00,1.84,24.0,7.91,0.966,61,46.99,61.93,72.72,16.2,349827.58,15.65,20.55,9.36,27.82,87.8
2026-02-04 14:00:00,1.07,24.0,6.6,1.0,61,44.96,63.22,69.9,6.42,349815.0,6.42,31.86,12.58,26.59,83.8
2026-02-04 15:00:00,0.5,24.0,7.14,1.0,61,42.45,63.09,65.39,9.76,349802.84,9.76,30.39,12.16,24.66,87.9
2026-02-04 16:00:00,-0.18,24.0,6.04,1.0,61,41.52,51.6,59.49,3.87,349790.86,3.87,29.76,11.98,22.19,85.1
2026-02-04 17:00:00,-0.77,24.0,5.45,1.0,61,45.41,47.54,52.58,2.01,349776.42,2.01,38.36,14.43,19.37,86.1
2026-02-04 18:00:00,-0.98,24.0,5.47,1.0,61,46.74,38.18,45.11,2.06,349762.17,2.06,37.74,14.26,16.4,82.9
2026-02-04 19:00:00,-1.08,24.0,8.03,0.953,61,48.43,33.77,37.57,17.45,349750.69,16.63,28.0,11.48,13.47,86.2
2026-02-04 20:00:00,-0.42,24.0,10.45,1.0,61,45.38,34.86,29.79,56.74,349747.19,56.74,0.0,3.5,10.77,84.7
2026-02-04 21:00:00,-1.33,24.0,11.36,0.939,61,47.11,28.33,22.66,80.25,349743.69,75.35,0.0,3.5,8.47,79.0
2026-02-04 22:00:00,-1.04,24.0,10.03,0.8797,61,43.71,20.98,19.5,47.65,349739.25,41.92,3.27,4.43,6.72,86.9
2026-02-04 23:00:00,-1.46,24.0,8.86,0.8259,61,49.55,24.39,16.49,27.62,349725.88,22.81,34.64,13.37,5.62,89.3
2026-02-05 00:00:00,-1.91,24.0,8.98,0.7736,60,54.58,21.18,14.65,29.41,349711.45,22.75,38.36,14.43,4.96,85.6
2026-02-05 01:00:00,-1.7,24.0,9.76,0.7185,60,50.49,18.68,15.7,42.45,349701.4,30.5,22.97,10.05,5.33,82.9
2026-02-05 02:00:00,-2.52,24.0,13.49,0.6404,60,51.57,16.53,15.48,100.0,349697.9,64.04,0.0,3.5,6.43,85.2
2026-02-05 03:00:00,-2.35,24.0,10.78,0.5818,60,49.4,22.12,22.64,64.54,349691.17,37.55,11.34,6.73,8.19,79.9
2026-02-05 04:00:00,-2.24,24.0,8.39,0.532,60,46.18,27.69,29.73,21.48,349678.35,11.43,32.71,12.82,10.49,87.3
2026-02-05 05:00:00,-1.87,24.0,9.22,0.4768,60,46.01,33.66,36.85,32.96,349667.12,15.71,27.11,11.23,13.19,88.1
2026-02-05 06:00:00,-1.57,24.0,10.52,0.417,60,48.88,41.27,43.25,58.33,349657.19,24.32,22.58,9.94,16.12,83.7
2026-02-05 07:00:00,0.09,24.0,11.54,0.519,60,46.96,45.29,47.88,85.56,349653.69,44.4,0.0,3.5,19.09,85.7
2026-02-05 08:00:00,-0.1,24.0,11.4,0.621,60,43.08,50.9,54.69,81.35,349650.19,50.51,0.0,3.5,21.91,79.9
2026-02-05 09:00:00,-0.2,24.0,13.28,0.723,60,46.31,56.22,54.11,100.0,349646.69,72.3,0.0,3.5,24.38,87.8
2026-02-05 10:00:00,-0.35,24.0,12.01,0.825,60,45.79,64.92,62.3,100.0,349643.19,82.5,0.0,3.5,26.31,83.7
2026-02-05 11:00:00,-0.47,24.0,13.17,0.927,60,46.82,62.52,60.65,100.0,349639.69,92.7,0.0,3.5,27.54,72.0
2026-02-05 12:00:00,-0.67,24.0,14.83,1.0,60,46.83,66.63,55.42,100.0,349636.19,100.0,0.0,3.5,27.96,85.1
2026-02-05 13:00:00,0.18,24.0,14.62,1.0,60,45.9,65.53,55.41,100.0,349632.69,100.0,0.0,3.5,27.54,84.7
2026-02-05 14:00:00,1.11,24.0,12.27,1.0,60,40.72,64.62,61.37,100.0,349629.19,100.0,0.0,3.5,26.31,80.9
2026-02-05 15:00:00,0.75,24.0,10.18,1.0,60,49.01,59.25,64.14,50.79,349625.69,50.79,0.0,3.5,24.38,90.5
2026-02-05 16:00:00,0.16,24.0,9.92,1.0,60,48.11,51.5,58.81,45.53,349622.19,45.53,0.0,3.5,21.91,83.1
2026-02-05 17:00:00,0.3,24.0,9.41,1.0,60,44.97,53.6,51.89,36.08,349615.67,36.08,10.6,6.52,19.09,81.7
2026-02-05 18:00:00,-0.24,24.0,10.98,1.0,60,42.77,39.5,42.22,69.77,349612.17,69.77,0.0,3.5,16.12,90.4
2026-02-05 19:00:00,-0.11,24.0,8.83,1.0,60,46.4,40.64,36.85,27.25,349602.12,27.25,22.95,10.04,13.19,87.0
2026-02-05 20:00:00,-0.28,24.0,7.95,1.0,60,42.21,24.54,29.73,16.68,349592.83,16.68,20.34,9.3,10.49,80.0
2026-02-05 21:00:00,-1.51,24.0,9.17,0.9477,60,51.03,20.13,23.55,32.22,349584.47,30.54,17.06,8.36,8.19,83.9
2026-02-05 22:00:00,-0.87,24.0,7.51,1.0,60,46.0,14.85,18.75,12.62,349572.57,12.62,29.47,11.9,6.43,80.5
2026-02-05 23:00:00,-0.08,24.0,7.23,1.0,60,43.81,19.69,15.7,10.41,349558.41,10.41,37.39,14.16,5.33,78.8
2026-02-06 00:00:00,-0.9,24.0,7.26,1.0,58,47.68,20.8,13.84,10.62,349542.36,10.62,44.02,16.04,4.67,77.8
2026-02-06 01:00:00,-1.35,24.0,8.12,0.9517,58,46.06,14.69,14.89,18.38,349530.78,17.49,28.37,11.59,5.04,87.5
2026-02-06 02:00:00,-1.33,24.0,7.06,0.9133,58,46.45,19.99,17.96,9.15,349515.84,8.36,40.13,14.94,6.15,80.1
2026-02-06 03:00:00,-1.21,24.0,9.17,0.8638,58,45.13,21.55,22.77,32.23,349507.76,27.84,16.07,8.08,7.9,79.3
2026-02-06 04:00:00,-0.83,24.0,8.85,0.9658,58,47.66,21.81,28.97,27.47,349500.28,26.53,13.97,7.48,10.2,83.3
2026-02-06 05:00:00,0.44,24.0,10.95,1.0,58,45.68,33.88,34.39,68.96,349496.78,68.96,0.0,3.5,12.9,98.0
2026-02-06 06:00:00,0.42,24.0,10.19,1.0,58,47.31,43.56,43.26,51.04,349493.28,51.04,0.0,3.5,15.84,87.8
2026-02-06 07:00:00,0.09,24.0,8.99,1.0,58,41.42,51.84,51.18,29.43,349486.17,29.43,12.66,7.11,18.81,89.3
2026-02-06 08:00:00,-0.55,24.0,7.61,1.0,58,43.18,48.67,58.12,13.41,349476.88,13.41,20.32,9.29,21.63,79.9
2026-02-06 09:00:00,-0.77,24.0,5.63,1.0,58,45.06,62.12,64.05,2.49,349461.8,2.49,40.64,15.08,24.1,86.7
2026-02-06 10:00:00,-0.56,24.0,6.61,1.0,58,48.31,64.87,68.57,6.48,349447.43,6.48,38.14,14.37,26.02,84.7
2026-02-06 11:00:00,0.74,24.0,5.75,1.0,58,41.86,63.09,71.41,2.85,349435.18,2.85,30.69,12.25,27.25,82.1
2026-02-06 12:00:00,0.59,24.0,6.22,1.0,58,43.13,59.64,72.38,4.57,349424.32,4.57,25.82,10.86,27.67,84.5
2026-02-06 13:00:00,0.84,24.0,7.24,1.0,58,48.12,65.2,71.41,10.48,349411.87,10.48,31.43,12.46,27.25,82.5
2026-02-06 14:00:00,0.88,24.0,6.88,1.0,58,46.17,57.37,68.57,8.03,349400.69,8.03,26.94,11.18,26.02,86.4
2026-02-06 15:00:00,1.58,24.0,6.24,1.0,58,47.38,60.0,64.05,4.69,349386.18,4.69,38.64,14.51,24.1,85.2
2026-02-06 16:00:00,2.5,24.0,8.07,1.0,58,44.8,51.91,58.12,17.83,349376.76,17.83,20.76,9.42,21.63,83.8
2026-02-06 17:00:00,2.5,24.0,10.78,1.0,58,48.89,44.9,49.19,64.52,349373.26,64.52,0.0,3.5,18.81,85.7
2026-02-06 18:00:00,1.97,24.0,8.69,1.0,58,41.81,41.65,43.68,25.27,349365.62,25.27,14.51,7.64,15.84,90.9
2026-02-06 19:00:00,2.31,24.0,7.45,1.0,58,44.53,41.1,36.11,12.12,349351.46,12.12,37.4,14.16,12.9,81.0
2026-02-06 20:00:00,2.39,24.0,10.57,1.0,58,44.35,32.42,28.14,59.57,349347.96,59.57,0.0,3.5,10.2,84.1
2026-02-06 21:00:00,2.5,24.0,8.16,1.0,58,44.37,22.76,22.77,18.82,349337.18,18.82,25.54,10.78,7.9,88.6
2026-02-06 22:00:00,2.5,24.0,11.52,1.0,58,42.24,20.79,16.59,84.77,349333.68,84.77,0.0,3.5,6.15,83.9
2026-02-06 23:00:00,2.5,24.0,8.44,1.0,58,46.22,18.79,14.89,22.12,349322.21,22.12,27.99,11.48,5.04,93.2
2026-02-07 00:00:00,2.41,24.0,10.26,1.0,56,42.31,17.64,12.84,52.51,349318.71,52.51,0.0,3.5,4.37,92.6
2026-02-07 01:00:00,2.5,24.0,9.15,1.0,56,42.07,23.61,14.07,31.9,349309.59,31.9,19.71,9.12,4.75,92.9
2026-02-07 02:00:00,2.5,24.0,11.43,1.0,56,39.3,20.43,15.92,82.17,349306.09,82.17,0.0,3.5,5.85,90.2
2026-02-07 03:00:00,2.5,24.0,10.02,1.0,56,43.37,23.98,21.96,47.41,349302.59,47.41,0.0,3.5,7.61,91.8
2026-02-07 04:00:00,2.5,24.0,10.21,1.0,56,45.32,28.76,27.9,51.44,349299.09,51.44,0.0,3.5,9.91,87.0
2026-02-07 05:00:00,2.5,24.0,8.18,1.0,56,45.63,33.36,35.35,19.03,349288.58,19.03,24.61,10.51,12.62,84.0
2026-02-07 06:00:00,2.5,24.0,7.43,1.0,56,44.51,36.86,42.94,11.91,349277.52,11.91,26.51,11.06,15.55,84.3
2026-02-07 07:00:00,2.5,24.0,8.91,1.0,56,43.53,43.89,50.46,28.25,349271.54,28.25,8.71,5.98,18.52,79.1
2026-02-07 08:00:00,2.5,24.0,8.94,1.0,56,44.11,53.51,57.42,28.8,349264.79,28.8,11.4,6.75,21.34,85.1
2026-02-07 09:00:00,2.5,24.0,11.14,1.0,56,43.52,59.62,59.73,74.1,349261.29,74.1,0.0,3.5,23.81,85.4
2026-02-07 10:00:00,2.5,24.0,10.2,1.0,56,49.52,57.75,67.23,51.12,349257.79,51.12,0.0,3.5,25.73,86.0
2026-02-07 11:00:00,2.5,24.0,11.48,1.0,56,42.3,60.95,65.49,83.74,349254.29,83.74,0.0,3.5,26.95,98.0
2026-02-07 12:00:00,2.5,24.0,10.51,1.0,56,43.29,61.97,69.88,58.04,349250.79,58.04,0.0,3.5,27.37,83.2
2026-02-07 13:00:00,2.5,24.0,13.25,1.0,56,45.0,60.21,59.24,100.0,349247.29,100.0,0.0,3.5,26.95,85.8
2026-02-07 14:00:00,2.5,24.0,14.71,1.0,56,42.59,55.18,51.91,100.0,349243.79,100.0,0.0,3.5,25.73,97.6
2026-02-07 15:00:00,2.5,24.0,12.4,1.0,56,45.1,53.88,55.75,100.0,349240.29,100.0,0.0,3.5,23.81,83.4
2026-02-07 16:00:00,2.5,24.0,13.19,1.0,56,41.4,52.44,48.26,100.0,349236.79,100.0,0.0,3.5,21.34,81.7
2026-02-07 17:00:00,2.5,24.0,13.46,1.0,56,45.27,48.18,41.73,100.0,349233.29,100.0,0.0,3.5,18.52,85.9
2026-02-07 18:00:00,2.5,24.0,11.08,1.0,56,44.02,37.93,40.62,72.44,349229.79,72.44,0.0,3.5,15.55,83.4
2026-02-07 19:00:00,2.5,24.0,10.85,1.0,56,43.36,34.9,33.84,66.43,349226.29,66.43,0.0,3.5,12.62,92.3
2026-02-07 20:00:00,2.5,24.0,8.59,1.0,56,44.36,27.82,28.2,24.0,349217.1,24.0,19.98,9.19,9.91,87.6
2026-02-07 21:00:00,2.5,24.0,10.1,1.0,56,43.81,24.49,21.87,49.17,349213.6,49.17,0.0,3.5,7.61,81.4
2026-02-07 22:00:00,2.5,24.0,8.54,1.0,56,44.11,24.52,17.14,23.36,349202.08,23.36,28.13,11.52,5.85,88.5
2026-02-07 23:00:00,2.5,24.0,6.93,1.0,56,46.69,16.14,14.07,8.34,349187.06,8.34,40.42,15.02,4.75,87.8
2026-02-08 00:00:00,2.5,24.0,7.09,1.0,54,48.96,16.73,12.17,9.39,349170.98,9.39,44.13,16.08,4.08,80.0
2026-02-08 01:00:00,2.5,24.0,7.82,1.0,54,39.05,14.75,13.23,15.38,349160.3,15.38,25.2,10.68,4.45,89.1
2026-02-08 02:00:00,2.5,24.0,9.68,1.0,54,44.49,23.77,16.32,40.82,349153.63,40.82,11.12,6.67,5.55,89.4
2026-02-08 03:00:00,2.5,24.0,12.5,1.0,54,42.18,20.7,18.53,100.0,349150.13,100.0,0.0,3.5,7.31,80.1
2026-02-08 04:00:00,2.5,24.0,11.2,1.0,54,44.25,27.74,25.76,75.64,349146.63,75.64,0.0,3.5,9.62,80.8
2026-02-08 05:00:00,2.5,24.0,8.77,1.0,54,45.89,34.82,34.58,26.3,349137.48,26.3,19.82,9.15,12.32,85.1
2026-02-08 06:00:00,2.5,24.0,9.74,1.0,54,50.25,43.48,42.19,41.95,349131.25,41.95,9.59,6.23,15.26,83.8
2026-02-08 07:00:00,2.5,24.0,9.67,1.0,54,44.29,41.06,49.73,40.68,349127.75,40.68,0.0,3.5,18.23,89.9
2026-02-08 08:00:00,2.5,24.0,9.21,1.0,54,45.29,54.27,56.7,32.82,349121.38,32.82,10.04,6.36,21.05,84.7
2026-02-08 09:00:00,2.5,24.0,8.4,1.0,54,42.99,50.73,62.65,21.65,349115.2,21.65,9.43,6.19,23.51,86.0
2026-02-08 10:00:00,2.5,24.0,8.49,1.0,54,42.87,56.81,67.2,22.73,349108.92,22.73,9.76,6.28,25.43,81.6
2026-02-08 11:00:00,2.5,24.0,7.99,1.0,54,42.77,61.18,70.04,17.09,349100.62,17.09,16.82,8.29,26.66,91.6
2026-02-08 12:00:00,2.5,24.0,9.22,1.0,54,43.42,62.34,71.02,33.09,349096.65,33.09,1.66,3.97,27.08,83.1
2026-02-08 13:00:00,2.5,24.0,9.23,1.0,54,43.96,66.41,70.04,33.1,349091.09,33.1,7.22,5.56,26.66,81.7
2026-02-08 14:00:00,2.5,24.0,10.85,1.0,54,48.13,60.37,64.36,66.24,349087.59,66.24,0.0,3.5,25.43,87.1
2026-02-08 15:00:00,2.5,24.0,10.38,1.0,54,44.24,56.47,61.45,55.18,349084.09,55.18,0.0,3.5,23.51,92.2
2026-02-08 16:00:00,2.5,24.0,8.99,1.0,54,46.22,52.02,56.7,29.46,349077.15,29.46,12.08,6.94,21.05,89.1
2026-02-08 17:00:00,2.5,24.0,10.48,1.0,54,45.65,48.94,48.53,57.48,349073.65,57.48,0.0,3.5,18.23,84.1
2026-02-08 18:00:00,2.5,24.0,10.17,1.0,54,47.09,37.03,41.83,50.62,349070.15,50.62,0.0,3.5,15.26,84.8
2026-02-08 19:00:00,2.5,24.0,8.72,1.0,54,40.82,27.96,34.58,25.68,349064.22,25.68,8.51,5.93,12.32,80.1
2026-02-08 20:00:00,2.5,24.0,9.16,1.0,54,45.75,27.31,27.41,32.1,349056.86,32.1,13.56,7.36,9.62,96.5
2026-02-08 21:00:00,2.5,24.0,8.54,1.0,54,45.51,22.27,21.17,23.3,349046.72,23.3,23.3,10.14,7.31,94.6
2026-02-08 22:00:00,2.5,24.0,10.12,1.0,54,44.78,18.7,16.22,49.42,349043.22,49.42,0.0,3.5,5.55,88.3
2026-02-08 23:00:00,2.5,24.0,9.55,1.0,54,47.37,23.37,13.23,38.46,349034.29,38.46,19.04,8.93,4.45,86.8
2026-02-09 00:00:00,1.48,24.0,10.19,1.0,52,44.73,20.37,11.2,50.89,349029.93,50.89,3.02,4.36,3.77,80.5
2026-02-09 01:00:00,1.65,24.0,8.24,1.0,52,46.93,12.4,12.37,19.76,349018.68,19.76,27.2,11.25,4.15,85.5
2026-02-09 02:00:00,1.59,24.0,8.01,1.0,52,45.37,17.4,15.48,17.27,349006.63,17.27,30.02,12.06,5.25,90.6
2026-02-09 03:00:00,1.11,24.0,13.27,1.0,52,45.54,23.11,17.03,100.0,349003.13,100.0,0.0,3.5,7.01,89.5
2026-02-09 04:00:00,0.28,24.0,15.35,1.0,52,45.7,27.77,19.48,100.0,348999.63,100.0,0.0,3.5,9.32,83.0
2026-02-09 05:00:00,0.83,24.0,14.73,1.0,52,44.56,35.53,25.8,100.0,348996.13,100.0,0.0,3.5,12.02,89.6
2026-02-09 06:00:00,1.3,24.0,15.11,1.0,52,48.44,42.9,30.84,100.0,348992.63,100.0,0.0,3.5,14.96,91.8
2026-02-09 07:00:00,1.37,24.0,15.89,1.0,52,47.37,45.76,34.56,100.0,348989.13,100.0,0.0,3.5,17.93,86.2
2026-02-09 08:00:00,2.5,24.0,17.86,1.0,52,44.87,52.17,33.97,100.0,348985.63,100.0,0.0,3.5,20.75,91.8
2026-02-09 09:00:00,2.17,24.0,19.97,1.0,52,45.38,51.21,31.07,100.0,348982.13,100.0,0.0,3.5,23.21,94.9
2026-02-09 10:00:00,1.43,24.0,21.6,1.0,52,46.06,57.06,27.93,100.0,348978.63,100.0,0.0,3.5,25.13,95.6
2026-02-09 11:00:00,1.18,24.0,21.9,1.0,52,46.78,59.01,28.08,100.0,348975.13,100.0,0.0,3.5,26.35,82.9
2026-02-09 12:00:00,1.3,24.0,23.45,1.0,52,48.55,56.94,23.04,100.0,348971.63,100.0,0.0,3.5,26.77,88.2
2026-02-09 13:00:00,1.55,24.0,22.99,1.0,52,46.99,62.95,24.31,100.0,348968.13,100.0,0.0,3.5,26.35,89.7
2026-02-09 14:00:00,1.43,24.0,21.42,1.0,52,44.62,59.48,28.54,100.0,348964.63,100.0,0.0,3.5,25.13,86.0
2026-02-09 15:00:00,1.62,24.0,21.75,1.0,52,43.2,60.84,25.55,100.0,348961.13,100.0,0.0,3.5,23.21,92.4
2026-02-09 16:00:00,0.75,24.0,24.18,1.0,52,47.18,52.3,16.79,100.0,348957.63,100.0,0.0,3.5,20.75,85.8
2026-02-09 17:00:00,1.46,24.0,24.24,1.0,52,45.64,45.53,14.7,100.0,348954.13,100.0,0.0,3.5,17.93,85.3
2026-02-09 18:00:00,1.18,24.0,23.04,1.0,52,42.84,43.05,14.42,100.0,348950.63,100.0,0.0,3.5,14.96,79.3
2026-02-09 19:00:00,1.57,24.0,22.08,1.0,52,46.88,30.06,13.38,100.0,348947.13,100.0,0.0,3.5,12.02,77.7
2026-02-09 20:00:00,1.45,24.0,22.76,1.0,52,48.34,21.06,9.64,100.0,348943.63,100.0,0.0,3.5,9.32,84.3
2026-02-09 21:00:00,1.37,24.0,20.25,1.0,52,45.02,24.44,9.92,100.0,348940.13,100.0,0.0,3.5,7.01,71.5
2026-02-09 22:00:00,1.36,24.0,17.67,1.0,52,48.45,20.15,9.55,100.0,348936.63,100.0,0.0,3.5,5.25,92.2
2026-02-09 23:00:00,1.29,24.0,19.11,1.0,52,46.69,17.71,6.74,100.0,348933.13,100.0,0.0,3.5,4.15,90.4
2026-02-10 00:00:00,1.17,24.0,18.12,1.0,50,42.45,16.05,6.2,100.0,348929.63,100.0,0.0,3.5,3.46,89.3
2026-02-10 01:00:00,1.71,24.0,14.63,1.0,50,45.93,15.59,8.84,100.0,348926.13,100.0,0.0,3.5,3.84,91.8
2026-02-10 02:00:00,1.62,24.0,12.12,1.0,50,41.1,18.54,13.07,100.0,348922.63,100.0,0.0,3.5,4.95,84.8
2026-02-10 03:00:00,1.91,24.0,9.67,1.0,50,45.78,21.85,19.51,40.71,348917.01,40.71,7.41,5.61,6.71,87.5
2026-02-10 04:00:00,1.78,24.0,8.13,1.0,50,42.75,28.09,25.79,18.48,348905.94,18.48,26.57,11.07,9.02,84.5
2026-02-10 05:00:00,2.5,24.0,11.01,1.0,50,45.42,27.25,31.34,70.5,348902.44,70.5,0.0,3.5,11.72,92.4
2026-02-10 06:00:00,2.29,24.0,10.02,1.0,50,46.49,40.88,40.62,47.4,348898.94,47.4,0.0,3.5,14.66,74.0
2026-02-10 07:00:00,2.5,24.0,11.4,1.0,50,43.71,42.98,44.85,81.26,348895.44,81.26,0.0,3.5,17.63,92.4
2026-02-10 08:00:00,2.5,24.0,9.53,1.0,50,48.72,49.41,55.23,38.15,348890.59,38.15,4.75,4.85,20.45,77.8
2026-02-10 09:00:00,2.5,24.0,9.46,1.0,50,42.97,51.87,61.2,36.92,348887.09,36.92,0.0,3.5,22.91,85.8
2026-02-10 10:00:00,2.5,24.0,7.24,1.0,50,40.29,59.26,65.77,10.44,348876.93,10.44,23.34,10.15,24.82,81.6
2026-02-10 11:00:00,2.5,24.0,8.72,1.0,50,44.94,65.0,68.63,25.68,348868.98,25.68,15.63,7.96,26.04,86.2
2026-02-10 12:00:00,2.5,24.0,9.0,1.0,50,48.0,62.37,69.6,29.64,348862.31,29.64,11.13,6.67,26.46,84.1
2026-02-10 13:00:00,2.5,24.0,9.37,1.0,50,44.95,58.16,68.63,35.47,348858.81,35.47,0.0,3.5,26.04,85.0
2026-02-10 14:00:00,2.5,24.0,7.4,1.0,50,43.7,52.6,65.77,11.7,348849.94,11.7,18.83,8.87,24.82,89.6
2026-02-10 15:00:00,1.69,24.0,6.76,1.0,50,41.37,52.26,61.2,7.28,348839.27,7.28,25.16,10.67,22.91,87.4
2026-02-10 16:00:00,1.3,24.0,5.68,1.0,50,43.74,47.58,55.23,2.63,348826.24,2.63,33.46,13.04,20.45,91.0
2026-02-10 17:00:00,-0.33,24.0,5.81,1.0,50,43.0,44.82,48.23,3.05,348812.32,3.05,36.55,13.92,17.63,86.8
2026-02-10 18:00:00,-1.5,24.0,7.1,0.9633,50,47.86,35.58,40.65,9.45,348799.22,9.1,33.69,13.1,14.66,75.9
2026-02-10 19:00:00,-1.29,24.0,7.79,0.9126,50,47.72,29.21,33.0,15.06,348787.12,13.75,30.18,12.1,11.72,95.8
2026-02-10 20:00:00,-1.11,24.0,8.45,0.8699,50,44.63,24.92,25.79,22.24,348776.66,19.35,24.41,10.46,9.02,74.2
2026-02-10 21:00:00,-1.16,24.0,8.69,0.8193,50,46.09,21.08,19.51,25.32,348765.49,20.74,26.91,11.17,6.71,85.7
2026-02-10 22:00:00,-2.07,24.0,7.91,0.7724,50,51.39,17.59,14.62,16.23,348750.07,12.53,41.82,15.42,4.95,87.1
2026-02-10 23:00:00,-2.39,24.0,7.24,0.7307,50,47.76,16.54,11.5,10.49,348733.71,7.67,45.14,16.36,3.84,84.7
2026-02-11 00:00:00,-2.86,24.0,6.34,0.6954,48,48.43,13.07,9.53,5.12,348716.41,3.56,48.42,17.3,3.15,81.9
2026-02-11 01:00:00,-3.76,24.0,8.58,0.6431,48,51.24,18.76,10.61,23.81,348700.35,15.31,44.07,16.06,3.53,89.6
2026-02-11 02:00:00,-2.98,24.0,9.03,0.5888,48,46.52,15.11,13.75,30.13,348688.25,17.74,30.15,12.09,4.64,88.4
2026-02-11 03:00:00,-2.52,24.0,7.83,0.5447,48,51.0,23.56,18.66,15.42,348671.22,8.4,47.51,17.04,6.4,83.0
2026-02-11 04:00:00,-2.67,24.0,6.93,0.5066,48,48.23,28.8,24.96,8.31,348654.08,4.21,47.86,17.14,8.71,80.8
2026-02-11 05:00:00,-2.59,24.0,9.17,0.4574,48,46.46,27.19,32.19,32.27,348642.97,14.76,26.7,11.11,11.42,79.0
2026-02-11 06:00:00,-2.34,24.0,10.0,0.4033,48,49.81,41.93,39.86,46.98,348630.08,18.95,32.92,12.88,14.35,79.6
2026-02-11 07:00:00,-3.4,24.0,10.22,0.3462,48,49.19,45.9,46.94,51.56,348617.95,17.85,30.3,12.14,17.32,82.2
2026-02-11 08:00:00,-3.32,24.0,9.46,0.2985,48,48.22,48.6,54.47,36.97,348605.52,11.03,31.31,12.42,20.14,74.2
2026-02-11 09:00:00,-3.48,24.0,8.42,0.2513,48,50.55,49.89,60.46,21.79,348592.19,5.48,34.5,13.33,22.6,82.4
2026-02-11 10:00:00,-3.83,24.0,11.76,0.1824,48,53.25,48.84,59.3,92.33,348581.3,16.84,25.95,10.89,24.51,86.1
2026-02-11 11:00:00,-3.75,24.0,12.13,0.15,48,49.91,58.32,60.67,100.0,348568.52,15.0,32.56,12.78,25.73,79.4
2026-02-11 12:00:00,-2.45,24.0,10.46,0.15,48,46.68,59.18,67.28,57.06,348556.46,8.56,30.03,12.06,26.15,83.0
2026-02-11 13:00:00,-1.92,24.0,11.51,0.15,48,43.03,60.97,62.76,84.63,348544.82,12.69,28.55,11.64,25.73,85.1
2026-02-11 14:00:00,-2.18,24.0,11.75,0.15,48,45.19,50.63,59.35,91.81,348534.85,13.77,22.7,9.97,24.51,85.8
2026-02-11 15:00:00,-1.82,24.0,10.18,0.15,48,46.76,55.82,59.93,50.67,348521.37,7.6,35.04,13.49,22.6,82.6
2026-02-11 16:00:00,-1.03,24.0,9.5,0.15,48,43.73,51.48,54.47,37.61,348507.86,5.64,35.1,13.5,20.14,93.0
2026-02-11 17:00:00,-0.62,24.0,8.16,0.252,48,44.42,43.88,47.46,18.79,348494.07,4.74,36.11,13.79,17.32,84.6
2026-02-11 18:00:00,-0.79,24.0,6.87,0.354,48,50.47,32.68,39.86,7.95,348479.04,2.81,40.47,15.03,14.35,77.8
2026-02-11 19:00:00,-1.45,24.0,8.26,0.308,48,49.95,30.2,32.19,19.94,348463.62,6.14,41.82,15.42,11.42,82.0
2026-02-11 20:00:00,-1.32,24.0,7.58,0.2613,48,45.24,22.01,24.96,13.16,348449.05,3.44,38.85,14.57,8.71,90.5
2026-02-11 21:00:00,-1.39,24.0,9.27,0.2045,48,47.46,16.89,18.66,33.86,348434.5,6.93,38.77,14.55,6.4,90.1
2026-02-11 22:00:00,-1.17,24.0,13.4,0.15,48,44.44,14.72,11.41,100.0,348421.67,15.0,32.74,12.83,4.64,75.5
2026-02-11 23:00:00,-1.09,24.0,10.43,0.15,48,50.13,18.08,10.38,56.31,348404.09,8.45,49.38,17.57,3.53,82.7
2026-02-12 00:00:00,-0.96,24.0,9.84,0.252,47,46.64,14.37,8.62,43.88,348388.81,11.06,41.33,15.28,2.83,81.6
2026-02-12 01:00:00,-1.52,24.0,10.78,0.1877,47,49.66,16.43,9.33,64.65,348372.6,12.13,44.63,16.22,3.21,87.8
2026-02-12 02:00:00,-0.89,24.0,11.38,0.2897,47,44.64,19.93,11.97,80.8,348360.77,23.4,29.2,11.82,4.32,78.6
2026-02-12 03:00:00,-0.88,24.0,11.66,0.3917,47,49.88,20.5,16.32,89.08,348351.81,34.89,19.17,8.96,6.09,92.1
2026-02-12 04:00:00,0.34,24.0,10.29,0.4937,47,44.03,23.9,23.76,53.2,348343.2,26.26,17.91,8.6,8.4,77.9
2026-02-12 05:00:00,-0.06,24.0,9.67,0.5957,47,41.21,30.02,31.37,40.77,348335.26,24.29,15.58,7.94,11.11,84.3
2026-02-12 06:00:00,1.07,24.0,9.73,0.6977,47,44.62,41.02,39.06,41.89,348326.82,29.22,17.35,8.44,14.04,79.8
2026-02-12 07:00:00,1.31,24.0,12.53,0.7997,47,43.49,45.88,40.77,100.0,348323.32,79.97,0.0,3.5,17.01,89.3
2026-02-12 08:00:00,1.07,24.0,10.84,0.9017,47,47.21,40.08,51.45,66.12,348319.82,59.62,0.0,3.5,19.83,75.5
2026-02-12 09:00:00,0.96,24.0,12.44,1.0,47,43.64,50.66,52.41,100.0,348316.32,100.0,0.0,3.5,22.28,84.9
2026-02-12 10:00:00,0.95,24.0,10.57,1.0,47,46.18,55.78,62.45,59.58,348312.82,59.58,0.0,3.5,24.2,84.8
2026-02-12 11:00:00,1.38,24.0,13.74,1.0,47,43.5,63.9,54.59,100.0,348309.32,100.0,0.0,3.5,25.42,81.6
2026-02-12 12:00:00,1.83,24.0,12.94,1.0,47,43.14,57.64,58.13,100.0,348305.82,100.0,0.0,3.5,25.83,92.5
2026-02-12 13:00:00,1.56,24.0,11.6,1.0,47,45.0,56.51,61.8,87.14,348302.32,87.14,0.0,3.5,25.42,94.7
2026-02-12 14:00:00,1.57,24.0,11.18,1.0,47,46.17,55.02,60.5,75.01,348298.82,75.01,0.0,3.5,24.2,84.2
2026-02-12 15:00:00,2.5,24.0,9.68,1.0,47,41.57,51.77,59.7,40.91,348295.32,40.91,0.0,3.5,22.28,87.5
2026-02-12 16:00:00,2.5,24.0,8.62,1.0,47,47.03,48.07,53.7,24.33,348286.95,24.33,17.07,8.36,19.83,83.8
2026-02-12 17:00:00,2.5,24.0,7.21,1.0,47,47.06,43.1,46.67,10.26,348273.98,10.26,33.23,12.97,17.01,80.6
2026-02-12 18:00:00,2.5,24.0,6.21,1.0,47,44.33,35.63,39.06,4.54,348260.12,4.54,36.35,13.86,14.04,81.3
2026-02-12 19:00:00,2.5,24.0,6.4,1.0,47,44.58,35.98,31.37,5.37,348244.14,5.37,43.81,15.99,11.11,81.4
2026-02-12 20:00:00,2.5,24.0,8.11,1.0,47,39.17,25.19,24.12,18.33,348234.39,18.33,21.92,9.75,8.4,93.1
2026-02-12 21:00:00,2.26,24.0,8.67,1.0,47,48.97,23.98,17.79,24.98,348222.29,24.98,30.18,12.1,6.09,88.8
2026-02-12 22:00:00,1.73,24.0,7.19,1.0,47,44.29,18.16,12.86,10.12,348207.54,10.12,39.47,14.75,4.32,81.5
2026-02-12 23:00:00,0.37,24.0,9.21,1.0,47,47.38,15.88,9.71,32.85,348198.14,32.85,20.71,9.4,3.21,81.0
2026-02-13 00:00:00,0.08,24.0,9.43,1.0,45,43.67,17.91,7.69,36.41,348189.66,36.41,17.48,8.48,2.51,80.1
2026-02-13 01:00:00,0.22,24.0,12.0,1.0,45,45.01,9.57,7.91,99.95,348186.16,99.95,0.0,3.5,2.89,75.8
2026-02-13 02:00:00,-0.27,24.0,11.69,1.0,45,46.57,17.11,10.94,90.06,348182.66,90.06,0.0,3.5,4.0,87.4
2026-02-13 03:00:00,0.56,24.0,9.68,1.0,45,43.99,11.36,16.91,40.88,348179.16,40.88,0.0,3.5,5.77,84.8
2026-02-13 04:00:00,-0.24,24.0,9.3,1.0,45,41.93,20.89,23.26,34.37,348174.18,34.37,5.19,4.98,8.08,93.4
2026-02-13 05:00:00,-1.11,24.0,9.68,0.9515,45,46.44,27.38,30.54,40.86,348169.42,38.87,4.41,4.76,10.79,73.8
2026-02-13 06:00:00,-0.88,24.0,7.44,1.0,45,43.25,35.31,38.25,11.99,348157.85,11.99,28.32,11.57,13.73,88.6
2026-02-13 07:00:00,-0.1,24.0,5.7,1.0,45,43.26,42.02,45.88,2.69,348143.88,2.69,36.72,13.96,16.7,89.6
2026-02-13 08:00:00,1.09,24.0,5.2,1.0,45,43.61,41.29,52.92,1.46,348131.69,1.46,30.52,12.2,19.51,91.2
2026-02-13 09:00:00,0.99,24.0,5.34,1.0,45,45.17,49.37,58.94,1.75,348118.54,1.75,33.86,13.15,21.97,87.0
2026-02-13 10:00:00,1.82,24.0,6.05,1.0,45,43.59,53.34,63.53,3.89,348106.63,3.89,29.5,11.91,23.88,91.0
2026-02-13 11:00:00,1.96,24.0,6.76,1.0,45,42.32,62.7,66.41,7.29,348094.2,7.29,31.32,12.43,25.1,88.0
2026-02-13 12:00:00,1.97,24.0,6.0,1.0,45,45.41,56.79,67.39,3.7,348081.84,3.7,31.11,12.37,25.51,82.7
2026-02-13 13:00:00,2.5,24.0,7.42,1.0,45,46.43,52.72,66.41,11.84,348072.38,11.84,20.91,9.46,25.1,84.9
2026-02-13 14:00:00,2.5,24.0,8.13,1.0,45,41.95,56.95,63.53,18.5,348064.07,18.5,16.87,8.31,23.88,84.7
2026-02-13 15:00:00,1.96,24.0,7.58,1.0,45,45.04,50.05,58.94,13.18,348054.02,13.18,22.97,10.05,21.97,92.3
2026-02-13 16:00:00,2.5,24.0,5.78,1.0,45,46.66,48.53,52.92,2.95,348039.32,2.95,39.31,14.7,19.51,93.3
2026-02-13 17:00:00,2.5,24.0,5.0,1.0,45,45.22,44.03,45.88,1.1,348023.77,1.1,42.29,15.55,16.7,90.9
2026-02-13 18:00:00,2.5,24.0,5.68,1.0,45,42.34,32.82,38.25,2.64,348010.5,2.64,34.27,13.27,13.73,87.2
2026-02-13 19:00:00,2.5,24.0,5.3,1.0,45,45.53,28.55,30.54,1.66,347995.06,1.66,41.87,15.43,10.79,76.6
2026-02-13 20:00:00,2.5,24.0,5.84,1.0,45,45.0,23.43,23.26,3.15,347979.59,3.15,42.02,15.47,8.08,91.0
2026-02-13 21:00:00,2.34,24.0,7.13,1.0,45,45.33,22.75,16.91,9.63,347964.25,9.63,41.54,15.34,5.77,90.7
2026-02-13 22:00:00,1.62,24.0,7.74,1.0,45,45.08,22.45,11.95,14.59,347949.07,14.59,40.98,15.18,4.0,87.6
2026-02-13 23:00:00,0.86,24.0,7.07,1.0,45,40.56,21.76,8.78,9.27,347932.96,9.27,44.26,16.12,2.89,88.0
2026-02-14 00:00:00,0.3,24.0,7.0,1.0,43,44.62,15.52,6.74,8.77,347916.74,8.77,44.62,16.22,2.19,81.2
2026-02-14 01:00:00,0.75,24.0,7.9,1.0,43,47.09,21.03,7.84,16.1,347900.65,16.1,44.18,16.09,2.57,83.8
2026-02-14 02:00:00,0.87,24.0,9.77,1.0,43,48.16,18.35,11.04,42.61,347893.48,42.61,12.86,7.16,3.68,81.5
2026-02-14 03:00:00,0.5,24.0,10.48,1.0,43,47.19,18.61,15.63,57.31,347889.98,57.31,0.0,3.5,5.45,84.6
2026-02-14 04:00:00,0.9,24.0,10.15,1.0,43,45.06,21.68,22.21,50.22,347886.48,50.22,0.0,3.5,7.76,90.1
2026-02-14 05:00:00,-0.82,24.0,9.26,1.0,43,47.79,30.53,29.69,33.69,347878.72,33.69,14.94,7.76,10.47,86.6
2026-02-14 06:00:00,-0.04,24.0,8.63,1.0,43,46.25,39.35,37.42,24.54,347868.49,24.54,23.64,10.24,13.41,79.7
2026-02-14 07:00:00,-0.96,24.0,10.44,1.0,43,45.98,43.71,44.07,56.59,347864.99,56.59,0.0,3.5,16.38,93.4
2026-02-14 08:00:00,-1.0,24.0,8.08,1.0,43,49.07,42.78,52.13,17.96,347855.28,17.96,21.77,9.7,19.19,85.1
2026-02-14 09:00:00,-1.47,24.0,11.9,0.9349,43,45.85,50.64,52.64,96.59,347851.78,90.3,0.0,3.5,21.64,80.5
2026-02-14 10:00:00,-2.03,24.0,11.59,0.8702,43,47.92,50.47,57.75,87.09,347848.28,75.78,0.0,3.5,23.56,82.0
2026-02-14 11:00:00,-1.12,24.0,11.45,0.8069,43,48.72,55.83,60.89,82.73,347844.78,66.75,0.0,3.5,24.77,81.4
2026-02-14 12:00:00,-1.24,24.0,8.79,0.756,43,44.91,57.2,66.62,26.56,347836.89,20.08,15.4,7.89,25.19,85.2
2026-02-14 13:00:00,-0.91,24.0,9.14,0.858,43,43.48,56.14,65.64,31.75,347831.47,27.24,6.73,5.42,24.77,77.7
2026-02-14 14:00:00,-0.89,24.0,8.96,0.96,43,44.24,56.01,62.76,28.99,347825.22,27.83,9.66,6.25,23.56,85.8
2026-02-14 15:00:00,-0.61,24.0,7.42,1.0,43,46.93,47.45,58.16,11.82,347814.77,11.82,24.4,10.45,21.64,88.7
2026-02-14 16:00:00,-0.65,24.0,7.01,1.0,43,50.93,49.18,52.13,8.87,347800.12,8.87,39.11,14.64,19.19,87.8
2026-02-14 17:00:00,-1.59,24.0,9.38,0.9457,43,50.09,38.92,45.07,35.6,347793.69,33.67,10.28,6.43,16.38,85.1
2026-02-14 18:00:00,-1.19,24.0,9.36,0.8904,43,48.57,31.14,37.42,35.25,347787.08,31.39,10.91,6.61,13.41,87.0
2026-02-14 19:00:00,-1.76,24.0,8.87,0.8387,43,51.17,32.11,29.69,27.71,347774.93,23.24,30.35,12.15,10.47,85.6
2026-02-14 20:00:00,-2.99,24.0,7.18,0.7958,43,50.28,25.41,22.39,9.99,347758.51,7.95,45.35,16.43,7.76,88.0
2026-02-14 21:00:00,-3.55,24.0,8.44,0.7492,43,49.15,22.61,16.02,22.04,347743.83,16.51,39.23,14.68,5.45,81.1
2026-02-14 22:00:00,-2.94,24.0,9.29,0.6998,43,49.43,17.68,11.04,34.09,347731.15,23.85,32.22,12.68,3.68,78.2
2026-02-14 23:00:00,-2.72,24.0,9.53,0.6449,43,48.63,9.88,7.84,38.2,347720.23,24.64,26.02,10.92,2.57,84.8
2026-02-15 00:00:00,-3.44,24.0,9.32,0.5892,41,48.21,13.28,5.77,34.7,347706.68,20.45,35.27,13.55,1.86,87.8
2026-02-15 01:00:00,-3.85,24.0,8.91,0.5406,41,50.52,16.42,6.89,28.37,347690.43,15.34,44.72,16.24,2.24,80.2
2026-02-15 02:00:00,-4.19,24.0,9.18,0.4845,41,48.06,16.7,10.1,32.45,347675.84,15.72,38.94,14.6,3.35,89.8
2026-02-15 03:00:00,-3.01,24.0,8.12,0.4378,41,48.95,24.7,15.11,18.36,347657.94,8.04,50.5,17.89,5.12,84.7
2026-02-15 04:00:00,-2.79,24.0,10.73,0.3739,41,49.11,21.11,20.72,63.34,347647.08,23.68,25.82,10.86,7.44,87.5
2026-02-15 05:00:00,-2.48,24.0,10.46,0.3189,41,48.47,31.03,28.16,57.06,347634.14,18.19,33.14,12.95,10.15,77.3
2026-02-15 06:00:00,-1.75,24.0,9.31,0.2634,41,51.42,35.48,36.58,34.44,347618.88,9.07,41.24,15.25,13.09,87.6
2026-02-15 07:00:00,-1.46,24.0,8.96,0.2109,41,47.7,31.83,44.24,28.99,347607.07,6.11,29.17,11.81,16.06,86.2
2026-02-15 08:00:00,-1.43,24.0,10.17,0.15,41,51.09,43.98,50.88,50.61,347593.14,7.59,36.6,13.93,18.87,94.5
2026-02-15 09:00:00,-1.34,24.0,8.54,0.15,41,44.05,48.68,57.36,23.3,347580.56,3.5,31.88,12.58,21.32,86.6
2026-02-15 10:00:00,-1.17,24.0,7.87,0.15,41,48.74,55.62,61.98,15.83,347565.65,2.37,40.01,14.9,23.23,87.4
2026-02-15 11:00:00,-1.0,24.0,8.78,0.252,41,47.02,48.62,64.87,26.49,347555.29,6.68,24.1,10.37,24.44,80.2
2026-02-15 12:00:00,-0.4,24.0,8.12,0.354,41,45.41,56.82,65.85,18.41,347543.28,6.52,29.86,12.01,24.86,86.3
2026-02-15 13:00:00,-0.27,24.0,9.5,0.456,41,42.5,54.97,64.87,37.68,347535.38,17.18,15.42,7.89,24.44,90.5
2026-02-15 14:00:00,0.22,24.0,7.92,0.558,41,45.75,55.62,61.98,16.36,347523.26,9.13,30.26,12.13,23.23,83.4
2026-02-15 15:00:00,0.13,24.0,9.2,0.66,41,50.0,46.45,57.36,32.72,347514.77,21.59,17.5,8.49,21.32,81.5
2026-02-15 16:00:00,0.08,24.0,7.39,0.762,41,45.97,46.35,51.33,11.59,347502.1,8.83,32.16,12.67,18.87,95.1
2026-02-15 17:00:00,-1.3,24.0,5.63,0.7304,41,46.91,35.71,44.24,2.49,347488.19,1.82,36.56,13.92,16.06,82.6
2026-02-15 18:00:00,-0.96,24.0,8.46,0.8324,41,46.82,39.91,36.58,22.34,347475.69,18.6,31.55,12.49,13.09,88.8
2026-02-15 19:00:00,-1.03,24.0,8.82,0.7833,41,47.89,27.15,28.83,27.0,347465.05,21.15,25.06,10.64,10.15,81.8
2026-02-15 20:00:00,-0.74,24.0,8.27,0.8853,41,49.58,19.04,21.5,20.1,347453.19,17.79,29.33,11.86,7.44,82.3
2026-02-15 21:00:00,-2.82,24.0,7.46,0.8436,41,48.56,16.68,15.11,12.17,347438.33,10.27,39.87,14.86,5.12,82.3
2026-02-15 22:00:00,-1.87,24.0,8.24,0.7951,41,48.31,19.78,10.1,19.7,347422.77,15.66,42.33,15.56,3.35,86.5
2026-02-15 23:00:00,-2.27,24.0,8.4,0.7442,41,48.52,15.97,6.89,21.55,347407.42,16.04,41.57,15.35,2.24,89.1
2026-02-16 00:00:00,-2.12,24.0,12.36,0.6765,39,47.29,18.47,4.22,100.0,347403.92,67.65,0.0,3.5,1.53,80.6
2026-02-16 01:00:00,-2.98,24.0,14.73,0.588,39,50.05,20.45,4.51,100.0,347398.37,58.8,7.19,5.55,1.9,88.4
2026-02-16 02:00:00,-2.77,24.0,13.5,0.5113,39,52.66,19.43,7.55,100.0,347391.05,51.13,13.42,7.32,3.02,83.6
2026-02-16 03:00:00,-3.5,24.0,11.93,0.4452,39,48.99,21.67,12.82,97.52,347383.43,43.42,14.43,7.61,4.79,81.5
2026-02-16 04:00:00,-3.89,24.0,10.97,0.3819,39,51.84,19.98,19.61,69.4,347372.61,26.5,25.71,10.83,7.11,84.9
2026-02-16 05:00:00,-2.67,24.0,11.01,0.3144,39,50.03,25.45,26.55,70.43,347361.47,22.14,26.79,11.13,9.82,90.1
2026-02-16 06:00:00,-2.68,24.0,8.86,0.2628,39,49.13,29.34,35.73,27.61,347347.86,7.26,35.48,13.61,12.76,85.6
2026-02-16 07:00:00,-2.39,24.0,8.22,0.2184,39,49.64,38.15,43.41,19.53,347332.93,4.26,40.11,14.93,15.73,79.6
2026-02-16 08:00:00,-1.66,24.0,6.73,0.1797,39,48.43,48.68,50.51,7.11,347316.51,1.28,45.32,16.42,18.54,84.5
2026-02-16 09:00:00,-1.16,24.0,5.65,0.15,39,44.78,46.33,56.56,2.56,347303.27,0.38,34.17,13.24,20.99,86.9
2026-02-16 10:00:00,-0.86,24.0,5.45,0.252,39,46.2,55.59,61.18,2.01,347288.34,0.51,40.1,14.93,22.9,81.4
2026-02-16 11:00:00,-0.46,24.0,6.32,0.354,39,45.67,47.56,64.08,5.03,347277.04,1.78,27.38,11.3,24.11,86.1
2026-02-16 12:00:00,1.14,24.0,8.17,0.456,39,42.69,51.7,65.06,19.0,347267.65,8.66,20.67,9.39,24.53,82.3
2026-02-16 13:00:00,1.18,24.0,8.27,0.558,39,45.13,49.59,64.08,20.07,347258.61,11.2,19.45,9.04,24.11,89.1
2026-02-16 14:00:00,1.32,24.0,7.82,0.66,39,44.94,51.64,61.18,15.4,347247.92,10.16,25.23,10.69,22.9,93.3
2026-02-16 15:00:00,1.9,24.0,6.48,0.762,39,49.45,48.17,56.56,5.81,347233.98,4.42,36.64,13.94,20.99,86.0
2026-02-16 16:00:00,2.43,24.0,7.29,0.864,39,43.19,37.92,50.51,10.84,347224.43,9.37,21.23,9.55,18.54,90.6
2026-02-16 17:00:00,2.5,24.0,6.9,0.966,39,47.2,35.56,43.41,8.14,347211.95,7.87,31.48,12.47,15.73,92.0
2026-02-16 18:00:00,2.5,24.0,7.83,1.0,39,46.04,36.36,35.73,15.45,347199.56,15.45,31.22,12.4,12.76,84.7
2026-02-16 19:00:00,2.02,24.0,11.27,1.0,39,47.27,30.64,26.18,77.56,347196.06,77.56,0.0,3.5,9.82,88.6
2026-02-16 20:00:00,2.5,24.0,9.1,1.0,39,43.24,20.45,20.6,31.07,347189.13,31.07,12.02,6.93,7.11,92.6
2026-02-16 21:00:00,1.56,24.0,7.97,1.0,39,40.86,16.65,14.18,16.85,347178.09,16.85,26.47,11.04,4.79,94.4
2026-02-16 22:00:00,1.36,24.0,8.08,1.0,39,44.76,16.15,9.15,18.0,347164.96,18.0,33.77,13.12,3.02,84.6
2026-02-16 23:00:00,0.54,24.0,11.21,1.0,39,46.7,13.08,5.55,75.91,347161.46,75.91,0.0,3.5,1.9,79.8
2026-02-17 00:00:00,-0.08,24.0,11.6,1.0,37,44.41,16.29,3.47,87.15,347157.96,87.15,0.0,3.5,1.19,87.9
2026-02-17 01:00:00,-0.14,24.0,12.72,1.0,37,44.9,14.74,4.24,100.0,347154.46,100.0,0.0,3.5,1.57,86.0
2026-02-17 02:00:00,-0.15,24.0,11.0,1.0,37,49.58,19.07,7.77,70.23,347150.96,70.23,0.0,3.5,2.68,85.0
2026-02-17 03:00:00,-0.04,24.0,14.26,1.0,37,43.46,17.72,10.43,100.0,347147.46,100.0,0.0,3.5,4.46,82.4
2026-02-17 04:00:00,0.87,24.0,11.19,1.0,37,47.04,25.1,18.52,75.28,347143.96,75.28,0.0,3.5,6.78,90.1
2026-02-17 05:00:00,1.13,24.0,8.71,1.0,37,42.84,25.51,27.07,25.51,347135.97,25.51,15.77,7.99,9.49,82.9
2026-02-17 06:00:00,1.03,24.0,10.31,1.0,37,47.53,30.56,34.31,53.68,347132.47,53.68,0.0,3.5,12.43,82.4
2026-02-17 07:00:00,1.71,24.0,12.11,1.0,37,44.85,36.92,38.06,100.0,347128.97,100.0,0.0,3.5,15.4,85.6
2026-02-17 08:00:00,2.5,24.0,9.59,1.0,37,46.07,37.11,49.68,39.34,347125.47,39.34,0.0,3.5,18.21,91.5
2026-02-17 09:00:00,1.96,24.0,7.91,1.0,37,43.59,45.6,55.74,16.23,347117.06,16.23,17.21,8.4,20.66,79.7
2026-02-17 10:00:00,2.48,24.0,6.22,1.0,37,45.21,52.25,60.37,4.57,347104.3,4.57,32.51,12.77,22.56,81.8
2026-02-17 11:00:00,2.5,24.0,5.45,1.0,37,45.37,47.5,63.28,2.03,347092.94,2.03,27.57,11.36,23.77,82.8
2026-02-17 12:00:00,2.5,24.0,5.36,1.0,37,41.89,54.6,64.26,1.8,347080.77,1.8,30.43,12.17,24.19,96.8
2026-02-17 13:00:00,2.5,24.0,9.3,1.0,37,43.91,51.16,63.28,34.33,347077.27,34.33,0.0,3.5,23.77,88.3
2026-02-17 14:00:00,2.5,24.0,9.76,1.0,37,45.59,49.49,60.37,42.29,347073.77,42.29,0.0,3.5,22.56,81.7
2026-02-17 15:00:00,2.5,24.0,10.59,1.0,37,43.34,47.04,54.09,60.06,347070.27,60.06,0.0,3.5,20.66,86.2
2026-02-17 16:00:00,2.5,24.0,11.18,1.0,37,45.39,40.88,46.75,75.05,347066.77,75.05,0.0,3.5,18.21,90.7
2026-02-17 17:00:00,2.5,24.0,10.59,1.0,37,44.59,38.11,41.31,59.98,347063.27,59.98,0.0,3.5,15.4,96.9
2026-02-17 18:00:00,2.24,24.0,11.29,1.0,37,46.31,31.35,32.61,78.22,347059.77,78.22,0.0,3.5,12.43,79.0
2026-02-17 19:00:00,1.04,24.0,10.89,1.0,37,44.63,25.3,25.86,67.47,347056.27,67.47,0.0,3.5,9.49,80.4
2026-02-17 20:00:00,1.65,24.0,9.63,1.0,37,50.24,25.96,19.69,39.91,347048.04,39.91,16.6,8.23,6.78,84.5
2026-02-17 21:00:00,0.76,24.0,9.57,1.0,37,40.67,14.73,13.24,38.99,347043.64,38.99,3.16,4.4,4.46,84.1
2026-02-17 22:00:00,-0.21,24.0,9.44,1.0,37,43.58,14.67,8.18,36.62,347036.31,36.62,13.45,7.33,2.68,83.2
2026-02-17 23:00:00,-1.85,24.0,10.62,0.94,37,49.36,17.83,4.76,60.77,347031.29,57.12,5.31,5.01,1.57,83.0
2026-02-18 00:00:00,-2.79,24.0,13.42,0.8551,35,49.73,11.96,2.27,100.0,347027.79,85.51,0.0,3.5,0.85,93.1
2026-02-18 01:00:00,-3.82,24.0,11.76,0.7944,35,51.88,14.46,3.55,92.36,347024.29,73.37,0.0,3.5,1.23,75.8
2026-02-18 02:00:00,-2.98,24.0,11.95,0.7265,35,42.57,11.67,6.49,98.33,347020.79,71.44,0.0,3.5,2.34,83.6
2026-02-18 03:00:00,-2.47,24.0,9.52,0.6709,35,48.43,16.78,12.29,38.09,347009.49,25.56,27.37,11.3,4.12,86.0
2026-02-18 04:00:00,-2.92,24.0,10.42,0.6173,35,49.54,17.57,18.38,56.01,347001.96,34.58,14.16,7.54,6.44,75.5
2026-02-18 05:00:00,-1.52,24.0,9.48,0.5586,35,48.7,24.2,26.17,37.37,346991.09,20.88,25.86,10.87,9.16,91.0
2026-02-18 06:00:00,-0.85,24.0,7.39,0.6606,35,47.09,31.71,33.99,11.62,346977.0,7.68,37.14,14.08,12.1,83.6
2026-02-18 07:00:00,-0.92,24.0,7.29,0.7626,35,46.45,35.9,41.71,10.85,346964.28,8.28,32.36,12.72,15.07,78.9
2026-02-18 08:00:00,-2.26,24.0,8.09,0.7125,35,48.28,43.9,48.84,18.12,346952.11,12.91,30.43,12.17,17.87,91.0
2026-02-18 09:00:00,-0.67,24.0,6.86,0.8145,35,43.26,46.71,54.92,7.92,346940.46,6.45,28.61,11.65,20.32,87.9
2026-02-18 10:00:00,-1.32,24.0,9.61,0.7614,35,47.8,46.5,59.56,39.66,346935.66,30.2,4.54,4.8,22.22,81.3
2026-02-18 11:00:00,-2.13,24.0,7.74,0.7156,35,48.03,52.37,62.46,14.57,346924.32,10.43,27.51,11.34,23.43,87.0
2026-02-18 12:00:00,-1.35,24.0,10.31,0.6554,35,46.14,49.75,62.48,53.52,346920.82,35.07,0.0,3.5,23.85,85.9
2026-02-18 13:00:00,0.23,24.0,10.64,0.7574,35,44.97,47.47,60.46,61.22,346917.32,46.37,0.0,3.5,23.43,77.5
2026-02-18 14:00:00,1.09,24.0,9.5,0.8594,35,44.21,43.88,59.56,37.66,346913.82,32.36,0.0,3.5,22.22,78.6
2026-02-18 15:00:00,1.37,24.0,8.89,0.9614,35,41.82,48.94,54.92,28.06,346907.79,26.97,8.87,6.03,20.32,87.7
2026-02-18 16:00:00,1.6,24.0,9.79,1.0,35,46.45,44.44,48.84,42.87,346904.29,42.87,0.0,3.5,17.87,77.3
2026-02-18 17:00:00,1.91,24.0,9.84,1.0,35,49.12,35.46,41.71,43.88,346900.79,43.88,0.0,3.5,15.07,91.5
2026-02-18 18:00:00,2.09,24.0,10.16,1.0,35,45.61,30.96,33.72,50.25,346897.29,50.25,0.0,3.5,12.1,79.7
2026-02-18 19:00:00,1.93,24.0,9.35,1.0,35,45.65,25.67,26.17,35.2,346890.96,35.2,9.95,6.34,9.16,91.1
2026-02-18 20:00:00,1.63,24.0,9.12,1.0,35,48.3,16.17,18.77,31.46,346883.4,31.46,14.24,7.56,6.44,93.3
2026-02-18 21:00:00,1.2,24.0,12.76,1.0,35,49.19,17.71,10.6,100.0,346879.9,100.0,0.0,3.5,4.12,88.4
2026-02-18 22:00:00,0.36,24.0,10.59,1.0,35,44.61,9.36,6.98,60.04,346876.4,60.04,0.0,3.5,2.34,66.8
2026-02-18 23:00:00,-0.16,24.0,9.77,1.0,35,43.66,11.44,3.89,42.47,346870.41,42.47,8.74,5.99,1.23,90.5
2026-02-19 00:00:00,-1.77,24.0,8.74,0.9516,34,48.71,14.36,1.67,25.95,346856.45,24.7,36.7,13.96,0.5,81.5
2026-02-19 01:00:00,-2.08,24.0,9.8,0.8962,34,48.57,17.11,2.85,43.1,346846.05,38.63,24.2,10.4,0.88,83.2
2026-02-19 02:00:00,-2.86,24.0,10.55,0.8394,34,51.56,10.46,6.02,59.0,346840.7,49.53,6.47,5.34,2.0,79.1
2026-02-19 03:00:00,-3.63,24.0,9.3,0.782,34,50.64,17.22,11.32,34.34,346828.75,26.86,29.68,11.96,3.78,90.7
2026-02-19 04:00:00,-3.55,24.0,7.54,0.7394,34,50.67,21.28,17.83,12.8,346812.52,9.46,44.65,16.22,6.1,83.2
2026-02-19 05:00:00,-2.66,24.0,5.72,0.7079,34,47.01,25.42,25.26,2.76,346796.13,1.95,45.22,16.39,8.82,81.0
2026-02-19 06:00:00,-2.01,24.0,6.32,0.6692,34,50.36,31.65,33.1,5.0,346779.65,3.35,45.57,16.49,11.76,90.2
2026-02-19 07:00:00,-2.82,24.0,6.68,0.6295,34,47.97,37.76,40.84,6.86,346764.58,4.32,40.57,15.06,14.73,87.3
2026-02-19 08:00:00,-3.23,24.0,10.93,0.5723,34,47.37,40.06,45.77,68.28,346760.35,39.08,2.59,4.24,17.53,76.9
2026-02-19 09:00:00,-2.44,24.0,10.18,0.5136,34,42.94,48.41,53.59,50.78,346753.52,26.08,11.69,6.83,19.98,84.8
2026-02-19 10:00:00,-2.82,24.0,8.91,0.4627,34,49.15,46.13,58.73,28.33,346743.33,13.11,23.45,10.18,21.88,84.0
2026-02-19 11:00:00,-2.75,24.0,10.74,0.4075,34,47.71,45.63,59.35,63.65,346737.54,25.94,8.04,5.79,23.09,75.6
2026-02-19 12:00:00,-2.25,24.0,10.12,0.3473,34,47.98,54.76,62.25,49.57,346727.41,17.22,23.27,10.13,23.5,87.4
2026-02-19 13:00:00,-2.72,24.0,10.07,0.2906,34,48.14,56.01,61.42,48.49,346715.75,14.09,28.64,11.66,23.09,82.8
2026-02-19 14:00:00,-2.6,24.0,8.16,0.2385,34,48.22,48.58,58.73,18.86,346702.68,4.5,33.58,13.07,21.88,93.8
2026-02-19 15:00:00,-3.41,24.0,7.91,0.1904,34,48.47,36.96,54.08,16.23,346691.13,3.09,28.26,11.55,19.98,89.5
2026-02-19 16:00:00,-3.84,24.0,10.63,0.15,34,49.3,40.72,46.49,60.83,346677.82,9.12,34.41,13.31,17.53,83.2
2026-02-19 17:00:00,-3.77,24.0,10.39,0.15,34,48.76,33.36,40.04,55.44,346664.69,8.32,33.77,13.13,14.73,81.7
2026-02-19 18:00:00,-4.93,24.0,9.37,0.15,34,52.21,35.13,33.1,35.5,346647.25,5.33,48.91,17.44,11.76,71.1
2026-02-19 19:00:00,-4.89,24.0,9.64,0.15,34,50.07,25.87,25.26,40.1,346631.02,6.01,44.67,16.23,8.82,85.5
2026-02-19 20:00:00,-5.17,24.0,11.44,0.15,34,55.79,19.45,16.55,82.55,346614.32,12.38,46.31,16.7,6.1,80.8
2026-02-19 21:00:00,-5.13,24.0,9.88,0.15,34,52.93,18.73,11.32,44.59,346595.53,6.69,53.64,18.79,3.78,78.8
2026-02-19 22:00:00,-5.29,24.0,9.55,0.15,34,49.81,19.35,6.19,38.61,346575.74,5.79,57.18,19.8,2.0,81.1
2026-02-19 23:00:00,-4.74,24.0,12.05,0.15,34,52.82,12.23,2.56,100.0,346558.7,15.0,47.5,17.04,0.88,89.2
2026-02-20 00:00:00,-5.19,24.0,9.92,0.15,32,51.07,16.36,0.54,45.49,346538.08,6.82,60.06,20.62,0.15,87.9
2026-02-20 01:00:00,-5.65,24.0,10.42,0.15,32,56.06,8.64,1.73,56.11,346519.04,8.42,54.55,19.05,0.54,87.6
2026-02-20 02:00:00,-5.71,24.0,10.34,0.15,32,52.51,14.85,5.08,54.33,346500.11,8.15,54.13,18.93,1.65,75.5
2026-02-20 03:00:00,-5.45,24.0,10.55,0.15,32,56.52,13.15,10.06,59.02,346482.15,8.85,50.75,17.96,3.43,88.8
2026-02-20 04:00:00,-5.42,24.0,9.51,0.15,32,55.6,18.4,16.88,37.79,346463.98,5.67,51.45,18.16,5.76,78.5
2026-02-20 05:00:00,-5.33,24.0,8.63,0.15,32,61.27,28.79,24.33,24.53,346442.8,3.68,62.05,21.18,8.48,84.7
2026-02-20 06:00:00,-5.62,24.0,9.35,0.15,32,53.92,28.77,32.2,35.07,346426.41,5.26,45.23,16.39,11.42,83.9
2026-02-20 07:00:00,-5.83,24.0,8.16,0.15,32,55.55,32.26,39.96,18.89,346410.08,2.83,45.02,16.33,14.39,79.9
2026-02-20 08:00:00,-6.45,24.0,8.04,0.15,32,55.02,42.29,47.12,17.52,346393.02,2.63,47.56,17.05,17.19,81.2
2026-02-20 09:00:00,-5.13,24.0,7.12,0.15,32,53.13,44.26,53.23,9.6,346377.34,1.44,42.73,15.68,19.63,72.9
2026-02-20 10:00:00,-5.63,24.0,5.37,0.15,32,56.44,39.8,57.89,1.83,346362.99,0.28,38.07,14.35,21.53,81.1
2026-02-20 11:00:00,-5.81,24.0,9.31,0.15,32,55.7,47.04,60.81,34.49,346349.02,5.17,36.76,13.98,22.74,79.5
2026-02-20 12:00:00,-6.03,24.0,8.9,0.15,32,54.15,48.06,61.8,28.13,346335.21,4.22,36.18,13.81,23.15,91.5
2026-02-20 13:00:00,-5.32,24.0,11.81,0.15,32,56.16,49.59,55.3,93.82,346321.34,14.07,36.37,13.87,22.74,81.2
2026-02-20 14:00:00,-5.4,24.0,9.62,0.15,32,55.58,44.57,57.89,39.74,346307.49,5.96,36.3,13.85,21.53,77.4
2026-02-20 15:00:00,-4.62,24.0,9.66,0.15,32,55.59,48.35,53.23,40.61,346291.28,6.09,44.62,16.22,19.63,82.1
2026-02-20 16:00:00,-5.08,24.0,8.33,0.15,32,55.56,39.64,47.12,20.83,346274.97,3.12,44.95,16.31,17.19,77.8
2026-02-20 17:00:00,-5.03,24.0,9.64,0.15,32,52.01,29.7,39.96,40.17,346261.29,6.03,35.73,13.68,14.39,74.1
2026-02-20 18:00:00,-5.71,24.0,10.54,0.15,32,52.84,28.7,31.33,58.77,346245.99,8.82,41.39,15.3,11.42,82.8
2026-02-20 19:00:00,-4.64,24.0,8.58,0.15,32,51.25,28.48,24.33,23.83,346227.72,3.57,51.82,18.27,8.48,81.6
2026-02-20 20:00:00,-5.63,24.0,10.71,0.15,32,55.44,20.06,16.29,62.75,346210.03,9.41,49.8,17.69,5.76,85.7
2026-02-20 21:00:00,-5.73,24.0,9.05,0.15,32,56.83,17.61,10.34,30.42,346189.56,4.56,59.54,20.47,3.43,88.0
2026-02-20 22:00:00,-5.63,24.0,9.36,0.15,32,56.06,15.01,5.17,35.28,346168.79,5.29,60.6,20.77,1.65,90.2
2026-02-20 23:00:00,-5.66,24.0,12.69,0.15,32,50.62,8.0,1.53,100.0,346153.29,15.0,42.09,15.5,0.54,81.9
2026-02-21 00:00:00,-8.03,22.56,13.37,0.15,30,55.87,12.58,0.0,100.0,346134.56,15.0,53.45,18.73,-0.2,82.4
2026-02-21 01:00:00,-8.68,22.56,14.73,0.15,30,59.96,12.57,0.49,100.0,346114.8,15.0,57.04,19.76,0.18,79.9
2026-02-21 02:00:00,-9.03,22.56,12.46,0.252,30,61.7,19.69,3.62,100.0,346096.32,25.2,52.57,18.48,1.3,66.6
2026-02-21 03:00:00,-9.26,22.56,9.92,0.1952,30,60.03,20.84,9.34,45.45,346074.96,8.87,62.65,21.36,3.09,84.2
2026-02-21 04:00:00,-8.58,22.56,8.47,0.15,30,61.65,16.84,15.92,22.42,346054.59,3.36,59.22,20.38,5.41,81.3
2026-02-21 05:00:00,-6.92,22.56,8.53,0.15,30,51.56,20.06,23.4,23.21,346038.33,3.48,44.74,16.25,8.13,82.6
2026-02-21 06:00:00,-6.75,22.56,9.8,0.15,30,55.0,31.12,31.29,43.1,346021.05,6.46,48.37,17.28,11.07,77.4
2026-02-21 07:00:00,-6.89,22.56,8.22,0.15,30,58.8,33.47,39.07,19.54,346003.22,2.93,50.27,17.83,14.04,76.6
2026-02-21 08:00:00,-6.13,22.56,8.95,0.15,30,55.24,38.14,46.25,28.91,345987.52,4.34,42.8,15.7,16.85,80.1
2026-02-21 09:00:00,-3.69,22.56,8.27,0.15,30,48.95,37.76,52.37,20.08,345975.09,3.01,31.34,12.43,19.29,85.0
2026-02-21 10:00:00,-3.32,22.56,7.84,0.15,30,51.88,43.85,57.04,15.6,345961.23,2.34,36.36,13.86,21.18,72.7
2026-02-21 11:00:00,-1.53,22.56,8.69,0.15,30,47.67,43.75,59.96,25.27,345949.84,3.79,27.67,11.39,22.39,84.9
2026-02-21 12:00:00,0.15,22.56,8.57,0.252,30,43.98,43.01,60.96,23.76,345940.63,5.99,20.05,9.21,22.8,93.6
2026-02-21 13:00:00,0.3,22.56,9.94,0.354,30,41.54,44.77,59.96,45.78,345934.24,16.21,10.14,6.39,22.39,84.6
2026-02-21 14:00:00,0.93,22.56,8.35,0.456,30,46.53,43.5,57.04,20.96,345924.06,9.56,23.44,10.18,21.18,75.8
2026-02-21 15:00:00,1.97,22.56,9.65,0.558,30,42.61,37.56,52.37,40.3,345919.04,22.49,5.32,5.02,19.29,85.5
2026-02-21 16:00:00,1.54,22.56,7.68,0.66,30,49.71,36.47,46.25,14.07,345906.81,9.29,30.65,12.23,16.85,87.6
2026-02-21 17:00:00,0.99,22.56,6.89,0.762,30,41.08,31.34,39.07,8.08,345895.56,6.16,27.19,11.25,14.04,87.6
2026-02-21 18:00:00,0.0,22.56,7.99,0.864,30,45.12,28.38,31.29,17.0,345884.21,14.69,27.53,11.35,11.07,85.8
2026-02-21 19:00:00,-1.4,22.56,9.79,0.8016,30,48.83,23.28,23.4,43.01,345876.66,34.48,14.23,7.56,8.13,93.6
2026-02-21 20:00:00,-2.7,22.56,8.62,0.7526,30,46.94,25.4,15.92,24.36,345862.3,18.33,38.09,14.36,5.41,83.7
2026-02-21 21:00:00,-4.39,22.56,8.05,0.7074,30,50.25,17.55,9.34,17.63,345845.7,12.47,45.98,16.61,3.09,82.7
2026-02-21 22:00:00,-5.32,22.56,8.36,0.6629,30,55.12,13.28,4.12,21.13,345827.87,14.01,50.26,17.82,1.3,78.2
2026-02-21 23:00:00,-6.67,22.56,7.44,0.62,30,53.24,16.91,0.64,12.04,345806.69,7.46,62.05,21.18,0.18,84.7
2026-02-22 00:00:00,-7.58,21.59,9.12,0.5656,28,60.97,8.0,0.0,31.5,345788.61,17.82,51.15,18.08,-0.55,87.8
2026-02-22 01:00:00,-9.11,21.59,10.12,0.5139,28,59.24,15.37,0.0,49.43,345771.09,25.41,49.19,17.52,-0.17,75.0
2026-02-22 02:00:00,-9.27,21.59,8.43,0.4695,28,58.45,14.98,3.05,21.94,345750.47,10.3,60.07,20.62,0.95,77.5
2026-02-22 03:00:00,-8.91,21.59,8.38,0.5715,28,62.38,17.31,8.33,21.32,345730.1,12.18,59.18,20.37,2.73,66.7
2026-02-22 04:00:00,-10.03,21.59,9.59,0.5237,28,58.21,18.28,14.94,39.23,345714.92,20.55,41.0,15.18,5.06,73.3
2026-02-22 05:00:00,-9.46,21.59,8.77,0.4714,28,63.47,26.34,22.45,26.39,345695.77,12.44,54.92,19.15,7.78,87.8
2026-02-22 06:00:00,-8.18,21.59,9.24,0.4228,28,55.51,29.16,30.36,33.29,345680.8,14.07,40.24,14.97,10.73,77.4
2026-02-22 07:00:00,-8.21,21.59,7.3,0.3831,28,60.49,35.03,38.17,10.88,345662.14,4.17,53.18,18.66,13.7,80.0
2026-02-22 08:00:00,-6.36,21.59,8.09,0.341,28,58.97,33.85,45.36,18.07,345646.87,6.16,41.29,15.27,16.5,76.6
2026-02-22 09:00:00,-5.23,21.59,7.01,0.3013,28,52.88,43.31,51.49,8.86,345631.4,2.67,42.03,15.48,18.94,83.3
2026-02-22 10:00:00,-4.79,21.59,8.93,0.2523,28,52.18,41.08,56.17,28.67,345619.39,7.23,29.86,12.01,20.83,80.5
2026-02-22 11:00:00,-4.0,21.59,8.37,0.2045,28,50.57,39.96,59.1,21.22,345608.17,4.34,27.09,11.22,22.04,84.1
2026-02-22 12:00:00,-2.96,21.59,7.71,0.1608,28,47.87,50.45,60.1,14.3,345594.43,2.3,35.92,13.74,22.45,83.3
2026-02-22 13:00:00,-2.39,21.59,9.5,0.15,28,48.89,46.87,59.1,37.63,345582.09,5.64,31.01,12.34,22.04,90.4
2026-02-22 14:00:00,-1.74,21.59,7.48,0.15,28,49.69,48.43,56.17,12.35,345567.16,1.85,40.1,14.93,20.83,84.5
2026-02-22 15:00:00,-2.21,21.59,7.47,0.15,28,49.72,39.91,51.49,12.26,345553.32,1.84,36.3,13.85,18.94,79.2
2026-02-22 16:00:00,-2.25,21.59,7.37,0.15,28,49.61,39.45,45.36,11.46,345537.85,1.72,41.97,15.46,16.5,80.1
2026-02-22 17:00:00,-3.48,21.59,7.01,0.15,28,48.78,36.16,38.17,8.82,345521.4,1.32,45.45,16.45,13.7,73.0
2026-02-22 18:00:00,-4.12,21.59,9.58,0.15,28,49.01,27.08,30.36,39.05,345506.54,5.86,39.87,14.86,10.73,82.5
2026-02-22 19:00:00,-5.4,21.59,10.33,0.15,28,57.26,19.01,22.09,53.93,345489.9,8.09,46.09,16.64,7.78,80.6
2026-02-22 20:00:00,-6.69,21.59,8.16,0.15,28,52.43,21.09,14.94,18.89,345470.51,2.83,55.74,19.39,5.06,87.5
2026-02-22 21:00:00,-6.85,21.59,9.15,0.15,28,55.28,17.28,8.33,31.83,345450.07,4.77,59.45,20.44,2.73,74.0
2026-02-22 22:00:00,-7.1,21.59,9.11,0.15,28,57.66,15.35,3.05,31.28,345427.97,4.69,65.26,22.1,0.95,76.2
2026-02-22 23:00:00,-7.59,21.59,12.5,0.15,28,60.12,13.68,0.0,100.0,345407.71,15.0,58.8,20.26,-0.17,75.9
2026-02-23 00:00:00,-9.3,20.9,12.71,0.15,26,59.46,12.01,0.0,100.0,345388.12,15.0,56.47,19.59,-0.91,76.8
2026-02-23 01:00:00,-10.06,20.9,14.17,0.15,26,61.19,11.73,0.0,100.0,345368.11,15.0,57.93,20.01,-0.53,71.2
2026-02-23 02:00:00,-9.68,20.9,15.32,0.15,26,58.97,16.06,1.43,100.0,345347.91,15.0,58.59,20.2,0.59,76.3
2026-02-23 03:00:00,-9.74,20.9,16.46,0.15,26,63.9,8.0,4.94,100.0,345329.6,15.0,51.96,18.31,2.38,77.8
2026-02-23 04:00:00,-8.24,20.9,17.47,0.15,26,60.79,14.18,8.74,100.0,345311.51,15.0,51.22,18.1,4.71,79.1
2026-02-23 05:00:00,-7.69,20.9,17.59,0.15,26,54.72,17.58,13.34,100.0,345295.47,15.0,43.97,16.03,7.43,85.6
2026-02-23 06:00:00,-7.07,20.9,19.98,0.15,26,57.4,21.23,14.74,100.0,345278.04,15.0,48.88,17.43,10.37,79.6
2026-02-23 07:00:00,-6.57,20.9,20.7,0.15,26,54.93,31.0,17.33,100.0,345259.27,15.0,53.6,18.78,13.34,79.8
2026-02-23 08:00:00,-5.69,20.9,24.28,0.15,26,54.51,37.01,13.34,100.0,345237.76,15.0,63.17,21.5,16.15,86.5
2026-02-23 09:00:00,-4.92,20.9,23.39,0.15,26,50.86,40.27,16.73,100.0,345217.33,15.0,59.4,20.43,18.58,81.3
2026-02-23 10:00:00,-3.63,20.9,24.34,0.15,26,46.32,37.64,16.59,100.0,345198.91,15.0,52.37,18.43,20.48,76.2
2026-02-23 11:00:00,-2.25,20.9,26.81,0.15,26,46.05,37.81,17.47,0.0,345176.49,0.0,66.38,22.42,21.68,77.9
2026-02-23 12:00:00,-2.06,20.9,26.71,0.15,26,46.96,44.0,17.77,0.0,345152.13,0.0,73.19,24.36,22.09,78.1
2026-02-23 13:00:00,-2.35,20.9,27.7,0.15,26,47.54,44.48,17.47,0.0,345127.38,0.0,74.55,24.75,21.68,77.1
2026-02-23 14:00:00,-3.14,20.9,27.99,0.15,26,44.72,43.03,16.59,0.0,345103.6,0.0,71.16,23.78,20.48,92.6
2026-02-23 15:00:00,-2.73,20.9,26.14,0.15,26,49.92,34.44,15.18,0.0,345080.39,0.0,69.17,23.21,18.58,77.6
2026-02-23 16:00:00,-3.54,20.9,25.46,0.15,26,47.39,37.81,13.34,0.0,345056.41,0.0,71.85,23.98,16.15,82.1
2026-02-23 17:00:00,-5.2,20.9,23.14,0.15,26,52.97,31.97,12.77,100.0,345036.61,15.0,57.17,19.79,13.34,81.4
2026-02-23 18:00:00,-5.51,20.9,22.57,0.15,26,50.94,24.28,10.93,100.0,345019.07,15.0,49.29,17.55,10.37,80.0
2026-02-23 19:00:00,-4.73,20.9,20.79,0.15,26,48.39,21.25,9.9,100.0,345002.81,15.0,44.74,16.25,7.43,77.6
2026-02-23 20:00:00,-5.59,20.9,21.08,0.15,26,53.56,16.62,6.22,100.0,344985.36,15.0,48.95,17.45,4.71,83.1
2026-02-23 21:00:00,-6.01,20.9,20.05,0.15,26,53.87,13.56,3.63,100.0,344967.96,15.0,48.8,17.41,2.38,72.9
2026-02-23 22:00:00,-6.89,20.9,18.51,0.15,26,55.89,17.28,1.12,100.0,344948.2,15.0,57.04,19.76,0.59,74.5
2026-02-23 23:00:00,-7.82,20.9,16.5,0.15,26,60.63,15.12,0.0,100.0,344927.38,15.0,60.75,20.81,-0.53,84.7
2026-02-24 00:00:00,-8.32,20.33,20.42,0.15,24,59.45,10.11,0.0,100.0,344908.33,15.0,54.57,19.05,-1.27,73.3
2026-02-24 01:00:00,-9.08,20.33,16.14,0.15,24,63.41,12.08,0.0,100.0,344887.59,15.0,60.49,20.74,-0.89,84.7
2026-02-24 02:00:00,-9.3,20.33,12.45,0.15,24,58.73,15.41,0.71,100.0,344867.44,15.0,58.44,20.15,0.23,84.9
2026-02-24 03:00:00,-9.25,20.33,10.2,0.15,24,57.75,9.49,6.19,51.1,344848.73,7.67,53.38,18.71,2.02,85.1
2026-02-24 04:00:00,-9.57,20.33,12.14,0.15,24,60.84,20.53,11.57,100.0,344829.61,15.0,54.8,19.12,4.35,82.0
2026-02-24 05:00:00,-8.65,20.33,13.33,0.15,24,62.49,28.37,17.11,100.0,344809.36,15.0,58.75,20.24,7.08,71.6
2026-02-24 06:00:00,-8.23,20.33,12.58,0.15,24,55.29,27.36,24.81,100.0,344793.65,15.0,42.84,15.71,10.02,71.1
2026-02-24 07:00:00,-7.99,20.33,13.27,0.15,24,60.47,29.87,30.4,100.0,344777.35,15.0,44.94,16.31,12.99,73.4
2026-02-24 08:00:00,-6.85,20.33,10.96,0.15,24,56.67,29.61,41.48,69.12,344764.03,10.37,34.43,13.31,15.79,75.1
2026-02-24 09:00:00,-6.52,20.33,13.35,0.15,24,54.13,30.5,41.39,100.0,344752.48,15.0,28.25,11.55,18.22,73.6
2026-02-24 10:00:00,-5.62,20.33,10.73,0.15,24,57.01,38.39,52.43,63.33,344739.44,9.5,33.47,13.04,20.12,77.4
2026-02-24 11:00:00,-4.8,20.33,8.66,0.15,24,49.8,42.98,57.36,24.86,344726.91,3.73,31.69,12.53,21.32,85.2
2026-02-24 12:00:00,-3.44,20.33,7.24,0.15,24,51.8,41.56,58.36,10.42,344713.88,1.56,33.43,13.03,21.73,85.7
2026-02-24 13:00:00,-2.63,20.33,7.91,0.15,24,48.66,45.18,57.36,16.25,344700.68,2.44,34.05,13.2,21.32,84.5
2026-02-24 14:00:00,-2.33,20.33,9.29,0.15,24,51.06,41.03,54.42,34.12,344687.9,5.12,32.56,12.78,20.12,82.2
2026-02-24 15:00:00,-1.75,20.33,8.66,0.15,24,48.44,35.02,49.72,24.86,344675.84,3.73,30.02,12.05,18.22,83.3
2026-02-24 16:00:00,-1.07,20.33,11.88,0.15,24,49.07,37.94,39.46,96.2,344662.9,14.43,33.12,12.94,15.79,85.7
2026-02-24 17:00:00,-1.13,20.33,10.74,0.15,24,46.86,32.19,34.98,63.71,344649.57,9.56,34.52,13.34,12.99,81.8
2026-02-24 18:00:00,-1.74,20.33,8.9,0.15,24,46.74,21.68,28.49,28.16,344635.89,4.22,35.71,13.68,10.02,88.6
2026-02-24 19:00:00,-3.31,20.33,8.72,0.15,24,49.95,19.46,20.52,25.67,344619.56,3.85,45.03,16.33,7.08,75.9
2026-02-24 20:00:00,-4.84,20.33,9.39,0.15,24,52.91,17.26,12.95,35.74,344601.28,5.36,51.85,18.28,4.35,77.5
2026-02-24 21:00:00,-5.96,20.33,10.64,0.15,24,55.02,20.86,6.05,61.2,344580.49,9.18,60.65,20.78,2.02,75.9
2026-02-24 22:00:00,-7.27,20.33,9.94,0.15,24,57.77,15.83,0.81,45.84,344558.21,6.88,65.91,22.28,0.23,81.8
2026-02-24 23:00:00,-8.25,20.33,9.92,0.15,24,57.82,10.35,0.0,45.43,344537.22,6.82,61.36,20.99,-0.89,72.8
2026-02-25 00:00:00,-9.27,19.83,8.76,0.15,22,60.87,22.82,0.0,26.26,344510.99,3.94,79.75,26.23,-1.64,73.5
2026-02-25 01:00:00,-9.53,19.83,9.28,0.15,22,64.66,15.68,0.0,34.0,344486.05,5.1,75.23,24.94,-1.25,80.0
2026-02-25 02:00:00,-9.95,19.83,12.65,0.15,22,58.83,9.76,0.0,100.0,344467.28,15.0,53.59,18.77,-0.13,73.2
2026-02-25 03:00:00,-9.8,19.83,9.73,0.15,22,62.4,14.24,5.19,41.75,344445.2,6.26,65.18,22.08,1.66,81.8
2026-02-25 04:00:00,-9.67,19.83,11.28,0.15,22,58.49,16.62,11.17,77.97,344426.81,11.69,52.25,18.39,3.99,81.8
2026-02-25 05:00:00,-10.54,19.83,10.76,0.15,22,59.27,19.21,18.8,64.17,344409.04,9.63,50.06,17.77,6.72,74.4
2026-02-25 06:00:00,-10.57,19.83,9.31,0.15,22,64.54,29.47,27.53,34.48,344388.07,5.17,61.3,20.97,9.66,77.7
2026-02-25 07:00:00,-9.93,19.83,11.8,0.15,22,58.41,29.02,32.21,93.56,344372.83,14.03,41.19,15.24,12.63,87.8
2026-02-25 08:00:00,-9.82,19.83,10.85,0.15,22,60.16,35.8,40.82,66.45,344356.46,9.97,45.17,16.37,15.43,82.0
2026-02-25 09:00:00,-8.54,19.83,9.66,0.15,22,56.48,35.76,48.82,40.47,344342.32,6.07,37.35,14.14,17.86,81.1
2026-02-25 10:00:00,-6.71,19.83,8.25,0.15,22,60.71,37.46,53.52,19.87,344326.94,2.98,41.67,15.38,19.75,87.7
2026-02-25 11:00:00,-5.14,19.83,7.49,0.15,22,52.9,38.27,56.47,12.42,344314.08,1.86,32.83,12.86,20.95,76.3
2026-02-25 12:00:00,-4.56,19.83,9.29,0.15,22,49.65,40.64,57.47,34.14,344302.69,5.12,27.69,11.39,21.36,87.9
2026-02-25 13:00:00,-3.12,19.83,9.53,0.15,22,47.93,37.72,56.47,38.27,344292.51,5.74,23.44,10.18,20.95,84.4
2026-02-25 14:00:00,-2.71,19.83,11.4,0.15,22,53.87,38.45,49.78,81.28,344280.36,12.19,30.35,12.15,19.75,90.3
2026-02-25 15:00:00,-2.83,19.83,9.69,0.15,22,48.92,34.42,48.82,41.1,344268.78,6.17,28.35,11.58,17.86,80.3
2026-02-25 16:00:00,-3.35,19.83,8.02,0.15,22,50.01,28.98,42.64,17.31,344255.66,2.6,33.75,13.12,15.43,89.5
2026-02-25 17:00:00,-3.9,19.83,5.97,0.15,22,54.32,28.33,35.4,3.6,344238.85,0.54,46.71,16.81,12.63,73.4
2026-02-25 18:00:00,-4.71,19.83,6.77,0.15,22,55.11,20.22,27.53,7.38,344222.04,1.11,46.69,16.81,9.66,79.6
2026-02-25 19:00:00,-5.35,19.83,12.17,0.15,22,51.36,25.8,17.43,100.0,344205.79,15.0,44.74,16.25,6.72,82.3
2026-02-25 20:00:00,-6.12,19.83,11.92,0.15,22,52.73,19.68,10.79,97.26,344188.89,14.59,47.03,16.9,3.99,83.7
2026-02-25 21:00:00,-7.04,19.83,10.34,0.252,22,54.69,13.74,5.1,54.16,344171.23,13.65,49.68,17.66,1.66,69.3
2026-02-25 22:00:00,-7.7,19.83,11.64,0.1942,22,56.21,8.01,0.0,88.42,344154.32,17.17,47.05,16.91,-0.13,73.0
2026-02-25 23:00:00,-7.85,19.83,11.95,0.15,22,58.99,13.36,0.0,98.51,344134.41,14.78,57.58,19.91,-1.25,73.7
2026-02-26 00:00:00,-8.35,19.37,8.93,0.15,21,57.75,13.94,0.0,28.58,344111.7,4.29,67.4,22.71,-2.0,74.1
2026-02-26 01:00:00,-9.84,19.37,10.22,0.15,21,59.58,14.52,0.0,51.59,344089.29,7.74,66.36,22.41,-1.62,73.9
2026-02-26 02:00:00,-11.76,19.37,9.1,0.15,21,63.24,10.94,0.0,31.06,344065.98,4.66,69.52,23.31,-0.49,77.0
2026-02-26 03:00:00,-11.32,19.37,7.72,0.15,21,61.3,15.41,4.1,14.41,344042.4,2.16,70.44,23.58,1.3,83.9
2026-02-26 04:00:00,-12.04,19.37,7.04,0.15,21,67.08,23.5,10.91,9.05,344016.58,1.36,78.31,25.82,3.63,74.1
2026-02-26 05:00:00,-11.82,19.37,7.4,0.15,21,61.79,19.69,18.55,11.7,343995.65,1.75,61.17,20.93,6.36,83.9
2026-02-26 06:00:00,-11.97,19.37,7.51,0.15,21,63.61,28.1,26.57,12.58,343974.12,1.89,63.26,21.53,9.3,76.4
2026-02-26 07:00:00,-12.32,19.37,7.12,0.15,21,65.45,28.72,34.45,9.59,343954.01,1.44,58.28,20.11,12.27,74.7
2026-02-26 08:00:00,-11.12,19.37,6.4,0.15,21,63.71,31.88,41.72,5.4,343935.39,0.81,53.06,18.62,15.07,81.9
2026-02-26 09:00:00,-9.73,19.37,8.11,0.15,21,59.22,35.75,47.9,18.34,343919.26,2.75,44.31,16.13,17.5,76.9
2026-02-26 10:00:00,-9.15,19.37,15.04,0.15,21,61.6,36.11,39.35,100.0,343903.4,15.0,43.35,15.85,19.39,74.2
2026-02-26 11:00:00,-9.85,19.37,18.04,0.15,21,64.98,39.63,33.25,100.0,343883.84,15.0,56.37,19.56,20.59,84.2
2026-02-26 12:00:00,-9.41,19.37,18.8,0.15,21,63.55,42.62,31.68,100.0,343863.39,15.0,59.48,20.45,21.0,77.8
2026-02-26 13:00:00,-8.57,19.37,19.39,0.15,21,52.82,41.92,29.48,100.0,343845.56,15.0,50.25,17.82,20.59,87.5
2026-02-26 14:00:00,-9.06,19.37,19.68,0.15,21,58.87,41.16,27.15,100.0,343825.57,15.0,57.89,20.0,19.39,76.4
2026-02-26 15:00:00,-8.78,19.37,19.28,0.15,21,57.15,33.48,25.67,100.0,343807.83,15.0,49.96,17.74,17.5,71.8
2026-02-26 16:00:00,-8.85,19.37,19.98,0.15,21,59.94,32.47,20.9,100.0,343788.22,15.0,56.51,19.61,15.07,74.5
2026-02-26 17:00:00,-8.79,19.37,19.96,0.15,21,60.95,35.3,17.3,100.0,343766.5,15.0,63.94,21.72,12.27,75.1
2026-02-26 18:00:00,-9.23,19.37,19.47,0.15,21,56.78,22.08,13.99,100.0,343748.79,15.0,49.86,17.71,9.3,77.6
2026-02-26 19:00:00,-10.49,19.37,18.01,0.15,21,63.18,20.92,11.12,100.0,343728.77,15.0,57.97,20.02,6.36,73.2
2026-02-26 20:00:00,-10.56,19.37,14.52,0.15,21,61.31,14.13,8.45,100.0,343710.45,15.0,52.0,18.32,3.63,70.8
2026-02-26 21:00:00,-11.52,19.37,11.11,0.15,21,62.28,15.11,3.88,73.25,343689.13,10.99,62.52,21.32,1.3,74.7
2026-02-26 22:00:00,-12.4,19.37,8.97,0.15,21,65.38,16.39,0.0,29.2,343663.57,4.38,77.38,25.55,-0.49,76.2
2026-02-26 23:00:00,-13.76,19.37,8.37,0.15,21,66.01,18.41,0.0,21.28,343636.92,3.19,81.23,26.65,-1.62,76.7
2026-02-27 00:00:00,-15.03,18.95,7.46,0.15,19,70.78,10.14,0.0,12.15,343610.88,1.82,79.11,26.05,-2.37,73.6
2026-02-27 01:00:00,-16.06,18.95,7.38,0.15,19,69.03,10.66,0.0,11.51,343585.16,1.73,77.96,25.72,-1.99,79.8
2026-02-27 02:00:00,-16.45,18.95,6.97,0.15,19,73.44,17.88,0.0,8.55,343556.0,1.28,90.04,29.16,-0.86,73.0
2026-02-27 03:00:00,-15.48,18.95,5.9,0.252,19,68.94,8.0,2.99,3.36,343531.66,0.85,73.1,24.33,0.93,62.5
2026-02-27 04:00:00,-16.14,18.95,8.14,0.211,19,64.79,15.29,9.87,18.63,343509.28,3.93,66.27,22.39,3.27,74.1
2026-02-27 05:00:00,-16.71,18.95,9.89,0.1622,19,69.13,23.46,17.55,44.89,343486.47,7.28,67.76,22.81,6.0,72.5
2026-02-27 06:00:00,-15.19,18.95,8.57,0.15,19,68.32,19.03,25.59,23.69,343466.38,3.55,58.21,20.09,8.94,77.3
2026-02-27 07:00:00,-14.54,18.95,6.91,0.252,19,68.34,24.6,33.5,8.22,343446.53,2.07,57.37,19.85,11.91,68.5
2026-02-27 08:00:00,-14.04,18.95,8.36,0.2066,19,66.54,34.92,40.78,21.17,343426.98,4.37,56.3,19.55,14.71,79.8
2026-02-27 09:00:00,-12.44,18.95,7.45,0.1676,19,62.75,28.11,46.98,12.06,343411.55,2.02,41.85,15.43,17.14,77.0
2026-02-27 10:00:00,-11.85,18.95,7.43,0.15,19,67.28,30.25,51.71,11.96,343395.5,1.79,44.03,16.05,19.02,76.8
2026-02-27 11:00:00,-9.84,18.95,6.1,0.15,19,63.34,40.28,54.66,4.09,343378.22,0.61,48.35,17.28,20.22,82.3
2026-02-27 12:00:00,-8.67,18.95,5.89,0.15,19,55.78,43.12,55.67,3.29,343362.55,0.49,42.73,15.68,20.63,84.3
2026-02-27 13:00:00,-8.37,18.95,7.91,0.15,19,56.12,42.06,54.66,16.2,343347.34,2.43,41.09,15.21,20.22,84.0
2026-02-27 14:00:00,-6.68,18.95,9.41,0.252,19,56.06,28.56,51.71,36.21,343337.06,9.13,23.79,10.28,19.02,68.3
2026-02-27 15:00:00,-6.91,18.95,8.18,0.2116,19,55.38,38.46,46.98,19.07,343321.35,4.03,42.82,15.7,17.14,72.7
2026-02-27 16:00:00,-6.56,18.95,7.76,0.1705,19,49.14,31.38,40.78,14.81,343307.25,2.52,37.21,14.11,14.71,77.9
2026-02-27 17:00:00,-6.71,18.95,6.7,0.15,19,53.82,25.33,33.5,6.94,343291.03,1.04,44.61,16.21,11.91,74.0
2026-02-27 18:00:00,-6.47,18.95,5.63,0.15,19,56.64,21.33,25.59,2.51,343272.71,0.38,52.0,18.32,8.94,76.7
2026-02-27 19:00:00,-6.25,18.95,10.43,0.15,19,54.93,22.64,17.17,56.36,343254.41,8.45,51.95,18.31,6.0,80.1
2026-02-27 20:00:00,-7.09,18.95,10.51,0.15,19,53.94,18.51,9.62,58.19,343235.49,8.73,54.11,18.92,3.27,77.3
2026-02-27 21:00:00,-8.46,18.95,10.14,0.15,19,56.89,18.56,2.97,49.93,343213.47,7.49,64.98,22.02,0.93,78.5
2026-02-27 22:00:00,-9.1,18.95,10.8,0.15,19,58.61,11.26,0.0,65.1,343192.84,9.76,60.11,20.63,-0.86,85.0
2026-02-27 23:00:00,-10.36,18.95,11.7,0.15,19,66.69,11.68,0.0,90.39,343170.87,13.56,64.81,21.97,-1.99,86.1
2026-02-28 00:00:00,-10.2,18.56,12.14,0.15,17,60.9,15.44,0.0,100.0,343149.88,15.0,61.34,20.98,-2.75,79.2
2026-02-28 01:00:00,-10.7,18.56,9.07,0.15,17,60.0,10.64,0.0,30.74,343127.57,4.61,66.03,22.32,-2.36,83.6
2026-02-28 02:00:00,-11.29,18.56,7.86,0.15,17,66.47,15.48,0.0,15.72,343101.38,2.36,79.6,26.18,-1.23,74.5
2026-02-28 03:00:00,-11.32,18.56,8.67,0.15,17,63.82,10.55,1.85,25.01,343078.28,3.75,68.77,23.1,0.56,73.4
2026-02-28 04:00:00,-12.04,18.56,8.25,0.15,17,61.89,22.75,8.81,19.83,343054.02,2.98,72.85,24.26,2.9,75.6
2026-02-28 05:00:00,-12.28,18.56,11.76,0.15,17,64.08,25.82,15.08,92.16,343033.14,13.82,60.99,20.88,5.63,74.2
2026-02-28 06:00:00,-11.0,18.56,11.5,0.15,17,61.63,21.07,22.76,84.24,343016.16,12.64,47.3,16.98,8.58,80.1
2026-02-28 07:00:00,-10.68,18.56,13.4,0.15,17,62.77,26.92,27.01,100.0,342999.07,15.0,47.68,17.09,11.55,77.1
2026-02-28 08:00:00,-10.48,18.56,11.0,0.15,17,58.47,30.34,37.84,70.28,342984.04,10.54,40.43,15.02,14.34,84.7
2026-02-28 09:00:00,-9.24,18.56,12.01,0.15,17,56.7,32.38,41.41,100.0,342971.23,15.0,32.67,12.81,16.77,78.7
2026-02-28 10:00:00,-7.62,18.56,10.45,0.15,17,56.24,31.94,49.64,56.73,342959.17,8.51,30.04,12.06,18.65,75.8
2026-02-28 11:00:00,-6.35,18.56,13.69,0.15,17,52.91,36.63,43.84,100.0,342946.93,15.0,30.69,12.25,19.84,77.9
2026-02-28 12:00:00,-5.04,18.56,11.03,0.15,17,55.05,32.34,51.93,71.07,342936.36,10.66,24.8,10.57,20.25,78.2
2026-02-28 13:00:00,-4.97,18.56,10.42,0.15,17,50.44,40.92,52.62,56.0,342924.21,8.4,30.34,12.15,19.84,84.9
2026-02-28 14:00:00,-5.5,18.56,11.14,0.15,17,58.81,39.75,47.88,74.1,342909.43,11.11,39.58,14.78,18.65,80.4
2026-02-28 15:00:00,-4.47,18.56,10.21,0.15,17,51.6,36.82,45.56,51.4,342895.91,7.71,35.15,13.52,16.77,82.2
2026-02-28 16:00:00,-4.81,18.56,9.66,0.15,17,52.74,34.23,39.83,40.58,342880.71,6.09,41.05,15.2,14.34,83.5
2026-02-28 17:00:00,-5.32,18.56,12.94,0.15,17,54.02,28.96,27.75,100.0,342865.75,15.0,40.24,14.97,11.55,83.7
2026-02-28 18:00:00,-5.09,18.56,11.47,0.15,17,52.73,20.55,22.8,83.33,342851.42,12.5,37.98,14.33,8.58,86.5
2026-02-28 19:00:00,-5.5,18.56,11.05,0.15,17,56.13,15.89,15.66,71.58,342834.92,10.74,45.62,16.5,5.63,82.6
2026-02-28 20:00:00,-6.1,18.56,8.62,0.15,17,54.78,13.42,8.81,24.37,342815.54,3.65,55.73,19.38,2.9,75.6
2026-02-28 21:00:00,-5.73,18.56,10.16,0.15,17,52.74,15.25,1.84,50.35,342795.34,7.55,58.6,20.2,0.56,78.3
2026-02-28 22:00:00,-7.08,18.56,10.29,0.15,17,52.97,9.01,0.0,53.1,342776.44,7.97,54.02,18.89,-1.23,77.3
2026-02-28 23:00:00,-7.41,18.56,9.5,0.15,17,57.35,13.54,0.0,37.68,342754.35,5.65,65.24,22.09,-2.36,75.8
2026-03-01 00:00:00,-8.49,18.18,7.18,0.15,15,60.17,14.57,0.0,10.05,342729.98,1.51,73.24,24.37,-3.12,83.8
2026-03-01 01:00:00,-8.94,18.18,7.94,0.15,15,56.07,12.35,0.0,16.57,342707.69,2.49,65.93,22.29,-2.74,77.6
2026-03-01 02:00:00,-8.42,18.18,6.03,0.15,15,57.21,13.01,0.0,3.81,342684.34,0.57,69.65,23.35,-1.61,79.6
2026-03-01 03:00:00,-8.3,18.18,4.42,0.15,15,59.99,21.28,0.66,0.39,342657.88,0.06,80.54,26.46,0.19,80.4
2026-03-01 04:00:00,-7.93,18.18,6.06,0.15,15,55.42,15.98,7.74,3.93,342636.41,0.59,63.06,21.47,2.53,80.1
2026-03-01 05:00:00,-7.01,18.18,5.71,0.15,15,53.97,20.34,15.51,2.74,342616.27,0.41,58.38,20.14,5.26,81.3
2026-03-01 06:00:00,-6.75,18.18,5.48,0.15,15,55.13,25.94,23.61,2.08,342596.48,0.31,57.15,19.79,8.21,92.0
2026-03-01 07:00:00,-6.61,18.18,6.96,0.15,15,58.15,28.43,31.56,8.54,342577.67,1.28,53.73,18.81,11.18,83.4
2026-03-01 08:00:00,-6.47,18.18,5.7,0.15,15,57.05,31.31,38.88,2.69,342560.18,0.4,49.08,17.49,13.97,75.5
2026-03-01 09:00:00,-6.81,18.18,5.91,0.15,15,58.46,32.31,45.1,3.38,342543.81,0.51,45.16,16.37,16.4,81.5
2026-03-01 10:00:00,-4.71,18.18,5.44,0.15,15,50.11,34.39,49.85,2.0,342530.52,0.3,34.35,13.29,18.28,82.0
2026-03-01 11:00:00,-4.59,18.18,6.66,0.15,15,50.66,29.41,52.82,6.7,342519.54,1.01,26.24,10.98,19.47,74.6
2026-03-01 12:00:00,-4.05,18.18,7.84,0.15,15,50.88,40.52,53.83,15.56,342506.0,2.33,35.23,13.54,19.88,70.0
2026-03-01 13:00:00,-3.7,18.18,8.94,0.15,15,50.06,33.09,52.82,28.8,342495.09,4.32,26.01,10.91,19.47,82.9
2026-03-01 14:00:00,-3.21,18.18,8.02,0.15,15,48.27,36.19,49.85,17.38,342482.47,2.61,32.0,12.62,18.28,81.2
2026-03-01 15:00:00,-2.64,18.18,6.66,0.15,15,50.15,30.78,45.1,6.75,342469.04,1.01,34.82,13.42,16.4,77.3
2026-03-01 16:00:00,-2.29,18.18,5.64,0.15,15,44.97,38.15,38.88,2.51,342453.04,0.38,43.87,16.0,13.97,80.6
2026-03-01 17:00:00,-3.05,18.18,6.25,0.15,15,50.06,23.23,31.56,4.72,342437.85,0.71,41.02,15.19,11.18,81.4
2026-03-01 18:00:00,-3.76,18.18,9.47,0.15,15,54.49,29.51,23.61,37.11,342418.72,5.57,54.82,19.12,8.21,79.3
2026-03-01 19:00:00,-4.37,18.18,8.26,0.15,15,51.94,18.74,15.51,19.94,342400.35,2.99,52.18,18.37,5.26,83.1
2026-03-01 20:00:00,-5.41,18.18,7.54,0.15,15,51.56,18.26,7.74,12.83,342379.71,1.92,60.15,20.64,2.53,81.8
2026-03-01 21:00:00,-5.4,18.18,6.38,0.15,15,50.55,13.51,0.66,5.29,342358.37,0.79,62.6,21.34,0.19,84.9
2026-03-01 22:00:00,-6.07,18.18,7.42,0.15,15,55.2,17.66,0.0,11.85,342334.61,1.78,71.08,23.76,-1.61,86.2
2026-03-01 23:00:00,-6.53,18.18,8.46,0.15,15,58.95,13.29,0.0,22.36,342311.48,3.35,68.89,23.13,-2.74,83.3
2026-03-02 00:00:00,-7.27,17.83,9.05,0.15,15,56.74,13.87,0.0,30.45,342289.16,4.57,66.04,22.32,-3.5,76.1
2026-03-02 01:00:00,-7.2,17.83,10.6,0.15,15,55.42,13.21,0.0,60.27,342268.67,9.04,59.59,20.48,-3.11,80.4
2026-03-02 02:00:00,-7.52,17.83,10.01,0.15,15,54.98,14.6,0.0,47.19,342247.36,7.08,62.5,21.31,-1.98,71.3
2026-03-02 03:00:00,-8.51,17.83,8.3,0.15,15,54.94,10.54,0.0,20.45,342226.07,3.07,62.41,21.29,-0.18,76.2
2026-03-02 04:00:00,-8.23,17.83,7.69,0.252,15,58.35,9.18,6.66,14.13,342206.24,3.56,57.3,19.83,2.16,66.1
2026-03-02 05:00:00,-8.35,17.83,8.58,0.2071,15,54.41,20.24,14.47,23.83,342187.0,4.94,55.25,19.25,4.89,77.0
2026-03-02 06:00:00,-8.18,17.83,9.02,0.1603,15,59.69,28.54,22.6,29.95,342166.16,4.8,60.82,20.83,7.84,76.2
2026-03-02 07:00:00,-7.16,17.83,9.03,0.15,15,57.48,24.21,30.58,30.15,342149.38,4.52,46.59,16.78,10.81,83.1
2026-03-02 08:00:00,-5.64,17.83,9.63,0.15,15,53.26,30.84,37.91,39.95,342134.43,5.99,40.2,14.96,13.6,75.9
2026-03-02 09:00:00,-4.8,17.83,9.87,0.15,15,53.86,26.78,44.15,44.39,342122.43,6.66,29.82,12.0,16.02,82.3
2026-03-02 10:00:00,-3.78,17.83,11.34,0.15,15,51.24,31.62,45.63,79.53,342111.72,11.93,25.29,10.71,17.9,80.3
2026-03-02 11:00:00,-1.99,17.83,10.89,0.15,15,49.48,34.74,49.58,67.37,342101.23,10.11,24.54,10.49,19.09,81.4
2026-03-02 12:00:00,-1.21,17.83,11.4,0.15,15,48.84,34.95,49.19,81.41,342091.34,12.21,22.4,9.88,19.5,80.2
2026-03-02 13:00:00,0.83,17.83,9.76,0.252,15,44.44,37.95,51.88,42.31,342082.19,10.66,19.84,9.15,19.09,87.1
2026-03-02 14:00:00,1.4,17.83,10.12,0.354,15,42.15,27.84,48.61,49.58,342077.6,17.55,3.83,4.59,17.9,85.2
2026-03-02 15:00:00,0.34,17.83,11.71,0.456,15,49.97,30.71,40.38,90.6,342074.1,41.32,0.0,3.5,16.02,80.5
2026-03-02 16:00:00,0.57,17.83,10.45,0.558,15,44.53,26.66,37.06,56.79,342069.9,31.69,2.45,4.2,13.6,86.1
2026-03-02 17:00:00,0.35,17.83,11.09,0.66,15,44.06,22.71,28.91,72.75,342066.4,48.01,0.0,3.5,10.81,86.8
2026-03-02 18:00:00,0.46,17.83,11.28,0.762,15,45.98,19.95,21.15,77.99,342062.9,59.43,0.0,3.5,7.84,93.0
2026-03-02 19:00:00,0.03,17.83,8.82,0.864,15,44.57,19.68,14.47,27.05,342051.87,23.37,26.41,11.03,4.89,82.1
2026-03-02 20:00:00,-1.03,17.83,9.07,0.8132,15,43.82,16.24,6.66,30.75,342040.28,25.0,28.4,11.59,2.16,82.3
2026-03-02 21:00:00,-2.79,17.83,7.62,0.7736,15,46.7,12.73,0.0,13.5,342022.82,10.44,48.99,17.46,-0.18,76.5
2026-03-02 22:00:00,-3.93,17.83,10.85,0.7148,15,49.13,8.84,0.0,66.28,342016.3,47.37,10.6,6.52,-1.98,79.8
2026-03-02 23:00:00,-5.39,17.83,11.56,0.6553,15,54.14,12.1,0.0,85.92,342009.97,56.31,9.93,6.33,-3.11,75.7
2026-03-03 00:00:00,-6.91,17.48,9.29,0.6014,15,54.18,16.28,0.0,34.18,341992.24,20.56,49.9,17.72,-3.88,85.3
2026-03-03 01:00:00,-7.2,17.48,7.73,0.5582,15,58.21,8.0,0.0,14.55,341972.19,8.12,58.09,20.06,-3.49,82.2
2026-03-03 02:00:00,-6.63,17.48,8.35,0.5158,15,54.93,10.76,0.0,20.97,341953.05,10.81,54.88,19.14,-2.36,74.6
2026-03-03 03:00:00,-6.61,17.48,7.91,0.4754,15,55.08,9.88,0.0,16.26,341933.24,7.73,57.23,19.81,-0.56,75.2
2026-03-03 04:00:00,-7.32,17.48,6.23,0.4428,15,56.49,12.22,5.56,4.64,341912.33,2.05,61.09,20.91,1.79,76.7
2026-03-03 05:00:00,-6.8,17.48,7.08,0.4012,15,53.26,17.86,13.42,9.33,341893.45,3.74,53.95,18.88,4.52,86.4
2026-03-03 06:00:00,-5.62,17.48,7.15,0.3634,15,56.52,19.96,21.59,9.84,341875.33,3.58,51.31,18.12,7.47,77.7
2026-03-03 07:00:00,-5.37,17.48,6.11,0.3301,15,54.01,22.61,29.59,4.11,341858.81,1.36,45.67,16.52,10.43,80.1
2026-03-03 08:00:00,-4.71,17.48,8.11,0.281,15,51.91,28.33,36.94,18.36,341844.44,5.16,38.14,14.37,13.22,89.1
2026-03-03 09:00:00,-3.89,17.48,10.4,0.2214,15,49.86,26.25,42.32,55.69,341834.82,12.33,21.46,9.62,15.65,84.2
2026-03-03 10:00:00,-3.55,17.48,10.94,0.1655,15,49.3,39.0,45.69,68.77,341822.43,11.38,31.22,12.4,17.52,75.1
2026-03-03 11:00:00,-2.4,17.48,11.69,0.15,15,46.18,32.62,46.63,90.08,341813.61,13.51,18.66,8.82,18.71,74.0
2026-03-03 12:00:00,-1.84,17.48,9.84,0.15,15,44.93,33.64,51.95,43.95,341804.4,6.59,20.02,9.21,19.12,84.1
2026-03-03 13:00:00,-1.12,17.48,8.7,0.15,15,43.81,33.29,50.94,25.34,341794.53,3.8,22.36,9.87,18.71,95.7
2026-03-03 14:00:00,-1.4,17.48,7.67,0.15,15,49.51,30.11,47.96,13.98,341782.61,2.1,29.56,11.92,17.52,90.7
2026-03-03 15:00:00,-1.63,17.48,9.03,0.15,15,45.84,34.7,43.19,30.14,341769.75,4.52,32.82,12.85,15.65,85.7
2026-03-03 16:00:00,-1.39,17.48,11.49,0.15,15,44.78,29.04,34.19,83.85,341758.54,12.58,27.05,11.21,13.22,87.9
2026-03-03 17:00:00,-2.04,17.48,11.53,0.15,15,51.0,17.66,27.33,85.09,341746.9,12.76,28.57,11.64,10.43,87.8
2026-03-03 18:00:00,-1.63,17.48,12.53,0.15,15,47.67,18.16,18.86,100.0,341734.29,15.0,31.97,12.61,7.47,75.6
2026-03-03 19:00:00,-2.69,17.48,11.94,0.15,15,46.59,16.66,12.12,98.06,341720.41,14.71,36.42,13.88,4.52,84.0
2026-03-03 20:00:00,-3.49,17.48,10.63,0.15,15,51.66,17.44,5.38,60.83,341701.35,9.12,54.59,19.06,1.79,89.0
2026-03-03 21:00:00,-3.92,17.48,9.82,0.15,15,54.27,16.89,0.0,43.43,341679.43,6.51,64.65,21.92,-0.56,92.5
2026-03-03 22:00:00,-5.78,17.48,7.87,0.15,15,55.45,12.49,0.0,15.82,341657.24,2.37,65.56,22.19,-2.36,83.2
2026-03-03 23:00:00,-7.76,17.48,6.17,0.15,15,57.34,17.67,0.0,4.38,341632.55,0.66,74.35,24.69,-3.49,72.4
2026-03-04 00:00:00,-9.83,17.15,7.64,0.15,15,61.27,15.22,0.0,13.68,341607.84,2.05,74.43,24.71,-4.26,80.5
2026-03-04 01:00:00,-9.67,17.15,7.72,0.15,15,62.62,19.33,0.0,14.47,341581.6,2.17,79.78,26.24,-3.87,80.5
2026-03-04 02:00:00,-10.41,17.15,8.18,0.15,15,64.94,11.22,0.0,19.11,341557.21,2.87,73.3,24.39,-2.74,81.5
2026-03-04 03:00:00,-9.04,17.15,8.53,0.15,15,56.92,12.11,0.0,23.23,341535.03,3.48,65.55,22.18,-0.94,80.2
2026-03-04 04:00:00,-9.34,17.15,7.81,0.15,15,59.53,15.91,4.44,15.26,341511.95,2.29,68.7,23.08,1.41,87.3
2026-03-04 05:00:00,-8.95,17.15,7.98,0.15,15,60.2,16.1,12.36,16.9,341490.95,2.53,61.41,21.0,4.15,79.2
2026-03-04 06:00:00,-7.53,17.15,8.08,0.15,15,57.05,23.95,20.56,17.95,341470.99,2.69,57.75,19.96,7.09,79.6
2026-03-04 07:00:00,-5.68,17.15,7.87,0.15,15,54.97,21.2,28.59,15.82,341454.6,2.37,45.2,16.38,10.06,79.4
2026-03-04 08:00:00,-3.69,17.15,9.48,0.15,15,55.58,23.56,35.96,37.39,341440.4,5.61,37.57,14.21,12.85,82.7
2026-03-04 09:00:00,-2.17,17.15,9.09,0.15,15,47.79,30.51,42.22,30.94,341427.94,4.64,31.43,12.46,15.27,84.8
2026-03-04 10:00:00,-0.77,17.15,9.35,0.252,15,43.09,37.18,47.0,35.09,341417.48,8.84,24.43,10.46,17.14,85.0
2026-03-04 11:00:00,0.3,17.15,11.09,0.354,15,49.07,35.52,47.26,72.69,341410.67,25.73,11.6,6.81,18.33,89.1
2026-03-04 12:00:00,1.35,17.15,12.1,0.456,15,48.89,36.94,45.66,100.0,341407.17,45.6,0.0,3.5,18.74,75.7
2026-03-04 13:00:00,1.43,17.15,13.01,0.558,15,46.2,39.05,42.46,100.0,341403.67,55.8,0.0,3.5,18.33,85.4
2026-03-04 14:00:00,1.15,17.15,10.98,0.66,15,43.91,34.04,44.69,69.72,341400.17,46.02,0.0,3.5,17.14,88.5
2026-03-04 15:00:00,1.15,17.15,8.43,0.762,15,46.89,29.64,42.22,21.92,341391.65,16.7,17.6,8.52,15.27,87.3
2026-03-04 16:00:00,0.8,17.15,7.67,0.864,15,45.07,32.37,35.96,14.01,341379.78,12.11,29.37,11.87,12.85,79.2
2026-03-04 17:00:00,0.06,17.15,7.2,0.966,15,44.32,27.81,28.59,10.17,341366.68,9.83,33.71,13.11,10.06,87.7
2026-03-04 18:00:00,-0.19,17.15,9.69,1.0,15,43.81,19.41,20.56,41.12,341362.74,41.12,1.54,3.94,7.09,85.1
2026-03-04 19:00:00,-0.46,17.15,9.96,1.0,15,45.68,15.77,12.36,46.22,341358.42,46.22,2.87,4.32,4.15,88.5
2026-03-04 20:00:00,-1.38,17.15,8.01,0.9527,15,48.34,15.11,4.44,17.21,341342.78,16.39,42.61,15.64,1.41,86.8
2026-03-04 21:00:00,-1.52,17.15,6.88,0.9127,15,47.71,16.01,0.0,7.99,341323.19,7.3,56.43,19.58,-0.94,85.5
2026-03-04 22:00:00,-3.25,17.15,6.16,0.8782,15,51.98,9.98,0.0,4.33,341303.12,3.8,58.16,20.08,-2.74,82.6
2026-03-04 23:00:00,-4.33,17.15,7.36,0.8365,15,51.23,13.3,0.0,11.37,341283.93,9.51,55.03,19.18,-3.87,83.2
2026-03-05 00:00:00,-5.97,16.83,8.67,0.7882,15,53.33,15.62,0.0,24.96,341266.39,19.67,49.28,17.54,-4.65,82.0
2026-03-05 01:00:00,-7.77,16.83,10.31,0.728,15,57.89,12.16,0.0,53.68,341254.06,39.08,30.97,12.33,-4.26,85.8
2026-03-05 02:00:00,-8.26,16.83,12.29,0.6497,15,57.99,13.75,0.0,100.0,341248.63,64.97,6.77,5.43,-3.12,93.8
2026-03-05 03:00:00,-8.54,16.83,10.21,0.5988,15,61.51,14.79,0.0,51.48,341232.17,30.83,45.47,16.46,-1.32,73.2
2026-03-05 04:00:00,-7.6,16.83,9.12,0.7008,15,56.02,17.25,3.3,31.5,341215.02,22.08,47.89,17.15,1.03,66.0
2026-03-05 05:00:00,-6.97,16.83,8.1,0.6584,15,54.7,18.29,11.29,18.17,341197.35,11.96,49.73,17.67,3.77,77.1
2026-03-05 06:00:00,-7.14,16.83,7.78,0.6187,15,55.69,20.96,19.53,14.99,341180.21,9.28,47.85,17.14,6.72,74.9
2026-03-05 07:00:00,-5.39,16.83,10.16,0.5598,15,52.44,27.69,27.35,50.4,341169.71,28.21,24.56,10.5,9.68,85.2
2026-03-05 08:00:00,-3.92,16.83,10.01,0.4989,15,49.68,20.03,34.95,47.23,341163.02,23.56,11.2,6.69,12.47,89.5
2026-03-05 09:00:00,-2.78,16.83,10.57,0.4364,15,45.72,32.98,40.07,59.55,341155.92,25.99,12.64,7.1,14.89,87.0
2026-03-05 10:00:00,-2.13,16.83,10.0,0.3807,15,45.77,34.21,46.03,47.02,341147.85,17.9,16.05,8.07,16.76,81.8
2026-03-05 11:00:00,-1.99,16.83,7.67,0.3353,15,47.81,38.34,49.02,13.99,341135.1,4.69,32.44,12.75,17.95,87.2
2026-03-05 12:00:00,-1.59,16.83,6.27,0.2969,15,44.6,35.94,50.04,4.8,341123.31,1.42,29.07,11.78,18.35,89.9
2026-03-05 13:00:00,-0.48,16.83,7.09,0.3989,15,46.99,30.66,49.02,9.41,341112.73,3.75,24.87,10.59,17.95,88.0
2026-03-05 14:00:00,0.89,16.83,8.4,0.5009,15,45.81,32.77,46.03,21.59,341103.03,10.82,21.74,9.7,16.76,88.4
2026-03-05 15:00:00,1.82,16.83,7.49,0.6029,15,43.53,27.46,41.25,12.38,341093.18,7.47,22.27,9.85,14.89,85.8
2026-03-05 16:00:00,1.26,16.83,8.69,0.7049,15,44.88,31.17,34.97,25.32,341083.06,17.85,23.23,10.12,12.47,79.9
2026-03-05 17:00:00,0.1,16.83,10.01,0.8069,15,44.58,17.25,27.56,47.33,341079.56,38.19,0.0,3.5,9.68,90.6
2026-03-05 18:00:00,-0.49,16.83,9.33,0.9089,15,41.79,16.53,19.53,34.82,341074.02,31.65,7.14,5.54,6.72,93.1
2026-03-05 19:00:00,-2.4,16.83,10.13,0.8564,15,49.7,14.45,11.22,49.67,341067.56,42.54,10.39,6.46,3.77,76.3
2026-03-05 20:00:00,-3.15,16.83,9.39,0.8012,15,48.57,10.11,3.3,35.72,341056.44,28.62,26.76,11.13,1.03,86.5
2026-03-05 21:00:00,-4.25,16.83,9.86,0.749,15,49.45,12.34,0.0,44.27,341044.78,33.16,28.63,11.66,-1.32,77.8
2026-03-05 22:00:00,-5.54,16.83,10.59,0.6891,15,55.08,11.64,0.0,60.02,341034.05,41.36,25.36,10.73,-3.12,83.2
2026-03-05 23:00:00,-7.44,16.83,13.96,0.6204,15,57.07,15.39,0.0,100.0,341027.58,62.04,10.41,6.47,-4.26,72.4
2026-03-06 00:00:00,-8.3,16.51,11.92,0.5534,15,59.87,8.0,0.0,97.36,341020.09,53.88,13.99,7.49,-5.03,82.7
2026-03-06 01:00:00,-9.26,16.51,10.69,0.4951,15,59.1,11.29,0.0,62.38,341005.34,30.88,39.5,14.76,-4.64,80.2
2026-03-06 02:00:00,-10.39,16.51,8.92,0.4457,15,61.59,13.68,0.0,28.53,340984.01,12.72,62.55,21.33,-3.51,81.3
2026-03-06 03:00:00,-12.31,16.51,7.82,0.4037,15,65.84,10.52,0.0,15.34,340960.51,6.19,70.17,23.5,-1.7,79.0
2026-03-06 04:00:00,-12.25,16.51,8.8,0.3578,15,67.67,9.76,2.13,26.82,340938.28,9.6,65.71,22.23,0.65,76.7
2026-03-06 05:00:00,-10.87,16.51,10.92,0.2978,15,61.16,19.89,9.74,68.1,340920.24,20.28,51.02,18.04,3.39,80.8
2026-03-06 06:00:00,-9.36,16.51,9.92,0.2467,15,60.05,22.77,18.49,45.43,340901.6,11.21,53.13,18.64,6.34,75.8
2026-03-06 07:00:00,-8.98,16.51,8.43,0.2002,15,60.18,18.0,26.56,21.99,340884.64,4.4,47.21,16.95,9.3,81.1
2026-03-06 08:00:00,-8.56,16.51,7.76,0.1602,15,59.51,26.17,33.97,14.84,340867.08,2.38,49.33,17.56,12.09,75.8
2026-03-06 09:00:00,-7.42,16.51,7.87,0.15,15,55.38,28.28,40.26,15.87,340851.89,2.38,41.02,15.19,14.5,82.6
2026-03-06 10:00:00,-7.18,16.51,7.38,0.15,15,55.88,37.64,45.05,11.56,340835.08,1.73,46.73,16.82,16.38,78.7
2026-03-06 11:00:00,-6.2,16.51,6.83,0.15,15,55.85,27.82,48.05,7.71,340821.75,1.16,34.47,13.32,17.56,82.8
2026-03-06 12:00:00,-5.07,16.51,8.29,0.15,15,53.24,32.59,49.07,20.32,340808.65,3.05,33.7,13.11,17.97,79.8
2026-03-06 13:00:00,-3.82,16.51,6.2,0.15,15,55.14,35.77,48.05,4.5,340793.12,0.68,42.18,15.52,17.56,80.8
2026-03-06 14:00:00,-3.6,16.51,7.05,0.15,15,49.9,31.83,45.05,9.11,340779.56,1.37,35.31,13.56,16.38,81.2
2026-03-06 15:00:00,-3.67,16.51,8.74,0.15,15,48.93,33.34,40.26,25.98,340765.2,3.9,38.11,14.36,14.5,75.6
2026-03-06 16:00:00,-4.38,16.51,7.92,0.15,15,52.86,21.51,33.97,16.33,340750.88,2.45,37.95,14.32,12.09,86.0
2026-03-06 17:00:00,-5.29,16.51,8.51,0.15,15,51.13,20.5,26.56,22.98,340735.52,3.45,41.62,15.36,9.3,81.3
2026-03-06 18:00:00,-6.02,16.51,9.2,0.15,15,53.33,20.12,18.49,32.63,340717.75,4.89,50.07,17.77,6.34,74.0
2026-03-06 19:00:00,-6.57,16.51,9.63,0.15,15,55.36,19.24,10.21,39.93,340697.61,5.99,58.4,20.14,3.39,77.4
2026-03-06 20:00:00,-6.91,16.51,9.17,0.15,15,55.63,14.73,2.13,32.24,340676.04,4.84,63.4,21.57,0.65,76.8
2026-03-06 21:00:00,-8.35,16.51,8.51,0.15,15,57.81,15.15,0.0,22.9,340652.72,3.44,69.53,23.32,-1.7,80.7
2026-03-06 22:00:00,-8.4,16.51,10.04,0.15,15,56.78,11.89,0.0,47.79,340631.69,7.17,61.5,21.03,-3.51,77.7
2026-03-06 23:00:00,-9.47,16.51,10.69,0.15,15,60.49,8.97,0.0,62.39,340611.07,9.36,60.1,20.63,-4.64,82.4
2026-03-07 00:00:00,-10.63,16.21,9.5,0.15,15,66.26,14.56,0.0,37.75,340586.15,5.66,75.15,24.92,-5.42,71.1
2026-03-07 01:00:00,-11.69,16.21,7.79,0.15,15,64.94,8.31,0.0,15.11,340562.42,2.27,70.99,23.73,-5.03,78.4
2026-03-07 02:00:00,-13.55,16.21,6.4,0.15,15,61.95,9.99,0.0,5.41,340538.65,0.81,71.13,23.77,-3.89,76.6
2026-03-07 03:00:00,-13.16,16.21,5.53,0.15,15,64.5,9.21,0.0,2.23,340514.23,0.33,73.38,24.41,-2.09,73.0
2026-03-07 04:00:00,-12.62,16.21,6.73,0.15,15,65.74,14.99,0.91,7.13,340488.29,1.07,78.75,25.94,0.27,76.8
2026-03-07 05:00:00,-12.48,16.21,5.52,0.15,15,61.06,17.26,9.12,2.19,340465.16,0.33,68.87,23.13,3.01,75.5
2026-03-07 06:00:00,-11.92,16.21,5.86,0.15,15,58.15,17.37,17.43,3.22,340445.25,0.48,57.61,19.92,5.96,82.1
2026-03-07 07:00:00,-10.92,16.21,7.68,0.15,15,60.33,21.71,25.53,14.09,340426.25,2.11,54.38,19.0,8.92,77.2
2026-03-07 08:00:00,-11.05,16.21,7.26,0.15,15,60.35,26.12,32.96,10.63,340407.95,1.59,51.92,18.3,11.71,82.4
2026-03-07 09:00:00,-10.49,16.21,8.73,0.15,15,64.87,31.75,39.27,25.86,340389.21,3.88,53.47,18.74,14.12,81.3
2026-03-07 10:00:00,-9.12,16.21,9.7,0.15,15,59.92,31.99,44.07,41.18,340373.83,6.18,41.67,15.38,15.99,71.9
2026-03-07 11:00:00,-9.06,16.21,8.53,0.15,15,58.73,34.07,47.08,23.15,340358.29,3.47,42.25,15.54,17.17,77.8
2026-03-07 12:00:00,-8.17,16.21,9.47,0.15,15,56.97,34.96,48.1,37.13,340343.89,5.57,38.26,14.4,17.58,83.0
2026-03-07 13:00:00,-8.45,16.21,10.23,0.15,15,59.09,33.15,46.53,51.89,340329.58,7.78,37.93,14.31,17.17,79.9
2026-03-07 14:00:00,-7.82,16.21,9.44,0.15,15,57.56,32.55,44.07,36.61,340314.52,5.49,40.55,15.06,15.99,79.5
2026-03-07 15:00:00,-7.73,16.21,8.21,0.15,15,57.98,29.42,39.27,19.39,340298.13,2.91,45.22,16.39,14.12,79.9
2026-03-07 16:00:00,-8.84,16.21,8.42,0.15,15,59.41,31.6,32.96,21.84,340279.02,3.28,54.77,19.11,11.71,81.4
2026-03-07 17:00:00,-8.47,16.21,10.69,0.15,15,60.42,25.68,24.65,62.44,340260.68,9.37,52.08,18.34,8.92,76.7
2026-03-07 18:00:00,-9.48,16.21,10.63,0.15,15,59.76,26.29,16.88,61.04,340240.08,9.16,60.02,20.61,5.96,76.5
2026-03-07 19:00:00,-10.69,16.21,8.92,0.15,15,63.28,21.3,9.12,28.39,340216.28,4.26,71.21,23.79,3.01,81.2
2026-03-07 20:00:00,-11.4,16.21,9.54,0.15,15,63.45,13.85,0.91,38.41,340192.65,5.76,70.63,23.63,0.27,77.5
2026-03-07 21:00:00,-11.6,16.21,9.05,0.15,15,63.43,12.73,0.0,30.32,340168.74,4.55,71.61,23.91,-2.09,75.4
2026-03-07 22:00:00,-13.12,16.21,9.27,0.15,15,64.46,8.0,0.0,33.86,340146.04,5.08,67.38,22.7,-3.89,75.3
2026-03-07 23:00:00,-13.92,16.21,10.03,0.15,15,66.44,9.57,0.0,47.59,340122.91,7.14,68.87,23.13,-5.03,77.1
2026-03-08 00:00:00,-14.76,15.91,9.7,0.15,15,67.77,15.93,0.0,41.18,340097.32,6.18,77.52,25.59,-5.81,73.8
2026-03-08 01:00:00,-14.89,15.91,10.75,0.15,15,70.46,15.78,0.0,63.83,340071.97,9.58,76.67,25.35,-5.42,74.6
2026-03-08 02:00:00,-15.14,15.91,11.03,0.252,15,68.99,8.0,0.0,70.91,340051.62,17.87,59.11,20.35,-4.28,65.1
2026-03-08 03:00:00,-15.49,15.91,10.78,0.1973,15,67.01,17.26,0.0,64.51,340027.73,12.73,71.55,23.89,-2.47,74.6
2026-03-08 04:00:00,-15.87,15.91,8.92,0.1534,15,66.19,17.8,0.0,28.51,340001.54,4.37,79.62,26.19,-0.12,72.5
2026-03-08 05:00:00,-15.46,15.91,10.33,0.15,15,66.46,20.58,7.88,54.13,339977.79,8.12,71.04,23.75,2.62,78.0
2026-03-08 06:00:00,-15.55,15.91,12.24,0.15,15,67.58,22.05,14.54,100.0,339957.16,15.0,60.09,20.63,5.57,73.1
2026-03-08 07:00:00,-16.57,15.91,9.91,0.15,15,71.7,25.34,24.5,45.23,339934.92,6.78,65.75,22.24,8.54,80.0
2026-03-08 08:00:00,-15.42,15.91,9.52,0.15,15,67.54,26.35,31.95,37.98,339915.39,5.7,56.24,19.53,11.32,76.5
2026-03-08 09:00:00,-13.93,15.91,8.45,0.15,15,69.3,27.67,38.27,22.16,339896.11,3.32,55.38,19.28,13.73,70.8
2026-03-08 10:00:00,-14.43,15.91,9.54,0.252,15,64.66,35.04,43.08,38.29,339879.23,9.65,46.97,16.89,15.6,68.0
2026-03-08 11:00:00,-14.14,15.91,10.16,0.2009,15,68.38,32.14,45.73,50.27,339862.99,10.1,44.7,16.24,16.78,74.0
2026-03-08 12:00:00,-12.99,15.91,8.44,0.1576,15,61.03,21.85,47.11,22.05,339850.28,3.48,32.29,12.7,17.19,75.4
2026-03-08 13:00:00,-11.14,15.91,10.28,0.2596,15,59.81,34.79,45.44,53.01,339836.69,13.76,35.4,13.59,16.78,68.2
2026-03-08 14:00:00,-10.74,15.91,8.7,0.2143,15,59.47,28.47,43.08,25.37,339821.96,5.44,39.42,14.74,15.6,76.7
2026-03-08 15:00:00,-11.03,15.91,9.94,0.1636,15,59.89,30.03,38.27,45.84,339805.88,7.5,44.15,16.08,13.73,75.1
2026-03-08 16:00:00,-11.23,15.91,9.43,0.15,15,61.0,31.88,31.95,36.5,339786.57,5.48,55.46,19.31,11.32,77.6
2026-03-08 17:00:00,-10.71,15.91,8.63,0.15,15,63.33,30.12,24.5,24.48,339764.47,3.67,65.28,22.1,8.54,87.1
2026-03-08 18:00:00,-11.63,15.91,7.42,0.252,15,64.61,22.59,16.37,11.87,339741.63,2.99,67.84,22.83,5.57,67.9
2026-03-08 19:00:00,-12.81,15.91,6.6,0.216,15,62.64,21.17,8.01,6.4,339716.92,1.38,74.41,24.71,2.62,80.1
2026-03-08 20:00:00,-13.91,15.91,7.8,0.1752,15,66.12,16.48,0.0,15.18,339690.64,2.66,79.95,26.29,-0.12,77.0
2026-03-08 21:00:00,-15.35,15.91,8.23,0.15,15,69.79,15.73,0.0,19.65,339663.61,2.95,82.57,27.03,-2.47,71.0
2026-03-08 22:00:00,-16.13,15.91,6.98,0.15,15,69.59,15.66,0.0,8.63,339636.18,1.29,83.96,27.43,-4.28,73.0
2026-03-08 23:00:00,-15.95,15.91,6.04,0.15,15,73.18,9.7,0.0,3.84,339609.22,0.58,82.3,26.96,-5.42,77.6
2026-03-09 00:00:00,-16.83,15.61,5.15,0.15,15,71.92,9.06,0.0,1.37,339582.7,0.2,80.77,26.52,-6.2,72.9
2026-03-09 01:00:00,-17.51,15.61,7.13,0.252,15,70.23,15.94,0.0,9.65,339555.33,2.43,83.74,27.37,-5.81,62.2
2026-03-09 02:00:00,-18.0,15.61,8.39,0.2102,15,71.22,13.82,0.0,21.52,339528.89,4.52,80.52,26.45,-4.67,73.3
2026-03-09 03:00:00,-19.03,15.61,6.75,0.176,15,72.37,13.8,0.0,7.22,339501.19,1.27,84.9,27.7,-2.86,74.3
2026-03-09 04:00:00,-18.33,15.61,7.52,0.278,15,71.88,12.83,0.0,12.64,339474.55,3.51,81.19,26.64,-0.5,69.2
2026-03-09 05:00:00,-17.99,15.61,6.28,0.2457,15,72.94,15.87,6.89,4.83,339448.04,1.19,80.73,26.51,2.24,75.8
2026-03-09 06:00:00,-17.51,15.61,8.98,0.1989,15,71.62,24.01,15.3,29.29,339423.31,5.83,74.5,24.73,5.19,76.6
2026-03-09 07:00:00,-14.82,15.61,10.94,0.15,15,66.93,20.99,22.36,68.61,339404.06,10.29,55.27,19.25,8.15,80.4
2026-03-09 08:00:00,-13.78,15.61,11.05,0.15,15,67.64,26.66,29.29,71.65,339385.09,10.75,54.27,18.97,10.94,79.7
2026-03-09 09:00:00,-13.33,15.61,12.63,0.15,15,66.41,26.93,32.36,100.0,339368.49,15.0,45.98,16.6,13.35,87.7
2026-03-09 10:00:00,-12.66,15.61,12.83,0.15,15,61.15,26.69,36.13,100.0,339354.52,15.0,36.72,13.96,15.21,81.3
2026-03-09 11:00:00,-11.11,15.61,13.08,0.15,15,59.42,32.97,38.16,100.0,339339.84,15.0,39.23,14.68,16.39,77.5
2026-03-09 12:00:00,-10.31,15.61,12.07,0.15,15,58.82,35.32,41.35,100.0,339325.57,15.0,37.79,14.27,16.8,81.3
2026-03-09 13:00:00,-10.62,15.61,10.44,0.15,15,59.68,29.46,44.11,56.45,339311.65,8.47,36.57,13.92,16.39,77.7
2026-03-09 14:00:00,-9.7,15.61,8.95,0.15,15,58.62,29.22,42.08,28.92,339296.35,4.34,41.42,15.31,15.21,76.5
2026-03-09 15:00:00,-9.97,15.61,8.28,0.15,15,59.57,25.74,37.26,20.23,339280.02,3.03,45.01,16.33,13.35,72.3
2026-03-09 16:00:00,-8.94,15.61,8.87,0.15,15,59.65,27.02,30.92,27.74,339261.81,4.16,51.59,18.2,10.94,77.7
2026-03-09 17:00:00,-8.64,15.61,7.65,0.15,15,55.92,22.08,23.46,13.82,339243.36,2.07,52.47,18.45,8.15,83.0
2026-03-09 18:00:00,-9.48,15.61,7.11,0.15,15,58.01,13.87,15.3,9.55,339224.14,1.43,55.15,19.22,5.19,73.9
2026-03-09 19:00:00,-9.44,15.61,7.45,0.15,15,56.15,15.89,6.89,12.11,339202.59,1.82,63.32,21.55,2.24,80.0
2026-03-09 20:00:00,-10.26,15.61,6.88,0.15,15,58.88,17.37,0.0,7.99,339177.7,1.2,75.05,24.89,-0.5,75.6
2026-03-09 21:00:00,-10.67,15.61,7.71,0.15,15,61.09,16.8,0.0,14.35,339152.62,2.15,75.73,25.08,-2.86,77.3
2026-03-09 22:00:00,-11.31,15.61,10.21,0.15,15,60.56,16.53,0.0,51.36,339129.35,7.7,69.38,23.27,-4.67,76.5
2026-03-09 23:00:00,-12.7,15.61,10.76,0.15,15,62.41,9.92,0.0,64.14,339107.97,9.62,62.71,21.37,-5.81,76.7
2026-03-10 00:00:00,-14.22,15.33,10.79,0.15,15,65.92,9.34,0.0,64.9,339085.8,9.74,65.52,22.17,-6.6,85.9
2026-03-10 01:00:00,-14.17,15.33,10.49,0.15,15,67.49,10.96,0.0,57.57,339062.41,8.64,69.81,23.4,-6.21,72.1
2026-03-10 02:00:00,-14.75,15.33,9.93,0.15,15,65.84,15.82,0.0,45.66,339037.58,6.85,74.81,24.82,-5.06,74.0
2026-03-10 03:00:00,-15.14,15.33,8.47,0.15,15,70.71,16.13,0.0,22.42,339010.29,3.36,83.48,27.29,-3.25,72.9
2026-03-10 04:00:00,-15.61,15.33,10.46,0.252,15,67.34,14.26,0.0,56.86,338987.62,14.33,67.27,22.67,-0.89,66.1
2026-03-10 05:00:00,-15.02,15.33,9.08,0.2036,15,67.36,20.02,5.76,30.82,338962.65,6.28,75.35,24.97,1.85,78.3
2026-03-10 06:00:00,-13.23,15.33,7.43,0.1677,15,68.05,21.78,14.22,11.92,338938.17,2.0,73.61,24.48,4.8,71.2
2026-03-10 07:00:00,-13.18,15.33,8.79,0.15,15,66.69,21.81,22.41,26.58,338916.97,3.99,62.11,21.2,7.77,82.3
2026-03-10 08:00:00,-12.34,15.33,7.61,0.15,15,63.82,25.31,29.89,13.41,338897.16,2.01,57.23,19.81,10.55,72.1
2026-03-10 09:00:00,-10.6,15.33,7.48,0.15,15,62.25,25.21,36.24,12.3,338879.59,1.84,49.37,17.57,12.96,79.3
2026-03-10 10:00:00,-9.78,15.33,5.86,0.15,15,57.37,30.7,41.07,3.22,338862.83,0.48,46.51,16.75,14.82,86.6
2026-03-10 11:00:00,-8.69,15.33,5.36,0.15,15,62.45,30.54,44.1,1.79,338845.48,0.27,48.62,17.36,16.0,81.0
2026-03-10 12:00:00,-8.65,15.33,5.15,0.15,15,55.73,29.8,45.12,1.35,338830.52,0.2,40.21,14.96,16.4,75.9
2026-03-10 13:00:00,-7.86,15.33,4.4,0.15,15,57.64,30.16,44.1,0.38,338814.58,0.06,43.64,15.94,16.0,74.9
2026-03-10 14:00:00,-7.65,15.33,6.21,0.252,15,59.33,35.55,41.07,4.54,338796.07,1.14,52.66,18.51,14.82,68.6
2026-03-10 15:00:00,-6.96,15.33,8.4,0.2073,15,56.37,27.62,36.24,21.64,338780.24,4.49,43.27,15.83,12.96,78.2
2026-03-10 16:00:00,-6.4,15.33,8.05,0.1672,15,54.81,31.08,29.89,17.66,338761.62,2.95,53.04,18.62,10.55,73.4
2026-03-10 17:00:00,-5.23,15.33,9.99,0.15,15,55.59,23.43,22.41,46.79,338743.99,7.02,49.59,17.63,7.77,81.2
2026-03-10 18:00:00,-5.51,15.33,8.61,0.15,15,54.9,19.27,14.22,24.25,338724.44,3.64,56.32,19.55,4.8,79.0
2026-03-10 19:00:00,-6.11,15.33,8.03,0.15,15,53.4,18.23,5.76,17.51,338702.91,2.63,63.25,21.53,1.85,81.2
2026-03-10 20:00:00,-6.91,15.33,6.97,0.15,15,59.11,8.0,0.0,8.55,338680.65,1.28,65.82,22.26,-0.89,74.3
2026-03-10 21:00:00,-8.11,15.33,7.9,0.15,15,55.93,19.56,0.0,16.11,338656.33,2.42,73.07,24.33,-3.25,76.5
2026-03-10 22:00:00,-8.88,15.33,7.85,0.15,15,62.34,15.77,0.0,15.62,338631.24,2.34,75.76,25.09,-5.06,81.2
2026-03-10 23:00:00,-9.97,15.33,8.5,0.15,15,61.76,13.52,0.0,22.8,338607.26,3.42,71.86,23.98,-6.21,79.2
2026-03-11 00:00:00,-11.06,15.04,9.61,0.252,15,61.28,15.34,0.0,39.58,338584.76,9.97,66.64,22.49,-6.99,67.8
2026-03-11 01:00:00,-10.89,15.04,9.51,0.1997,15,59.63,13.06,0.0,37.78,338562.7,7.54,65.15,22.07,-6.6,80.9
2026-03-11 02:00:00,-11.93,15.04,9.74,0.1527,15,63.84,11.08,0.0,41.99,338539.67,6.41,68.5,23.02,-5.46,70.9
2026-03-11 03:00:00,-11.43,15.04,11.81,0.2547,15,61.36,13.25,0.0,93.67,338521.71,23.86,50.74,17.96,-3.64,68.8
2026-03-11 04:00:00,-10.59,15.04,10.22,0.2019,15,61.66,12.98,0.0,51.71,338499.91,10.44,64.2,21.8,-1.28,76.0
2026-03-11 05:00:00,-10.41,15.04,9.3,0.15,15,62.81,13.69,4.61,34.33,338477.39,5.15,66.75,22.52,1.47,89.3
2026-03-11 06:00:00,-11.22,15.04,9.97,0.15,15,64.33,18.5,13.13,46.48,338456.01,6.97,62.73,21.38,4.42,75.0
2026-03-11 07:00:00,-10.93,15.04,10.01,0.15,15,64.99,23.62,21.34,47.23,338435.36,7.08,60.19,20.65,7.38,77.3
2026-03-11 08:00:00,-9.36,15.04,8.49,0.15,15,57.26,27.13,28.86,22.71,338417.0,3.41,52.12,18.36,10.16,81.5
2026-03-11 09:00:00,-8.54,15.04,8.12,0.15,15,58.77,32.96,35.22,18.43,338398.19,2.77,53.75,18.82,12.57,74.3
2026-03-11 10:00:00,-8.31,15.04,8.17,0.15,15,54.77,29.86,40.06,18.97,338382.8,2.85,41.72,15.39,14.43,80.3
2026-03-11 11:00:00,-7.83,15.04,8.04,0.15,15,57.15,29.96,43.09,17.57,338367.5,2.64,41.39,15.3,15.6,75.0
2026-03-11 12:00:00,-6.65,15.04,7.08,0.15,15,51.89,28.75,44.12,9.35,338353.99,1.4,35.13,13.51,16.01,82.8
2026-03-11 13:00:00,-5.83,15.04,9.77,0.15,15,58.7,33.41,43.09,42.64,338338.34,6.4,42.62,15.65,15.6,82.7
2026-03-11 14:00:00,-5.69,15.04,10.52,0.15,15,56.67,35.16,39.01,58.39,338322.29,8.76,44.05,16.06,14.43,82.3
2026-03-11 15:00:00,-5.85,15.04,9.93,0.15,15,50.68,27.56,35.22,45.7,338308.48,6.86,36.16,13.81,12.57,81.5
2026-03-11 16:00:00,-6.27,15.04,10.26,0.15,15,53.34,24.38,28.49,52.43,338293.19,7.86,41.36,15.29,10.16,90.4
2026-03-11 17:00:00,-7.23,15.04,11.76,0.15,15,57.8,25.57,19.47,92.15,338275.42,13.82,50.07,17.77,7.38,80.8
2026-03-11 18:00:00,-6.85,15.04,9.56,0.15,15,56.14,16.49,13.13,38.74,338256.62,5.81,53.69,18.8,4.42,82.5
2026-03-11 19:00:00,-7.83,15.04,8.45,0.15,15,57.18,21.25,4.61,22.16,338233.03,3.32,70.5,23.59,1.47,81.0
2026-03-11 20:00:00,-8.0,15.04,8.67,0.15,15,57.95,14.02,0.0,24.94,338210.08,3.74,68.23,22.95,-1.28,74.0
2026-03-11 21:00:00,-8.05,15.04,9.93,0.15,15,59.35,14.45,0.0,45.58,338187.5,6.84,66.96,22.58,-3.64,75.1
2026-03-11 22:00:00,-8.43,15.04,7.68,0.15,15,62.49,13.01,0.0,14.1,338163.08,2.11,73.39,24.42,-5.46,73.3
2026-03-11 23:00:00,-9.62,15.04,11.42,0.15,15,57.42,8.0,0.0,81.87,338144.44,12.28,53.14,18.64,-6.6,73.9
2026-03-12 00:00:00,-10.58,14.76,10.48,0.15,15,60.95,12.7,0.0,57.46,338122.41,8.62,65.03,22.03,-7.39,74.5
2026-03-12 01:00:00,-11.23,14.76,9.49,0.15,15,58.45,11.75,0.0,37.44,338100.5,5.62,64.59,21.91,-7.0,75.6
2026-03-12 02:00:00,-12.21,14.76,8.54,0.15,15,63.81,14.07,0.0,23.39,338075.8,3.51,74.37,24.7,-5.85,74.8
2026-03-12 03:00:00,-12.21,14.76,7.43,0.15,15,67.53,16.75,0.0,11.92,338048.79,1.79,82.49,27.01,-4.03,78.7
2026-03-12 04:00:00,-12.87,14.76,9.0,0.15,15,65.99,15.73,0.0,29.65,338023.27,4.45,77.28,25.52,-1.67,82.1
2026-03-12 05:00:00,-11.87,14.76,11.59,0.15,15,65.09,14.11,3.17,86.97,338001.81,13.04,63.0,21.45,1.08,81.8
2026-03-12 06:00:00,-11.66,14.76,10.46,0.15,15,63.48,24.34,11.76,57.03,337979.07,8.55,67.51,22.74,4.03,77.6
2026-03-12 07:00:00,-10.88,14.76,12.58,0.15,15,60.29,22.83,17.67,100.0,337961.19,15.0,50.46,17.88,6.99,72.7
2026-03-12 08:00:00,-9.94,14.76,12.87,0.15,15,57.03,29.63,23.82,100.0,337944.06,15.0,47.83,17.13,9.77,82.8
2026-03-12 09:00:00,-9.26,14.76,11.61,0.15,15,62.54,31.09,31.44,87.52,337926.58,13.13,49.06,17.48,12.17,75.3
2026-03-12 10:00:00,-8.06,14.76,11.43,0.15,15,56.51,27.51,36.25,82.15,337912.98,12.32,35.45,13.6,14.03,81.1
2026-03-12 11:00:00,-7.57,14.76,10.42,0.15,15,56.34,34.98,41.19,56.06,337897.58,8.41,41.72,15.39,15.21,80.7
2026-03-12 12:00:00,-6.39,14.76,10.13,0.15,15,50.59,34.84,42.82,49.8,337884.07,7.47,35.14,13.52,15.61,74.9
2026-03-12 13:00:00,-6.72,14.76,7.99,0.15,15,53.99,32.03,42.07,17.04,337868.77,2.56,41.39,15.3,15.21,77.3
2026-03-12 14:00:00,-6.35,14.76,8.94,0.15,15,55.13,29.16,39.04,28.73,337853.6,4.31,40.94,15.17,14.03,82.8
2026-03-12 15:00:00,-5.12,14.76,7.1,0.15,15,53.68,30.89,34.19,9.46,337836.15,1.42,48.96,17.45,12.17,80.4
2026-03-12 16:00:00,-5.92,14.76,8.91,0.15,15,57.71,28.76,27.81,28.38,337817.15,4.26,54.4,19.0,9.77,95.1
2026-03-12 17:00:00,-6.74,14.76,10.26,0.15,15,54.89,21.47,20.03,52.45,337799.83,7.87,48.47,17.31,6.99,77.7
2026-03-12 18:00:00,-7.04,14.76,8.9,0.15,15,55.68,21.22,12.04,28.11,337779.05,4.22,60.65,20.79,4.03,74.7
2026-03-12 19:00:00,-7.72,14.76,8.23,0.15,15,60.32,15.1,3.44,19.63,337755.87,2.94,69.04,23.18,1.08,79.6
2026-03-12 20:00:00,-8.42,14.76,8.3,0.15,15,60.63,12.6,0.0,20.37,337732.37,3.06,70.18,23.5,-1.67,77.1
2026-03-12 21:00:00,-9.09,14.76,8.76,0.252,15,56.0,14.62,0.0,26.16,337710.62,6.59,64.02,21.75,-4.03,69.6
2026-03-12 22:00:00,-9.68,14.76,8.0,0.2074,15,63.2,15.27,0.0,17.19,337685.78,3.57,74.9,24.85,-5.85,81.9
2026-03-12 23:00:00,-9.93,14.76,8.53,0.1595,15,56.86,14.46,0.0,23.23,337663.01,3.71,67.61,22.77,-7.0,82.5
2026-03-13 00:00:00,-10.89,14.48,7.88,0.15,15,62.92,12.49,0.0,15.95,337638.7,2.39,73.01,24.31,-7.79,81.1
2026-03-13 01:00:00,-11.68,14.48,6.36,0.15,15,64.76,9.46,0.0,5.22,337614.27,0.78,73.43,24.43,-7.39,77.8
2026-03-13 02:00:00,-11.7,14.48,4.71,0.15,15,63.55,11.97,0.0,0.68,337589.28,0.1,75.42,24.99,-6.25,75.5
2026-03-13 03:00:00,-10.76,14.48,4.36,0.15,15,60.85,14.44,0.0,0.34,337564.34,0.05,75.24,24.94,-4.43,77.8
2026-03-13 04:00:00,-10.82,14.48,6.81,0.15,15,60.79,20.71,0.0,7.59,337537.93,1.14,80.36,26.4,-2.06,76.3
2026-03-13 05:00:00,-11.16,14.48,10.14,0.15,15,56.86,12.91,2.23,49.98,337517.32,7.5,60.05,20.61,0.69,73.5
2026-03-13 06:00:00,-10.02,14.48,9.47,0.15,15,60.87,18.77,10.93,37.23,337495.83,5.58,63.13,21.49,3.64,85.2
2026-03-13 07:00:00,-9.47,14.48,9.29,0.15,15,59.75,21.93,19.22,34.19,337475.98,5.13,57.34,19.84,6.6,84.2
2026-03-13 08:00:00,-10.03,14.48,7.85,0.15,15,63.86,18.78,26.76,15.62,337457.23,2.34,53.53,18.76,9.38,80.8
2026-03-13 09:00:00,-8.69,14.48,8.27,0.15,15,57.87,26.39,33.16,20.05,337440.02,3.01,48.1,17.21,11.78,76.4
2026-03-13 10:00:00,-8.19,14.48,7.11,0.15,15,56.53,26.63,38.02,9.49,337424.06,1.42,43.73,15.96,13.64,81.8
2026-03-13 11:00:00,-7.47,14.48,7.96,0.15,15,55.45,30.3,41.05,16.75,337408.53,2.51,42.19,15.52,14.81,78.2
2026-03-13 12:00:00,-6.62,14.48,10.51,0.15,15,53.41,36.46,41.02,58.09,337393.59,8.71,40.15,14.94,15.21,78.6
2026-03-13 13:00:00,-6.02,14.48,8.92,0.15,15,53.33,33.48,41.05,28.42,337378.27,4.26,41.49,15.33,14.81,80.4
2026-03-13 14:00:00,-5.32,14.48,9.92,0.15,15,50.98,30.74,38.02,45.49,337364.26,6.82,36.87,14.01,13.64,83.2
2026-03-13 15:00:00,-5.54,14.48,7.57,0.15,15,54.94,34.01,33.16,13.06,337345.41,1.96,53.84,18.84,11.78,78.8
2026-03-13 16:00:00,-5.43,14.48,7.46,0.15,15,54.29,29.73,26.76,12.16,337326.11,1.82,55.43,19.3,9.38,80.2
2026-03-13 17:00:00,-6.01,14.48,6.37,0.15,15,51.12,20.01,19.22,5.26,337308.04,0.79,51.12,18.07,6.6,87.1
2026-03-13 18:00:00,-6.2,14.48,6.53,0.15,15,54.81,13.64,10.93,6.02,337288.41,0.9,56.62,19.64,3.64,72.0
2026-03-13 19:00:00,-6.63,14.48,5.98,0.15,15,57.73,8.86,2.24,3.64,337266.72,0.55,63.8,21.68,0.69,85.1
2026-03-13 20:00:00,-8.12,14.48,6.32,0.15,15,59.92,11.61,0.0,5.03,337243.05,0.75,70.78,23.67,-2.06,78.2
2026-03-13 21:00:00,-8.45,14.48,6.71,0.15,15,55.81,11.62,0.0,7.02,337220.64,1.05,66.37,22.42,-4.43,76.4
2026-03-13 22:00:00,-9.76,14.48,6.59,0.15,15,63.06,17.54,0.0,6.36,337194.44,0.95,79.65,26.2,-6.25,76.2
2026-03-13 23:00:00,-10.2,14.48,7.77,0.15,15,59.64,16.51,0.0,14.92,337169.87,2.24,73.91,24.56,-7.39,77.4
2026-03-14 00:00:00,-11.19,14.21,10.2,0.15,15,62.39,15.66,0.0,51.25,337146.32,7.69,70.36,23.55,-8.18,81.2
2026-03-14 01:00:00,-10.72,14.21,9.43,0.15,15,60.84,11.39,0.0,36.42,337123.79,5.46,66.77,22.53,-7.79,77.8
2026-03-14 02:00:00,-11.31,14.21,8.13,0.15,15,59.88,12.33,0.0,18.53,337100.5,2.78,69.43,23.29,-6.64,74.1
2026-03-14 03:00:00,-11.74,14.21,7.5,0.15,15,61.48,12.09,0.0,12.49,337076.57,1.87,71.7,23.93,-4.82,79.7
2026-03-14 04:00:00,-11.72,14.21,9.44,0.15,15,65.91,20.86,0.0,36.63,337049.9,5.49,81.28,26.66,-2.46,75.7
2026-03-14 05:00:00,-11.65,14.21,9.48,0.15,15,65.85,13.67,1.01,37.32,337025.62,5.6,72.91,24.28,0.3,78.9
2026-03-14 06:00:00,-10.69,14.21,9.1,0.15,15,63.07,16.46,9.81,31.09,337003.58,4.66,65.06,22.04,3.25,78.3
2026-03-14 07:00:00,-11.04,14.21,7.72,0.15,15,61.62,23.83,18.14,14.42,336981.52,2.16,65.15,22.07,6.21,71.4
2026-03-14 08:00:00,-10.91,14.21,7.82,0.15,15,65.87,22.33,25.71,15.38,336960.86,2.31,60.19,20.65,8.99,79.7
2026-03-14 09:00:00,-10.71,14.21,7.31,0.252,15,63.78,29.55,32.11,10.95,336940.7,2.76,58.46,20.16,11.39,68.7
2026-03-14 10:00:00,-9.29,14.21,10.18,0.1983,15,59.14,30.8,36.65,50.74,336924.88,10.06,43.22,15.82,13.24,77.5
2026-03-14 11:00:00,-7.48,14.21,11.59,0.15,15,52.29,29.0,36.85,86.8,336912.43,13.02,31.42,12.45,14.41,74.3
2026-03-14 12:00:00,-6.89,14.21,9.18,0.252,15,57.58,30.63,41.06,32.38,336897.81,8.16,38.99,14.61,14.82,70.0
2026-03-14 13:00:00,-6.52,14.21,9.1,0.2017,15,57.83,28.69,40.03,31.09,336882.85,6.27,40.22,14.96,14.41,81.3
2026-03-14 14:00:00,-6.2,14.21,8.02,0.1556,15,55.55,32.97,36.98,17.37,336865.43,2.7,48.84,17.42,13.24,84.5
2026-03-14 15:00:00,-5.45,14.21,7.9,0.15,15,49.24,27.44,32.11,16.18,336849.92,2.43,42.14,15.51,11.39,80.8
2026-03-14 16:00:00,-6.21,14.21,9.9,0.15,15,55.06,24.58,25.71,45.09,336832.98,6.76,47.17,16.94,8.99,86.8
2026-03-14 17:00:00,-6.49,14.21,9.65,0.15,15,59.85,24.56,18.14,40.35,336812.31,6.05,60.22,20.66,6.21,80.1
2026-03-14 18:00:00,-6.53,14.21,8.81,0.15,15,54.79,20.86,9.81,26.86,336791.2,4.03,61.81,21.12,3.25,81.0
2026-03-14 19:00:00,-7.04,14.21,7.75,0.15,15,60.22,16.25,1.01,14.69,336766.82,2.2,73.27,24.38,0.3,75.5
2026-03-14 20:00:00,-7.85,14.21,9.28,0.15,15,58.71,17.38,0.0,33.96,336743.08,5.09,71.0,23.74,-2.46,82.0
2026-03-14 21:00:00,-8.24,14.21,9.57,0.15,15,57.87,12.85,0.0,38.82,336721.09,5.82,64.9,22.0,-4.82,81.5
2026-03-14 22:00:00,-10.87,14.21,9.2,0.15,15,64.93,10.22,0.0,32.74,336697.57,4.91,70.24,23.52,-6.64,74.8
2026-03-14 23:00:00,-11.37,14.21,8.07,0.15,15,61.29,13.34,0.0,17.86,336673.56,2.68,71.95,24.01,-7.79,70.1
2026-03-15 00:00:00,-12.97,13.93,7.68,0.252,15,62.39,12.79,0.0,14.03,336649.64,3.54,71.65,23.92,-8.58,67.8
2026-03-15 01:00:00,-14.7,13.93,10.73,0.1944,15,65.11,17.21,0.0,63.31,336626.19,12.31,70.02,23.45,-8.19,79.0
2026-03-15 02:00:00,-14.79,13.93,10.21,0.2964,15,68.38,12.11,0.0,51.52,336604.1,15.27,65.22,22.09,-7.04,68.1
2026-03-15 03:00:00,-14.13,13.93,9.44,0.2437,15,67.88,18.09,0.0,36.58,336578.64,8.92,77.06,25.46,-5.22,82.0
2026-03-15 04:00:00,-14.16,13.93,9.3,0.1992,15,65.44,10.61,0.0,34.26,336555.41,6.82,69.23,23.23,-2.85,70.5
2026-03-15 05:00:00,-13.29,13.93,10.27,0.15,15,68.29,14.63,0.0,52.67,336530.53,7.9,75.02,24.88,-0.1,73.5
2026-03-15 06:00:00,-11.83,13.93,9.27,0.15,15,63.54,17.61,8.69,33.78,336507.82,5.07,67.39,22.71,2.86,90.3
2026-03-15 07:00:00,-10.4,13.93,7.96,0.15,15,62.94,20.89,17.05,16.77,336486.01,2.52,64.26,21.82,5.82,74.8
2026-03-15 08:00:00,-8.66,13.93,8.47,0.15,15,56.92,28.35,24.65,22.51,336466.19,3.38,57.24,19.81,8.59,73.7
2026-03-15 09:00:00,-7.41,13.93,9.15,0.15,15,56.08,26.2,31.07,31.96,336449.46,4.79,46.43,16.73,10.99,77.7
2026-03-15 10:00:00,-6.57,13.93,9.84,0.15,15,51.3,32.62,35.95,43.96,336434.17,6.59,41.38,15.29,12.84,72.5
2026-03-15 11:00:00,-6.8,13.93,11.33,0.15,15,54.93,30.68,36.41,79.24,336420.03,11.89,37.32,14.14,14.01,78.5
2026-03-15 12:00:00,-6.32,13.93,10.13,0.15,15,55.29,31.09,39.77,49.75,336405.38,7.46,39.15,14.66,14.42,80.6
2026-03-15 13:00:00,-6.36,13.93,8.09,0.15,15,53.63,26.92,39.0,18.13,336390.81,2.72,38.84,14.57,14.01,85.2
2026-03-15 14:00:00,-4.79,13.93,11.0,0.15,15,52.29,33.41,34.15,70.15,336375.62,10.52,41.02,15.19,12.84,84.0
2026-03-15 15:00:00,-4.87,13.93,10.11,0.15,15,53.08,32.2,30.89,49.35,336358.73,7.4,46.98,16.89,10.99,82.1
2026-03-15 16:00:00,-5.02,13.93,10.16,0.15,15,51.6,21.19,24.45,50.26,336343.6,7.54,40.79,15.13,8.59,92.0
2026-03-15 17:00:00,-5.13,13.93,10.36,0.15,15,52.37,26.7,16.74,54.67,336324.68,8.2,54.13,18.93,5.82,84.2
2026-03-15 18:00:00,-5.76,13.93,10.05,0.15,15,52.32,14.23,8.67,47.97,336306.73,7.2,50.68,17.94,2.86,87.9
2026-03-15 19:00:00,-5.56,13.93,8.62,0.15,15,51.55,14.83,0.0,24.39,336285.36,3.66,62.72,21.37,-0.1,85.3
2026-03-15 20:00:00,-6.89,13.93,9.66,0.15,15,58.39,13.95,0.0,40.6,336262.98,6.09,66.25,22.38,-2.85,86.8
2026-03-15 21:00:00,-7.79,13.93,10.67,0.15,15,53.92,12.41,0.0,61.82,336243.21,9.27,57.06,19.76,-5.22,84.9
2026-03-15 22:00:00,-9.25,13.93,10.29,0.15,15,61.21,16.17,0.0,53.12,336219.93,7.97,69.41,23.28,-7.04,82.2
2026-03-15 23:00:00,-10.99,13.93,9.79,0.15,15,59.03,15.14,0.0,42.95,336197.13,6.44,67.73,22.8,-8.19,79.8
2026-03-16 00:00:00,-12.58,13.66,8.05,0.15,15,67.83,8.0,0.0,17.69,336172.78,2.65,73.17,24.35,-8.98,83.0
2026-03-16 01:00:00,-13.24,13.66,6.66,0.15,15,66.78,17.32,0.0,6.71,336145.59,1.01,83.09,27.18,-8.59,72.1
2026-03-16 02:00:00,-13.92,13.66,6.69,0.15,15,65.76,17.92,0.0,6.87,336118.54,1.03,82.65,27.05,-7.44,70.9
2026-03-16 03:00:00,-14.53,13.66,6.61,0.252,15,69.6,15.35,0.0,6.45,336091.29,1.62,83.33,27.25,-5.61,66.1
2026-03-16 04:00:00,-15.32,13.66,9.85,0.201,15,71.14,13.2,0.0,44.09,336066.28,8.86,75.49,25.01,-3.24,76.1
2026-03-16 05:00:00,-15.08,13.66,10.69,0.15,15,69.64,15.99,0.0,62.32,336041.04,9.35,76.29,25.24,-0.49,79.5
2026-03-16 06:00:00,-15.48,13.66,10.71,0.252,15,70.03,17.42,7.28,62.94,336019.21,15.86,64.31,21.83,2.46,68.2
2026-03-16 07:00:00,-14.33,13.66,10.2,0.203,15,67.7,24.5,15.8,51.1,335996.89,10.37,66.03,22.32,5.43,70.6
2026-03-16 08:00:00,-13.47,13.66,8.58,0.1551,15,69.0,19.28,23.58,23.82,335976.0,3.69,61.0,20.89,8.2,82.1
2026-03-16 09:00:00,-13.49,13.66,11.85,0.15,15,65.85,28.51,27.24,94.95,335957.43,14.24,52.88,18.57,10.59,78.4
2026-03-16 10:00:00,-12.8,13.66,10.51,0.15,15,65.1,32.82,34.01,58.2,335938.21,8.73,55.18,19.23,12.44,78.7
2026-03-16 11:00:00,-12.43,13.66,8.53,0.15,15,66.16,29.91,37.96,23.26,335919.14,3.49,54.63,19.07,13.61,77.8
2026-03-16 12:00:00,-11.53,13.66,8.56,0.15,15,62.17,32.75,39.0,23.53,335900.71,3.53,52.39,18.43,14.02,75.3
2026-03-16 13:00:00,-10.18,13.66,10.34,0.252,15,63.2,25.38,37.3,54.34,335886.49,13.69,37.58,14.21,13.61,69.6
2026-03-16 14:00:00,-11.0,13.66,11.73,0.1884,15,64.01,26.5,31.88,91.3,335871.19,17.2,41.42,15.3,12.44,79.7
2026-03-16 15:00:00,-10.82,13.66,8.71,0.15,15,68.03,28.5,30.01,25.52,335849.82,3.83,62.69,21.37,10.59,87.5
2026-03-16 16:00:00,-11.05,13.66,10.55,0.15,15,61.86,26.01,22.92,59.13,335830.34,8.87,56.07,19.48,8.2,78.2
2026-03-16 17:00:00,-11.01,13.66,9.23,0.15,15,63.38,19.83,15.96,33.2,335809.1,4.98,62.27,21.25,5.43,71.0
2026-03-16 18:00:00,-11.45,13.66,7.21,0.15,15,63.78,19.19,7.55,10.23,335784.54,1.54,73.89,24.56,2.46,75.4
2026-03-16 19:00:00,-12.65,13.66,9.19,0.15,15,66.39,15.17,0.0,32.53,335759.19,4.88,76.68,25.35,-0.49,80.3
2026-03-16 20:00:00,-13.7,13.66,10.72,0.15,15,66.08,8.74,0.0,63.09,335737.06,9.46,65.36,22.13,-3.24,80.1
2026-03-16 21:00:00,-15.1,13.66,10.49,0.15,15,69.43,12.62,0.0,57.53,335712.64,8.63,73.42,24.42,-5.61,81.5
2026-03-16 22:00:00,-15.36,13.66,10.24,0.15,15,69.12,15.07,0.0,52.0,335687.36,7.8,76.4,25.27,-7.44,78.8
2026-03-16 23:00:00,-16.2,13.66,11.13,0.252,15,72.0,16.88,0.0,73.74,335663.83,18.58,70.3,23.54,-8.59,62.9
2026-03-17 00:00:00,-16.21,13.39,11.62,0.1936,15,65.9,12.18,0.0,87.78,335642.92,16.99,61.09,20.91,-9.39,74.0
2026-03-17 01:00:00,-16.83,13.39,12.66,0.2956,15,70.57,14.06,0.0,100.0,335623.72,29.56,55.07,19.19,-8.99,65.2
2026-03-17 02:00:00,-17.64,13.39,11.71,0.2358,15,77.01,13.42,0.0,90.8,335600.55,21.41,69.01,23.17,-7.84,74.9
2026-03-17 03:00:00,-18.69,13.39,13.78,0.1659,15,77.36,14.92,0.0,100.0,335575.48,16.59,75.7,25.07,-6.01,74.6
2026-03-17 04:00:00,-19.67,13.39,16.7,0.2679,15,76.16,12.31,0.0,100.0,335554.4,26.79,61.67,21.08,-3.64,66.1
2026-03-17 05:00:00,-20.27,13.39,13.0,0.3699,15,77.72,15.12,0.0,100.0,335534.99,36.99,55.85,19.42,-0.88,68.3
2026-03-17 06:00:00,-19.53,13.39,13.34,0.4719,15,76.41,19.62,5.33,100.0,335519.09,47.19,43.51,15.9,2.07,67.1
2026-03-17 07:00:00,-18.48,13.39,12.01,0.4105,15,75.02,22.5,13.37,100.0,335503.3,41.05,43.1,15.78,5.03,75.2
2026-03-17 08:00:00,-18.57,13.39,10.67,0.3592,15,71.86,26.19,21.75,61.93,335484.4,22.24,54.05,18.91,7.8,70.7
2026-03-17 09:00:00,-17.09,13.39,10.52,0.4612,15,70.03,29.41,28.21,58.23,335468.25,26.85,44.38,16.15,10.2,69.0
2026-03-17 10:00:00,-16.46,13.39,8.25,0.4182,15,69.08,29.55,33.85,19.83,335448.65,8.29,56.48,19.6,12.05,76.6
2026-03-17 11:00:00,-15.5,13.39,8.4,0.3746,15,68.05,31.25,36.91,21.55,335429.67,8.07,54.31,18.98,13.21,76.4
2026-03-17 12:00:00,-13.78,13.39,10.21,0.3199,15,69.82,29.1,37.57,51.31,335413.36,16.42,44.94,16.31,13.61,78.8
2026-03-17 13:00:00,-12.67,13.39,8.77,0.4219,15,62.08,32.94,36.91,26.34,335396.47,11.11,46.99,16.89,13.21,67.8
2026-03-17 14:00:00,-12.49,13.39,8.49,0.3799,15,68.67,25.83,33.85,22.72,335378.14,8.63,52.02,18.33,12.05,72.7
2026-03-17 15:00:00,-12.9,13.39,10.97,0.3212,15,65.89,28.88,27.55,69.51,335361.85,22.33,44.9,16.3,10.2,78.7
2026-03-17 16:00:00,-14.31,13.39,10.07,0.4232,15,64.61,24.76,22.42,48.54,335345.12,20.54,46.42,16.73,7.8,66.0
2026-03-17 17:00:00,-15.06,13.39,9.19,0.5252,15,67.1,19.14,14.86,32.55,335326.15,17.1,54.28,18.97,5.03,65.5
2026-03-17 18:00:00,-15.71,13.39,8.84,0.6272,15,70.32,15.97,6.4,27.34,335304.77,17.15,62.74,21.38,2.07,69.5
2026-03-17 19:00:00,-17.0,13.39,8.86,0.5813,15,68.5,15.98,0.0,27.67,335281.77,16.09,68.39,22.99,-0.88,76.1
2026-03-17 20:00:00,-17.87,13.39,9.3,0.536,15,71.94,13.5,0.0,34.28,335259.16,18.37,67.07,22.61,-3.64,71.7
2026-03-17 21:00:00,-18.69,13.39,10.39,0.4841,15,71.46,12.03,0.0,55.32,335239.5,26.78,56.71,19.66,-6.01,73.5
2026-03-17 22:00:00,-19.68,13.39,9.74,0.5861,15,76.91,14.16,0.0,41.93,335217.05,24.57,66.49,22.45,-7.84,65.3
2026-03-17 23:00:00,-20.87,13.39,10.8,0.6881,15,74.89,8.0,0.0,65.07,335202.68,44.77,38.11,14.36,-8.99,64.4
2026-03-18 00:00:00,-21.87,13.13,10.31,0.7901,15,75.58,13.18,0.0,53.67,335185.97,42.4,46.35,16.71,-9.79,75.6
2026-03-18 01:00:00,-22.11,13.13,9.3,0.8921,15,82.49,11.78,0.0,34.22,335164.31,30.53,63.74,21.67,-9.39,70.5
2026-03-18 02:00:00,-23.07,13.13,9.71,0.9941,15,80.09,9.21,0.0,41.44,335147.09,41.2,48.11,17.21,-8.24,62.3
2026-03-18 03:00:00,-22.29,13.13,10.26,1.0,15,78.68,12.31,0.0,52.56,335132.64,52.56,38.43,14.45,-6.41,58.4
2026-03-18 04:00:00,-22.19,13.13,10.02,1.0,15,80.43,10.31,0.0,47.43,335116.8,47.43,43.31,15.84,-4.03,61.3
2026-03-18 05:00:00,-21.79,13.13,7.9,1.0,15,78.71,18.88,0.0,16.12,335090.08,16.12,81.47,26.72,-1.28,63.4
2026-03-18 06:00:00,-20.76,13.13,6.95,1.0,15,75.37,19.87,5.24,8.44,335063.33,8.44,81.56,26.74,1.68,63.1
2026-03-18 07:00:00,-19.86,13.13,6.71,1.0,15,74.45,23.49,13.75,6.98,335037.83,6.98,77.2,25.5,4.64,69.9
2026-03-18 08:00:00,-18.41,13.13,6.52,0.9669,15,75.12,25.62,21.42,6.0,335013.38,5.8,73.52,24.45,7.41,74.5
2026-03-18 09:00:00,-17.31,13.13,7.79,0.929,15,69.72,20.31,27.89,15.11,334996.17,14.04,48.1,17.21,9.8,71.6
2026-03-18 10:00:00,-16.76,13.13,5.99,0.9004,15,70.9,25.25,32.8,3.67,334975.56,3.3,60.04,20.61,11.65,70.2
2026-03-18 11:00:00,-15.68,13.13,7.79,0.8607,15,72.97,32.75,35.87,15.05,334955.84,12.95,56.9,19.72,12.81,75.0
2026-03-18 12:00:00,-15.62,13.13,7.23,0.8255,15,68.56,36.43,36.91,10.41,334935.39,8.59,59.49,20.45,13.21,71.6
2026-03-18 13:00:00,-14.97,13.13,7.0,0.9275,15,70.91,31.2,35.87,8.75,334915.32,8.12,58.13,20.07,12.81,65.2
2026-03-18 14:00:00,-14.61,13.13,7.58,0.8889,15,65.43,32.95,32.8,13.15,334896.46,11.69,53.89,18.86,11.65,75.1
2026-03-18 15:00:00,-14.59,13.13,6.9,0.8532,15,68.02,24.3,27.89,8.14,334876.58,6.95,57.48,19.88,9.8,76.0
2026-03-18 16:00:00,-14.76,13.13,9.25,0.8029,15,70.62,22.21,21.42,33.45,334860.39,26.86,44.55,16.2,7.41,79.9
2026-03-18 17:00:00,-16.21,13.13,7.52,0.7633,15,68.88,23.01,13.75,12.65,334837.37,9.66,68.48,23.02,4.64,77.4
2026-03-18 18:00:00,-17.05,13.13,7.66,0.8653,15,75.65,15.31,5.24,13.88,334812.86,12.01,73.71,24.51,1.68,69.4
2026-03-18 19:00:00,-17.67,13.13,9.52,0.8196,15,72.27,10.49,0.0,38.06,334794.67,31.19,51.57,18.2,-1.28,70.7
2026-03-18 20:00:00,-18.37,13.13,9.71,0.7724,15,70.92,16.5,0.0,41.35,334775.36,31.94,55.47,19.31,-4.03,71.4
2026-03-18 21:00:00,-19.85,13.13,8.7,0.7303,15,77.97,11.16,0.0,25.4,334751.74,18.55,70.59,23.62,-6.41,71.2
2026-03-18 22:00:00,-19.93,13.13,8.42,0.6859,15,79.39,8.0,0.0,21.88,334727.61,15.01,72.38,24.13,-8.24,77.5
2026-03-18 23:00:00,-21.26,13.13,9.29,0.7879,15,75.21,16.38,0.0,34.21,334705.69,26.95,64.64,21.92,-9.39,68.7
2026-03-19 00:00:00,-21.77,12.86,12.2,0.8899,15,79.72,14.41,0.0,100.0,334700.73,88.99,5.14,4.97,-10.19,66.1
2026-03-19 01:00:00,-22.03,12.86,13.11,0.9919,15,77.67,14.99,0.0,100.0,334697.23,99.19,0.0,3.5,-9.8,74.7
2026-03-19 02:00:00,-22.73,12.86,11.3,1.0,15,77.99,15.18,0.0,78.52,334689.55,78.52,14.64,7.67,-8.64,74.0
2026-03-19 03:00:00,-21.74,12.86,15.37,1.0,15,76.76,16.23,0.0,100.0,334686.05,100.0,0.0,3.5,-6.81,73.2
2026-03-19 04:00:00,-22.32,12.86,11.16,1.0,15,80.05,15.76,0.0,74.65,334676.52,74.65,21.16,9.53,-4.43,60.2
2026-03-19 05:00:00,-21.38,12.86,8.49,1.0,15,80.98,10.87,0.0,22.74,334653.33,22.74,69.11,23.2,-1.67,69.4
2026-03-19 06:00:00,-20.19,12.86,9.95,1.0,15,76.16,14.17,4.06,46.06,334638.37,46.06,40.2,14.96,1.28,68.7
2026-03-19 07:00:00,-19.85,12.86,8.53,0.9581,15,76.69,23.74,12.64,23.23,334616.19,22.26,65.53,22.18,4.24,72.3
2026-03-19 08:00:00,-18.14,12.86,6.86,1.0,15,71.9,25.52,20.34,7.91,334592.98,7.91,69.17,23.21,7.01,67.0
2026-03-19 09:00:00,-17.38,12.86,6.47,0.9665,15,71.66,26.06,26.82,5.74,334570.85,5.54,65.35,22.12,9.4,76.1
2026-03-19 10:00:00,-16.28,12.86,6.85,0.9318,15,68.33,23.44,31.74,7.82,334552.32,7.29,52.74,18.53,11.25,74.6
2026-03-19 11:00:00,-15.27,12.86,8.28,0.8879,15,64.69,27.26,34.81,20.18,334537.64,17.92,39.22,14.68,12.41,77.9
2026-03-19 12:00:00,-14.62,12.86,8.85,0.8456,15,66.54,29.31,35.86,27.46,334523.66,23.22,36.76,13.98,12.81,70.3
2026-03-19 13:00:00,-13.57,12.86,7.89,0.8048,15,68.52,27.52,34.81,16.06,334506.4,12.92,48.3,17.26,12.41,76.1
2026-03-19 14:00:00,-12.74,12.86,8.13,0.7609,15,59.26,25.35,31.74,18.52,334491.85,14.09,38.78,14.55,11.25,79.4
2026-03-19 15:00:00,-13.68,12.86,10.54,0.8629,15,68.63,27.45,26.1,58.84,334482.87,50.77,19.21,8.97,9.4,62.0
2026-03-19 16:00:00,-13.0,12.86,11.36,0.8022,15,65.88,28.2,18.96,80.14,334476.28,64.29,10.84,6.59,7.01,78.6
2026-03-19 17:00:00,-14.36,12.86,12.67,0.7398,15,66.95,22.64,10.95,100.0,334471.46,73.98,4.66,4.83,4.24,72.4
2026-03-19 18:00:00,-14.28,12.86,18.26,0.6477,15,65.98,16.0,2.38,100.0,334463.73,64.77,14.83,7.73,1.28,74.2
2026-03-19 19:00:00,-14.32,12.86,20.24,0.5368,15,68.25,15.14,0.0,100.0,334451.76,53.68,29.7,11.97,-1.67,80.5
2026-03-19 20:00:00,-15.83,12.86,19.58,0.4322,15,72.62,16.1,0.0,100.0,334435.3,43.22,45.49,16.46,-4.43,78.6
2026-03-19 21:00:00,-16.98,12.86,19.19,0.5342,15,71.89,11.53,0.0,100.0,334423.25,53.42,30.0,12.05,-6.81,69.4
2026-03-19 22:00:00,-18.55,12.86,19.75,0.6362,15,73.29,13.54,0.0,100.0,334413.14,63.62,23.21,10.11,-8.64,62.6
2026-03-19 23:00:00,-19.51,12.86,22.18,0.7382,15,81.17,11.83,0.0,100.0,334404.17,73.82,19.18,8.97,-9.8,70.0
2026-03-20 00:00:00,-20.83,12.6,21.71,0.8402,15,77.48,11.77,0.0,100.0,334399.18,84.02,5.22,4.99,-10.59,74.7
2026-03-20 01:00:00,-20.9,12.6,22.18,0.9422,15,73.79,8.14,0.0,100.0,334395.68,94.22,0.0,3.5,-10.2,75.9
2026-03-20 02:00:00,-20.44,12.6,20.45,1.0,15,77.41,13.03,0.0,100.0,334392.18,100.0,0.0,3.5,-9.04,59.2
2026-03-20 03:00:00,-19.72,12.6,22.31,0.8889,15,74.27,14.54,0.0,100.0,334388.68,88.89,0.0,3.5,-7.21,73.2
2026-03-20 04:00:00,-19.95,12.6,20.2,0.7896,15,75.14,16.78,0.0,100.0,334381.49,78.96,12.97,7.2,-4.83,72.3
2026-03-20 05:00:00,-19.73,12.6,20.48,0.6864,15,78.4,10.11,0.0,100.0,334372.33,68.64,19.86,9.16,-2.07,74.1
2026-03-20 06:00:00,-20.2,12.6,20.27,0.7884,15,78.23,20.0,1.39,100.0,334363.7,78.84,17.99,8.63,0.89,69.9
2026-03-20 07:00:00,-19.95,12.6,14.51,0.8904,15,72.04,22.62,8.92,100.0,334360.2,89.04,0.0,3.5,3.85,61.2
2026-03-20 08:00:00,-18.5,12.6,11.64,0.9924,15,69.87,27.93,17.67,88.44,334356.7,87.78,0.0,3.5,6.61,68.8
2026-03-20 09:00:00,-16.61,12.6,6.89,1.0,15,71.06,25.07,25.75,8.08,334335.44,8.08,62.3,21.26,9.0,67.9
2026-03-20 10:00:00,-16.46,12.6,9.46,1.0,15,72.65,28.41,30.68,37.04,334322.44,37.04,33.34,13.0,10.84,67.5
2026-03-20 11:00:00,-15.96,12.6,9.31,0.9513,15,64.8,26.42,33.76,34.39,334311.89,32.72,24.74,10.55,12.01,76.9
2026-03-20 12:00:00,-15.24,12.6,7.5,0.9142,15,70.78,29.75,34.8,12.51,334292.92,11.44,54.29,18.97,12.41,72.7
2026-03-20 13:00:00,-14.51,12.6,6.4,0.8811,15,72.91,28.55,33.76,5.39,334271.47,4.75,62.95,21.44,12.01,76.1
2026-03-20 14:00:00,-14.64,12.6,6.65,0.8452,15,70.3,28.66,30.68,6.69,334250.13,5.65,62.63,21.35,10.84,79.3
2026-03-20 15:00:00,-14.25,12.6,9.67,0.9472,15,65.34,26.03,25.75,40.7,334238.91,38.55,27.07,11.21,9.0,65.7
2026-03-20 16:00:00,-14.64,12.6,10.12,0.8908,15,69.11,25.95,19.13,49.61,334226.37,44.19,31.74,12.55,6.61,82.0
2026-03-20 17:00:00,-14.98,12.6,11.41,0.8266,15,68.74,19.82,10.71,81.74,334219.93,67.56,10.29,6.43,3.85,82.7
2026-03-20 18:00:00,-15.19,12.6,10.18,0.9286,15,72.47,20.96,2.84,50.72,334204.04,47.1,43.49,15.9,0.89,64.7
2026-03-20 19:00:00,-15.91,12.6,7.92,0.8874,15,72.15,8.0,0.0,16.31,334181.82,14.47,65.68,22.22,-2.07,76.5
2026-03-20 20:00:00,-17.0,12.6,11.24,0.8245,15,69.38,18.13,0.0,76.86,334171.44,63.37,24.13,10.38,-4.83,82.2
2026-03-20 21:00:00,-17.96,12.6,8.44,0.9265,15,74.13,9.18,0.0,22.11,334150.03,20.48,62.83,21.41,-7.21,64.5
2026-03-20 22:00:00,-18.91,12.6,11.06,1.0,15,72.5,15.37,0.0,71.8,334141.96,71.8,16.06,8.08,-9.04,65.0
2026-03-20 23:00:00,-19.96,12.6,9.93,0.95,15,78.22,14.93,0.0,45.67,334124.27,43.38,49.76,17.68,-10.2,74.1
2026-03-21 00:00:00,-21.26,12.33,7.41,1.0,15,77.39,9.68,0.0,11.76,334099.31,11.76,75.31,24.96,-11.0,71.4
2026-03-21 01:00:00,-20.83,12.33,8.49,1.0,15,77.19,16.57,0.0,22.74,334075.57,22.74,71.02,23.74,-10.6,70.5
2026-03-21 02:00:00,-20.83,12.33,11.86,1.0,15,77.66,9.34,0.0,95.36,334072.07,95.36,0.0,3.5,-9.44,68.1
2026-03-21 03:00:00,-21.13,12.33,13.84,1.0,15,76.54,9.36,0.0,100.0,334068.57,100.0,0.0,3.5,-7.61,69.9
2026-03-21 04:00:00,-20.59,12.33,11.15,1.0,15,77.14,12.91,0.0,74.35,334060.6,74.35,15.69,7.97,-5.22,57.0
2026-03-21 05:00:00,-20.44,12.33,9.32,1.0,15,77.69,14.13,0.0,34.63,334040.8,34.63,57.2,19.8,-2.46,63.7
2026-03-21 06:00:00,-19.18,12.33,9.37,0.9554,15,74.1,15.04,1.64,35.49,334022.02,33.91,53.59,18.77,0.49,70.1
2026-03-21 07:00:00,-18.24,12.33,9.68,1.0,15,73.75,20.36,10.4,40.93,334006.33,40.93,42.79,15.7,3.45,60.8
2026-03-21 08:00:00,-17.47,12.33,10.34,0.9499,15,70.45,24.34,17.84,54.34,333995.61,51.62,25.32,10.72,6.22,71.2
2026-03-21 09:00:00,-16.31,12.33,8.74,0.9067,15,67.57,25.64,24.67,25.96,333979.29,23.54,45.0,16.32,8.6,72.7
2026-03-21 10:00:00,-16.37,12.33,11.47,1.0,15,70.3,24.43,27.43,83.42,333975.79,83.42,0.0,3.5,10.44,69.0
2026-03-21 11:00:00,-16.21,12.33,11.19,1.0,15,72.36,26.65,30.76,75.29,333972.29,75.29,0.0,3.5,11.61,69.5
2026-03-21 12:00:00,-16.2,12.33,12.03,1.0,15,72.27,35.97,30.33,100.0,333968.79,100.0,0.0,3.5,12.0,67.6
2026-03-21 13:00:00,-15.53,12.33,11.21,0.9459,15,71.11,26.05,30.71,75.99,333965.29,71.88,0.0,3.5,11.61,70.9
2026-03-21 14:00:00,-14.12,12.33,10.2,0.8931,15,69.11,24.88,29.32,51.11,333956.37,45.65,19.02,8.92,10.44,76.2
2026-03-21 15:00:00,-12.65,12.33,12.96,0.8246,15,65.02,21.22,21.02,100.0,333952.87,82.46,0.0,3.5,8.6,77.7
2026-03-21 16:00:00,-12.41,12.33,12.03,0.7585,15,63.02,26.14,16.31,100.0,333949.37,75.85,0.0,3.5,6.22,80.8
2026-03-21 17:00:00,-12.48,12.33,12.77,0.6935,15,63.77,23.03,8.95,100.0,333943.45,69.35,8.49,5.92,3.45,74.9
2026-03-21 18:00:00,-14.15,12.33,14.25,0.6192,15,66.67,18.05,1.29,100.0,333933.82,61.92,21.5,9.63,0.49,76.7
2026-03-21 19:00:00,-15.21,12.33,13.32,0.7212,15,67.13,19.2,0.0,100.0,333926.27,72.12,14.21,7.55,-2.46,66.3
2026-03-21 20:00:00,-16.54,12.33,12.17,0.6603,15,71.94,12.08,0.0,100.0,333917.64,66.03,17.99,8.63,-5.22,73.6
2026-03-21 21:00:00,-17.82,12.33,8.88,0.6177,15,71.28,9.85,0.0,27.89,333895.93,17.23,63.9,21.71,-7.61,70.5
2026-03-21 22:00:00,-18.82,12.33,6.97,0.583,15,70.11,13.73,0.0,8.56,333869.96,4.99,78.84,25.97,-9.44,73.4
2026-03-21 23:00:00,-19.94,12.33,6.41,0.685,15,78.24,14.32,0.0,5.42,333841.14,3.72,88.85,28.82,-10.6,68.6
2026-03-22 00:00:00,-22.29,12.07,5.95,0.787,15,80.68,13.47,0.0,3.52,333811.59,2.77,91.38,29.54,-11.4,66.4
2026-03-22 01:00:00,-22.37,12.07,5.88,0.889,15,75.87,11.97,0.0,3.28,333783.89,2.92,84.93,27.7,-11.0,64.1
2026-03-22 02:00:00,-23.34,12.07,6.01,0.991,15,79.75,15.98,0.0,3.75,333754.17,3.72,92.02,29.73,-9.84,72.5
2026-03-22 03:00:00,-23.29,12.07,6.3,1.0,15,80.88,13.19,0.0,4.92,333725.26,4.92,89.15,28.91,-8.0,64.5
2026-03-22 04:00:00,-21.88,12.07,6.71,1.0,15,78.91,15.01,0.0,6.98,333696.98,6.98,86.94,28.28,-5.62,77.9
2026-03-22 05:00:00,-22.08,12.07,5.77,1.0,15,83.86,15.25,0.0,2.93,333666.07,2.93,96.18,30.91,-2.86,61.9
2026-03-22 06:00:00,-23.03,12.07,4.77,1.0,15,78.59,15.09,0.36,0.76,333636.18,0.76,92.58,29.88,0.1,73.6
2026-03-22 07:00:00,-22.44,12.07,6.54,1.0,15,77.54,16.68,9.26,6.09,333610.21,6.09,78.86,25.98,3.06,57.3
2026-03-22 08:00:00,-20.89,12.07,7.29,1.0,15,80.18,24.21,17.06,10.79,333584.9,10.79,76.53,25.31,5.82,68.5
2026-03-22 09:00:00,-18.77,12.07,7.49,1.0,15,73.69,19.1,23.59,12.44,333565.22,12.44,56.76,19.68,8.2,68.0
2026-03-22 10:00:00,-18.59,12.07,8.33,0.9585,15,76.4,25.72,28.54,20.75,333546.42,19.89,53.69,18.8,10.04,73.3
2026-03-22 11:00:00,-17.42,12.07,9.86,0.9076,15,71.42,27.41,31.63,44.21,333535.2,40.12,27.08,11.22,11.2,76.0
2026-03-22 12:00:00,-16.96,12.07,9.27,0.8559,15,73.97,25.71,32.68,33.85,333520.86,28.97,38.02,14.34,11.6,82.0
2026-03-22 13:00:00,-16.44,12.07,9.63,0.8101,15,69.88,28.04,31.63,39.9,333507.69,32.33,33.96,13.18,11.2,70.0
2026-03-22 14:00:00,-14.47,12.07,12.0,0.7526,15,67.16,28.97,25.68,100.0,333504.19,75.26,0.0,3.5,10.04,70.5
2026-03-22 15:00:00,-15.26,12.07,12.56,0.686,15,66.37,25.97,20.57,100.0,333499.78,68.6,3.18,4.4,8.2,78.0
2026-03-22 16:00:00,-15.21,12.07,11.2,0.6305,15,72.38,21.22,16.03,75.56,333487.75,47.64,29.93,12.03,5.82,72.9
2026-03-22 17:00:00,-15.27,12.07,11.02,0.5778,15,67.01,21.72,8.79,70.63,333473.1,40.81,39.13,14.65,3.06,70.4
2026-03-22 18:00:00,-15.16,12.07,9.2,0.5331,15,65.69,17.36,0.36,32.76,333451.01,17.46,65.24,22.09,0.1,71.4
2026-03-22 19:00:00,-15.83,12.07,9.27,0.6351,15,73.1,11.9,0.0,33.83,333429.4,21.49,63.52,21.6,-2.86,69.6
2026-03-22 20:00:00,-16.49,12.07,12.44,0.7371,15,72.02,11.92,0.0,100.0,333422.99,73.71,10.23,6.42,-5.62,64.3
2026-03-22 21:00:00,-17.64,12.07,11.43,0.6752,15,75.83,9.08,0.0,82.29,333411.12,55.56,29.36,11.87,-8.0,79.6
2026-03-22 22:00:00,-18.39,12.07,12.92,0.6105,15,71.94,11.85,0.0,100.0,333401.14,61.05,22.74,9.98,-9.84,73.6
2026-03-22 23:00:00,-19.45,12.07,11.39,0.7125,15,76.47,10.89,0.0,81.04,333389.2,57.74,29.63,11.94,-11.0,62.4
2026-03-23 00:00:00,-20.24,11.8,15.68,0.8145,15,79.46,12.21,0.0,100.0,333382.78,81.45,10.22,6.41,-11.8,77.3
2026-03-23 01:00:00,-21.03,11.8,13.96,0.9165,15,75.08,18.7,0.0,100.0,333378.67,91.65,2.14,4.11,-11.41,70.1
2026-03-23 02:00:00,-21.16,11.8,10.61,1.0,15,78.51,8.0,0.0,60.54,333367.77,60.54,25.97,10.9,-10.24,68.1
2026-03-23 03:00:00,-21.3,11.8,10.37,1.0,15,77.02,8.0,0.0,55.02,333355.72,55.02,30.0,12.05,-8.4,71.7
2026-03-23 04:00:00,-20.51,11.8,9.11,1.0,15,75.92,18.74,0.0,31.37,333334.18,31.37,63.29,21.54,-6.02,67.4
2026-03-23 05:00:00,-20.21,11.8,7.07,1.0,15,74.52,16.92,0.0,9.27,333307.27,9.27,82.16,26.92,-3.25,63.3
2026-03-23 06:00:00,-20.74,11.8,8.92,1.0,15,78.08,19.43,0.0,28.42,333284.08,28.42,69.09,23.19,-0.3,66.8
2026-03-23 07:00:00,-19.25,11.8,8.08,0.9614,15,74.32,18.55,8.12,17.96,333261.34,17.27,67.48,22.73,2.66,70.2
2026-03-23 08:00:00,-18.97,11.8,9.49,1.0,15,72.36,24.72,15.95,37.55,333245.42,37.55,43.58,15.92,5.42,66.3
2026-03-23 09:00:00,-18.46,11.8,8.53,0.9572,15,76.74,24.92,22.51,23.24,333225.71,22.25,56.9,19.72,7.8,73.7
2026-03-23 10:00:00,-17.91,11.8,7.5,0.9175,15,72.88,29.94,27.47,12.51,333204.0,11.47,63.87,21.7,9.64,78.0
2026-03-23 11:00:00,-16.23,11.8,10.94,0.8647,15,66.71,31.68,29.14,68.55,333197.66,59.27,9.98,6.34,10.8,71.0
2026-03-23 12:00:00,-16.8,11.8,9.82,0.9667,15,69.53,31.83,31.62,43.48,333186.26,42.04,27.71,11.4,11.2,61.0
2026-03-23 13:00:00,-14.33,11.8,9.86,0.9174,15,63.96,26.66,30.56,44.32,333177.23,40.66,19.4,9.03,10.8,73.4
2026-03-23 14:00:00,-13.36,11.8,9.93,0.8697,15,64.33,27.62,27.47,45.56,333166.65,39.62,24.85,10.58,9.64,70.7
2026-03-23 15:00:00,-13.13,11.8,9.79,0.8204,15,66.12,22.43,22.51,42.87,333154.35,35.17,30.87,12.3,7.8,74.1
2026-03-23 16:00:00,-13.31,11.8,11.59,0.7621,15,66.99,24.31,14.68,87.08,333147.93,66.37,10.25,6.42,5.42,73.9
2026-03-23 17:00:00,-13.51,11.8,11.42,0.7073,15,67.8,20.6,7.54,81.9,333137.9,57.93,22.92,10.03,2.66,70.6
2026-03-23 18:00:00,-13.78,11.8,10.31,0.8093,15,64.98,11.72,0.0,53.55,333124.89,43.34,33.36,13.01,-0.3,67.8
2026-03-23 19:00:00,-14.14,11.8,11.51,0.7511,15,66.14,16.71,0.0,84.45,333115.86,63.43,19.42,9.03,-3.25,74.5
2026-03-23 20:00:00,-14.69,11.8,9.57,0.7054,15,68.73,15.56,0.0,38.93,333096.16,27.46,56.83,19.7,-6.02,70.1
2026-03-23 21:00:00,-15.58,11.8,9.47,0.6526,15,71.04,15.02,0.0,37.24,333075.06,24.3,61.77,21.1,-8.4,82.0
2026-03-23 22:00:00,-16.64,11.8,11.84,0.5932,15,70.49,13.04,0.0,94.9,333063.8,56.29,27.24,11.26,-10.24,73.7
2026-03-23 23:00:00,-17.62,11.8,11.4,0.6952,15,73.72,14.59,0.0,81.33,333051.24,56.54,31.78,12.56,-11.41,68.1
2026-03-24 00:00:00,-18.94,11.54,11.99,0.7972,15,73.13,13.84,0.0,99.51,333045.56,79.32,7.65,5.68,-12.21,68.4
2026-03-24 01:00:00,-18.85,11.54,11.61,0.7418,15,69.49,10.23,0.0,87.66,333037.88,65.03,14.68,7.69,-11.81,70.1
2026-03-24 02:00:00,-18.88,11.54,12.28,0.6823,15,76.26,14.79,0.0,100.0,333027.87,68.23,22.83,10.01,-10.64,71.3
2026-03-24 03:00:00,-20.83,11.54,13.75,0.7843,15,78.52,10.46,0.0,100.0,333021.36,78.43,10.56,6.51,-8.8,72.5
2026-03-24 04:00:00,-20.33,11.54,11.52,0.8863,15,76.3,11.05,0.0,84.85,333014.4,75.2,12.15,6.96,-6.42,75.5
2026-03-24 05:00:00,-19.89,11.54,9.53,0.9883,15,76.22,15.97,0.0,38.28,332995.41,37.83,54.36,18.99,-3.65,69.7
2026-03-24 06:00:00,-19.38,11.54,9.24,0.9426,15,77.58,8.5,0.0,33.27,332976.31,31.36,54.72,19.1,-0.69,72.7
2026-03-24 07:00:00,-18.91,11.54,9.85,0.8937,15,74.3,17.29,6.97,44.16,332959.94,39.47,45.15,16.37,2.27,72.9
2026-03-24 08:00:00,-17.41,11.54,8.57,0.8515,15,65.63,21.43,14.84,23.7,332941.61,20.18,52.03,18.33,5.03,72.4
2026-03-24 09:00:00,-15.97,11.54,6.32,0.8205,15,65.29,28.99,21.42,5.04,332918.53,4.14,68.72,23.08,7.41,72.0
2026-03-24 10:00:00,-15.57,11.54,6.46,0.788,15,72.08,26.4,26.39,5.69,332895.76,4.48,67.61,22.77,9.24,74.0
2026-03-24 11:00:00,-14.52,11.54,10.06,0.7395,15,68.81,34.11,29.41,48.24,332881.48,35.67,37.84,14.28,10.4,70.8
2026-03-24 12:00:00,-14.42,11.54,10.41,0.8415,15,69.84,24.3,29.92,55.83,332873.06,46.99,17.24,8.41,10.79,68.5
2026-03-24 13:00:00,-14.72,11.54,9.58,0.7887,15,71.09,29.75,29.49,39.06,332858.01,30.81,40.53,15.05,10.4,81.2
2026-03-24 14:00:00,-14.76,11.54,8.24,0.7466,15,71.03,29.0,26.39,19.74,332837.73,14.74,58.89,20.28,9.24,75.0
2026-03-24 15:00:00,-14.13,11.54,7.87,0.7061,15,63.81,22.25,21.42,15.89,332819.0,11.22,53.42,18.73,7.41,75.8
2026-03-24 16:00:00,-13.69,11.54,6.93,0.6714,15,65.78,22.1,14.84,8.33,332796.28,5.6,67.44,22.72,5.03,73.6
2026-03-24 17:00:00,-13.76,11.54,5.97,0.64,15,64.38,18.98,6.97,3.6,332771.67,2.31,74.08,24.61,2.27,77.2
2026-03-24 18:00:00,-13.91,11.54,8.79,0.596,15,66.91,19.76,0.0,26.6,332747.98,15.86,70.82,23.68,-0.69,73.7
2026-03-24 19:00:00,-14.35,11.54,13.42,0.698,15,64.27,11.01,0.0,100.0,332742.92,69.8,5.48,5.06,-3.65,66.6
2026-03-24 20:00:00,-15.63,11.54,10.87,0.6458,15,69.31,19.89,0.0,66.81,332726.3,43.15,46.05,16.63,-6.42,70.6
2026-03-24 21:00:00,-16.3,11.54,8.49,0.6021,15,66.48,8.0,0.0,22.7,332705.47,13.67,60.81,20.83,-8.8,75.8
2026-03-24 22:00:00,-16.76,11.54,7.96,0.7041,15,70.22,14.17,0.0,16.76,332681.28,11.8,72.59,24.19,-10.64,69.5
2026-03-24 23:00:00,-17.19,11.54,8.04,0.8061,15,74.86,10.28,0.0,17.52,332657.54,14.12,71.02,23.74,-11.81,62.9
2026-03-25 00:00:00,-17.7,11.27,7.19,0.7717,15,70.93,14.33,0.0,10.06,332631.95,7.77,77.5,25.59,-12.61,70.3
2026-03-25 01:00:00,-17.89,11.27,6.93,0.8737,15,71.2,10.92,0.0,8.34,332607.12,7.29,74.83,24.83,-12.21,62.9
2026-03-25 02:00:00,-18.09,11.27,6.38,0.9757,15,73.32,16.94,0.0,5.31,332579.38,5.18,85.07,27.75,-11.05,69.9
2026-03-25 03:00:00,-17.63,11.27,8.16,0.9326,15,72.73,13.62,0.0,18.86,332556.28,17.59,68.76,23.1,-9.2,77.7
2026-03-25 04:00:00,-17.6,11.27,9.13,1.0,15,72.98,12.99,0.0,31.66,332537.3,31.66,54.31,18.98,-6.81,65.4
2026-03-25 05:00:00,-17.86,11.27,9.5,0.9516,15,70.94,11.97,0.0,37.71,332520.4,35.89,47.02,16.9,-4.05,74.8
2026-03-25 06:00:00,-17.47,11.27,8.88,0.903,15,70.75,17.66,0.0,27.92,332498.89,25.21,63.21,21.51,-1.09,80.5
2026-03-25 07:00:00,-17.26,11.27,10.89,0.845,15,71.9,20.36,5.55,67.37,332486.9,56.92,29.79,11.99,1.87,78.4
2026-03-25 08:00:00,-16.88,11.27,13.24,0.7809,15,73.32,20.99,11.51,100.0,332482.06,78.09,4.72,4.85,4.63,71.2
2026-03-25 09:00:00,-16.11,11.27,10.78,0.8829,15,68.36,24.82,19.54,64.55,332473.81,56.99,16.64,8.24,7.01,68.3
2026-03-25 10:00:00,-15.72,11.27,9.21,0.8364,15,68.94,27.61,25.31,32.92,332457.86,27.54,43.7,15.95,8.84,74.1
2026-03-25 11:00:00,-15.1,11.27,9.15,0.79,15,64.15,29.97,28.42,31.96,332442.83,25.25,40.45,15.03,10.0,74.6
2026-03-25 12:00:00,-15.56,11.27,7.48,0.7503,15,68.16,25.49,29.48,12.36,332423.68,9.27,54.9,19.15,10.39,77.9
2026-03-25 13:00:00,-14.89,11.27,7.61,0.712,15,68.52,26.66,28.42,13.41,332403.88,9.55,57.22,19.81,10.0,74.1
2026-03-25 14:00:00,-14.56,11.27,8.21,0.6695,15,69.48,28.59,25.31,19.38,332383.34,12.98,59.79,20.54,8.84,76.1
2026-03-25 15:00:00,-14.95,11.27,8.42,0.7715,15,66.45,24.41,20.33,21.87,332364.55,16.87,53.66,18.79,7.01,69.2
2026-03-25 16:00:00,-14.68,11.27,7.92,0.7297,15,68.14,16.45,13.73,16.31,332344.24,11.91,58.96,20.3,4.63,77.7
2026-03-25 17:00:00,-14.48,11.27,8.29,0.8317,15,68.05,23.79,5.81,20.27,332321.03,16.86,69.17,23.21,1.87,67.8
2026-03-25 18:00:00,-16.04,11.27,11.14,0.9337,15,65.92,19.04,0.0,74.09,332313.04,69.18,15.78,8.0,-1.09,69.8
2026-03-25 19:00:00,-17.23,11.27,9.41,0.8857,15,68.95,10.09,0.0,36.14,332296.13,32.01,47.02,16.9,-4.05,75.1
2026-03-25 20:00:00,-18.54,11.27,9.78,0.8341,15,74.85,12.28,0.0,42.75,332277.96,35.66,51.47,18.17,-6.81,77.5
2026-03-25 21:00:00,-20.01,11.27,7.63,0.9361,15,76.16,18.04,0.0,13.66,332251.26,12.78,81.41,26.7,-9.2,73.4
2026-03-25 22:00:00,-20.41,11.27,6.26,1.0,15,76.84,14.27,0.0,4.74,332223.15,4.74,86.37,28.11,-11.05,69.5
2026-03-25 23:00:00,-21.36,11.27,7.13,1.0,15,76.07,8.57,0.0,9.7,332198.29,9.7,74.95,24.86,-12.21,68.9
2026-03-26 00:00:00,-22.69,11.01,6.11,1.0,15,76.99,8.0,0.0,4.13,332171.74,4.13,80.86,26.55,-13.01,63.4
2026-03-26 01:00:00,-24.45,11.01,4.83,1.0,15,83.95,8.0,0.0,0.84,332142.28,0.84,91.11,29.47,-12.61,64.8
2026-03-26 02:00:00,-24.39,11.01,4.77,1.0,15,83.17,11.43,0.0,0.75,332112.03,0.75,93.85,30.25,-11.45,57.1
2026-03-26 03:00:00,-25.24,11.01,6.12,1.0,15,79.85,15.32,0.0,4.15,332082.59,4.15,91.02,29.44,-9.6,74.4
2026-03-26 04:00:00,-25.05,11.01,7.63,1.0,15,83.61,9.65,0.0,13.63,332056.39,13.63,79.63,26.19,-7.21,77.3
2026-03-26 05:00:00,-24.5,11.01,6.89,1.0,15,86.9,17.04,0.0,8.06,332025.57,8.06,95.88,30.83,-4.44,56.9
2026-03-26 06:00:00,-23.1,11.01,8.03,1.0,15,82.12,13.86,0.0,17.49,331999.7,17.49,78.5,25.87,-1.48,60.5
2026-03-26 07:00:00,-23.15,11.01,7.1,1.0,15,78.91,13.15,4.64,9.43,331973.97,9.43,78.0,25.73,1.48,74.4
2026-03-26 08:00:00,-24.1,11.01,7.96,1.0,15,82.73,20.75,12.61,16.77,331949.35,16.77,74.1,24.62,4.23,63.0
2026-03-26 09:00:00,-23.03,11.01,7.87,1.0,15,80.25,30.36,19.23,15.81,331924.32,15.81,75.56,25.04,6.61,74.7
2026-03-26 10:00:00,-20.99,11.01,8.67,1.0,15,81.15,30.5,24.23,25.04,331903.04,25.04,62.38,21.28,8.44,73.0
2026-03-26 11:00:00,-19.36,11.01,12.89,1.0,15,72.54,26.26,23.39,100.0,331899.54,100.0,0.0,3.5,9.59,68.9
2026-03-26 12:00:00,-18.49,11.01,14.09,0.9273,15,76.52,28.81,22.59,100.0,331896.04,92.73,0.0,3.5,9.99,75.9
2026-03-26 13:00:00,-18.21,11.01,10.27,0.8776,15,70.6,26.01,26.97,52.81,331885.9,46.35,23.3,10.14,9.59,71.2
2026-03-26 14:00:00,-17.35,11.01,11.67,0.8207,15,72.63,20.57,22.21,89.26,331882.4,73.26,0.0,3.5,8.44,71.7
2026-03-26 15:00:00,-17.8,11.01,9.14,0.7745,15,74.01,22.61,19.23,31.7,331863.84,24.55,52.84,18.56,6.61,74.3
2026-03-26 16:00:00,-17.61,11.01,11.65,0.7145,15,74.83,23.71,11.57,88.63,331853.6,63.33,23.64,10.24,4.23,75.8
2026-03-26 17:00:00,-17.63,11.01,10.05,0.6621,15,74.02,15.2,4.63,48.03,331835.06,31.8,52.79,18.55,1.48,76.8
2026-03-26 18:00:00,-17.53,11.01,9.25,0.6095,15,68.82,19.71,0.0,33.56,331812.15,20.45,68.08,22.9,-1.48,83.6
2026-03-26 19:00:00,-16.59,11.01,7.56,0.5712,15,70.71,18.68,0.0,12.98,331785.29,7.41,81.97,26.86,-4.44,74.4
2026-03-26 20:00:00,-17.21,11.01,6.45,0.5368,15,72.8,12.9,0.0,5.63,331758.23,3.02,82.68,27.06,-7.21,78.6
2026-03-26 21:00:00,-18.45,11.01,7.97,0.4948,15,75.99,13.65,0.0,16.89,331731.56,8.36,81.28,26.66,-9.6,77.5
2026-03-26 22:00:00,-19.39,11.01,10.67,0.4411,15,72.56,16.81,0.0,62.0,331710.38,27.35,62.02,21.18,-11.45,73.9
2026-03-26 23:00:00,-21.32,11.01,10.51,0.5431,15,75.98,13.99,0.0,58.07,331690.23,31.54,58.42,20.15,-12.61,66.4
2026-03-27 00:00:00,-22.92,10.74,10.83,0.6451,15,77.3,17.28,0.0,65.73,331671.86,42.4,52.18,18.37,-13.41,73.3
2026-03-27 01:00:00,-23.72,10.74,11.27,0.7471,15,81.76,8.0,0.0,77.63,331659.31,58.0,31.76,12.55,-13.01,69.4
2026-03-27 02:00:00,-24.37,10.74,9.71,0.8491,15,83.38,11.15,0.0,41.5,331638.91,35.24,59.29,20.4,-11.85,60.3
2026-03-27 03:00:00,-24.39,10.74,7.6,0.9511,15,83.58,12.33,0.0,13.36,331611.7,12.71,83.21,27.21,-10.0,71.8
2026-03-27 04:00:00,-24.75,10.74,5.57,1.0,15,82.78,17.98,0.0,2.32,331580.14,2.32,98.44,31.56,-7.61,58.3
2026-03-27 05:00:00,-23.71,10.74,5.95,1.0,15,81.5,15.34,0.0,3.51,331550.04,3.51,93.33,30.1,-4.83,70.5
2026-03-27 06:00:00,-23.14,10.74,5.83,1.0,15,80.64,14.29,0.0,3.12,331520.38,3.12,91.81,29.67,-1.87,64.9
2026-03-27 07:00:00,-22.42,10.74,4.94,1.0,15,79.23,18.11,3.45,1.01,331490.41,1.01,92.88,29.97,1.08,69.0
2026-03-27 08:00:00,-21.76,10.74,4.88,1.0,15,74.69,23.07,11.49,0.91,331462.58,0.91,85.37,27.83,3.84,61.7
2026-03-27 09:00:00,-20.75,10.74,4.59,1.0,15,75.06,23.21,18.14,0.55,331436.4,0.55,79.57,26.18,6.21,65.8
2026-03-27 10:00:00,-19.34,10.74,7.89,1.0,15,76.15,28.7,23.15,16.01,331414.17,16.01,65.7,22.22,8.04,67.9
2026-03-27 11:00:00,-19.01,10.74,6.81,1.0,15,73.49,27.81,26.26,7.61,331391.46,7.61,67.43,22.72,9.19,70.0
2026-03-27 12:00:00,-18.68,10.74,7.48,1.0,15,72.85,27.0,27.32,12.35,331370.81,12.35,60.17,20.65,9.59,68.0
2026-03-27 13:00:00,-18.29,10.74,8.16,0.9595,15,76.13,31.0,26.26,18.86,331349.42,18.09,62.78,21.39,9.19,73.0
2026-03-27 14:00:00,-18.73,10.74,8.46,0.9173,15,76.4,30.5,23.15,22.39,331327.9,20.53,63.22,21.52,8.04,73.3
2026-03-27 15:00:00,-19.08,10.74,7.03,1.0,15,72.96,27.66,18.14,8.99,331303.45,8.99,73.5,24.45,6.21,68.5
2026-03-27 16:00:00,-19.45,10.74,6.88,0.967,15,78.42,19.09,11.49,8.03,331277.64,7.76,78.27,25.81,3.84,70.6
2026-03-27 17:00:00,-19.23,10.74,5.62,0.939,15,74.37,22.02,3.45,2.47,331248.32,2.32,90.62,29.33,1.08,73.2
2026-03-27 18:00:00,-19.59,10.74,6.14,1.0,15,77.13,19.5,0.0,4.24,331218.49,4.24,92.39,29.83,-1.87,59.1
2026-03-27 19:00:00,-20.17,10.74,5.77,1.0,15,76.19,11.9,0.0,2.91,331190.71,2.91,85.18,27.78,-4.83,72.1
2026-03-27 20:00:00,-20.47,10.74,6.82,1.0,15,75.33,13.25,0.0,7.65,331164.14,7.65,80.92,26.56,-7.61,66.4
2026-03-27 21:00:00,-21.44,10.74,8.09,1.0,15,80.0,17.05,0.0,18.08,331138.14,18.08,78.98,26.01,-10.0,55.6
2026-03-27 22:00:00,-22.09,10.74,8.37,1.0,15,77.26,15.77,0.0,21.27,331114.18,21.27,71.76,23.95,-11.85,66.5
2026-03-27 23:00:00,-22.98,10.74,8.23,1.0,15,80.28,11.32,0.0,19.68,331090.19,19.68,71.93,24.0,-13.01,62.7
2026-03-28 00:00:00,-23.99,10.47,7.98,1.0,15,82.18,9.64,0.0,16.91,331065.34,16.91,74.9,24.85,-13.81,64.7
2026-03-28 01:00:00,-24.88,10.47,9.7,1.0,15,82.72,16.8,0.0,41.19,331045.21,41.19,58.33,20.13,-13.41,68.7
2026-03-28 02:00:00,-26.69,10.47,8.43,1.0,15,83.37,14.59,0.0,21.94,331020.05,21.94,76.03,25.17,-12.25,69.2
2026-03-28 03:00:00,-26.85,10.47,9.42,1.0,15,87.73,13.43,0.0,36.36,330998.08,36.36,64.79,21.97,-10.4,71.3
2026-03-28 04:00:00,-25.83,10.47,10.25,1.0,15,87.06,11.84,0.0,52.23,330981.28,52.23,46.67,16.8,-8.0,72.4
2026-03-28 05:00:00,-24.89,10.47,9.52,1.0,15,83.94,17.49,0.0,38.08,330959.72,38.08,63.35,21.56,-5.23,61.2
2026-03-28 06:00:00,-23.73,10.47,8.59,1.0,15,80.11,13.39,0.0,23.93,330936.39,23.93,69.57,23.33,-2.27,73.3
2026-03-28 07:00:00,-22.25,10.47,8.51,1.0,15,84.25,15.45,2.24,22.99,330911.67,22.99,74.47,24.72,0.69,62.2
2026-03-28 08:00:00,-21.35,10.47,7.04,1.0,15,77.59,22.43,10.36,9.02,330885.19,9.02,80.64,26.48,3.44,74.3
2026-03-28 09:00:00,-20.33,10.47,5.69,1.0,15,75.96,26.84,17.04,2.68,330858.01,2.68,83.08,27.18,5.81,72.6
2026-03-28 10:00:00,-19.8,10.47,5.11,0.9753,15,69.25,26.33,22.06,1.3,330833.91,1.26,72.26,24.09,7.64,71.0
2026-03-28 11:00:00,-19.14,10.47,5.03,1.0,15,71.94,26.09,25.18,1.15,330809.98,1.15,71.7,23.93,8.79,66.2
2026-03-28 12:00:00,-18.04,10.47,6.09,0.9679,15,75.52,30.27,26.24,4.04,330784.92,3.91,75.63,25.06,9.19,77.5
2026-03-28 13:00:00,-16.76,10.47,8.4,1.0,15,78.22,23.71,25.18,21.58,330765.7,21.58,55.17,19.22,8.79,67.4
2026-03-28 14:00:00,-16.51,10.47,7.56,0.9627,15,73.41,23.05,22.06,13.02,330744.57,12.54,61.86,21.13,7.64,72.5
2026-03-28 15:00:00,-16.67,10.47,10.25,0.912,15,68.54,27.13,16.82,52.25,330732.18,47.65,31.19,12.39,5.81,72.8
2026-03-28 16:00:00,-16.79,10.47,12.47,1.0,15,72.08,17.68,9.08,100.0,330728.68,100.0,0.0,3.5,3.44,63.9
2026-03-28 17:00:00,-16.79,10.47,14.14,0.9297,15,70.16,12.81,1.78,100.0,330725.18,92.97,0.0,3.5,0.69,73.2
2026-03-28 18:00:00,-18.22,10.47,14.07,1.0,15,72.46,13.54,0.0,100.0,330721.68,100.0,0.0,3.5,-2.27,65.9
2026-03-28 19:00:00,-20.33,10.47,12.06,1.0,15,73.65,18.6,0.0,100.0,330718.18,100.0,0.0,3.5,-5.23,77.0
2026-03-28 20:00:00,-21.49,10.47,9.46,1.0,15,79.45,16.93,0.0,36.94,330697.74,36.94,59.44,20.44,-8.0,82.4
2026-03-28 21:00:00,-23.1,10.47,9.48,1.0,15,78.02,8.93,0.0,37.37,330680.11,37.37,49.57,17.63,-10.4,64.0
2026-03-28 22:00:00,-24.28,10.47,9.46,1.0,15,77.57,10.44,0.0,37.04,330662.08,37.04,50.97,18.03,-12.25,64.8
2026-03-28 23:00:00,-25.17,10.47,10.81,1.0,15,83.11,8.44,0.0,65.46,330651.15,65.46,26.09,10.93,-13.41,67.0
2026-03-29 00:00:00,-26.59,10.2,14.55,1.0,15,80.58,14.81,0.0,100.0,330647.65,100.0,0.0,3.5,-14.22,54.8
2026-03-29 01:00:00,-26.22,10.2,12.9,1.0,15,83.86,9.23,0.0,100.0,330644.15,100.0,0.0,3.5,-13.81,73.6
2026-03-29 02:00:00,-26.34,10.2,11.17,1.0,15,87.14,14.25,0.0,74.76,330633.06,74.76,26.64,11.09,-12.64,63.7
2026-03-29 03:00:00,-26.25,10.2,9.35,1.0,15,88.17,12.7,0.0,35.11,330610.82,35.11,65.76,22.24,-10.79,63.3
2026-03-29 04:00:00,-25.73,10.2,6.9,1.0,15,86.28,14.53,0.0,8.12,330580.9,8.12,92.69,29.92,-8.4,69.2
2026-03-29 05:00:00,-26.04,10.2,7.44,1.0,15,84.86,10.3,0.0,12.01,330553.7,12.01,83.16,27.2,-5.62,65.9
2026-03-29 06:00:00,-24.83,10.2,7.99,1.0,15,82.29,19.18,0.0,17.08,330526.15,17.08,84.39,27.55,-2.66,67.2
2026-03-29 07:00:00,-24.13,10.2,9.6,1.0,15,80.37,22.52,1.0,39.43,330504.85,39.43,62.45,21.3,0.29,71.1
2026-03-29 08:00:00,-22.86,10.2,9.35,1.0,15,83.71,25.38,9.23,35.2,330482.92,35.2,64.66,21.93,3.05,67.2
2026-03-29 09:00:00,-22.59,10.2,11.31,1.0,15,77.24,23.77,14.89,78.58,330477.27,78.58,7.55,5.65,5.42,62.4
2026-03-29 10:00:00,-22.6,10.2,11.03,1.0,15,80.3,19.46,19.89,70.93,330471.22,70.93,8.94,6.05,7.24,74.2
2026-03-29 11:00:00,-21.22,10.2,11.87,1.0,15,79.2,25.8,21.85,95.58,330467.72,95.58,0.0,3.5,8.39,66.2
2026-03-29 12:00:00,-20.24,10.2,9.69,1.0,15,72.01,28.13,25.16,41.09,330454.57,41.09,33.88,13.16,8.78,67.2
2026-03-29 13:00:00,-20.2,10.2,11.01,1.0,15,71.0,27.29,22.88,70.62,330449.7,70.62,4.8,4.87,8.39,71.0
2026-03-29 14:00:00,-20.35,10.2,11.01,1.0,15,77.84,20.97,19.91,70.48,330443.8,70.48,8.42,5.9,7.24,63.2
2026-03-29 15:00:00,-19.51,10.2,9.17,0.9554,15,72.04,25.72,15.93,32.25,330425.76,30.81,51.01,18.04,5.42,71.6
2026-03-29 16:00:00,-20.32,10.2,7.94,1.0,15,77.17,23.26,9.23,16.52,330400.98,16.52,74.67,24.78,3.05,74.5
2026-03-29 17:00:00,-19.63,10.2,10.41,0.9447,15,73.5,20.2,0.98,55.78,330386.07,52.7,40.03,14.91,0.29,78.2
2026-03-29 18:00:00,-20.71,10.2,7.99,1.0,15,77.69,14.35,0.0,17.09,330361.21,17.09,74.94,24.86,-2.66,73.2
2026-03-29 19:00:00,-21.02,10.2,8.06,1.0,15,78.46,10.99,0.0,17.79,330337.29,17.79,71.66,23.92,-5.62,74.6
2026-03-29 20:00:00,-22.03,10.2,7.6,1.0,15,81.36,12.78,0.0,13.35,330310.77,13.35,80.79,26.53,-8.4,65.3
2026-03-29 21:00:00,-22.54,10.2,8.53,1.0,15,80.92,16.86,0.0,23.18,330286.01,23.18,74.59,24.76,-10.79,72.2
2026-03-29 22:00:00,-23.76,10.2,10.08,1.0,15,82.32,10.0,0.0,48.61,330270.05,48.61,43.7,15.95,-12.64,66.2
2026-03-29 23:00:00,-24.67,10.2,9.2,1.0,15,87.07,10.3,0.0,32.7,330248.12,32.7,64.66,21.93,-13.81,72.3
2026-03-30 00:00:00,-25.81,9.93,8.8,1.0,15,82.85,9.72,0.0,26.79,330225.88,26.79,65.78,22.25,-14.62,66.2
2026-03-30 01:00:00,-26.94,9.93,12.13,1.0,15,86.87,11.64,0.0,100.0,330222.38,100.0,0.0,3.5,-14.21,70.2
2026-03-30 02:00:00,-26.81,9.93,12.32,1.0,15,88.55,14.14,0.0,100.0,330218.11,100.0,2.7,4.27,-13.04,65.7
2026-03-30 03:00:00,-27.21,9.93,13.23,1.0,15,81.32,15.35,0.0,100.0,330214.61,100.0,0.0,3.5,-11.19,60.8
2026-03-30 04:00:00,-27.19,9.93,11.72,1.0,15,90.5,10.46,0.0,90.95,330208.25,90.95,10.02,6.35,-8.79,64.8
2026-03-30 05:00:00,-27.41,9.93,9.93,1.0,15,87.12,18.37,0.0,45.62,330187.69,45.62,59.86,20.56,-6.01,62.8
2026-03-30 06:00:00,-28.36,9.93,9.27,1.0,15,89.89,19.96,0.0,33.82,330162.52,33.82,76.04,25.17,-3.05,70.2
2026-03-30 07:00:00,-27.68,9.93,9.94,1.0,15,86.82,16.81,0.0,45.89,330142.56,45.89,57.74,19.96,-0.1,57.5
2026-03-30 08:00:00,-25.31,9.93,8.14,1.0,15,85.2,16.5,8.09,18.61,330117.69,18.61,75.0,24.87,2.65,57.6
2026-03-30 09:00:00,-23.89,9.93,7.5,1.0,15,82.61,27.07,14.83,12.52,330090.73,12.52,82.33,26.96,5.02,68.5
2026-03-30 10:00:00,-22.96,9.93,6.03,1.0,15,78.11,26.45,19.88,3.82,330064.18,3.82,80.86,26.55,6.84,66.2
2026-03-30 11:00:00,-22.24,9.93,6.56,1.0,15,78.5,32.31,23.02,6.17,330037.42,6.17,81.62,26.76,7.99,62.6
2026-03-30 12:00:00,-21.46,9.93,8.59,1.0,15,79.37,22.72,24.08,23.96,330018.51,23.96,54.05,18.9,8.38,68.7
2026-03-30 13:00:00,-20.54,9.93,6.63,1.0,15,80.07,27.47,23.02,6.54,329992.79,6.54,77.99,25.73,7.99,70.9
2026-03-30 14:00:00,-20.87,9.93,7.88,1.0,15,76.52,29.73,19.88,15.9,329969.2,15.9,70.48,23.59,6.84,75.5
2026-03-30 15:00:00,-20.04,9.93,10.44,1.0,15,73.22,24.69,14.5,56.45,329958.02,56.45,26.96,11.18,5.02,60.7
2026-03-30 16:00:00,-19.69,9.93,9.02,0.9563,15,76.3,14.1,8.09,29.98,329939.23,28.67,53.64,18.79,2.65,71.2
2026-03-30 17:00:00,-19.58,9.93,9.67,0.9047,15,74.69,11.4,0.0,40.63,329921.67,36.76,49.33,17.56,-0.1,78.5
2026-03-30 18:00:00,-19.86,9.93,12.52,0.8383,15,77.55,21.89,0.0,100.0,329913.72,83.83,15.61,7.95,-3.05,78.1
2026-03-30 19:00:00,-20.56,9.93,14.23,0.9403,15,75.23,13.49,0.0,100.0,329910.22,94.03,0.0,3.5,-6.01,70.0
2026-03-30 20:00:00,-20.98,9.93,11.73,1.0,15,74.53,15.68,0.0,91.2,329906.72,91.2,0.0,3.5,-8.79,66.3
2026-03-30 21:00:00,-21.53,9.93,9.37,1.0,15,81.82,9.42,0.0,35.43,329887.32,35.43,55.8,19.4,-11.19,67.5
2026-03-30 22:00:00,-22.65,9.93,7.91,1.0,15,79.06,11.19,0.0,16.21,329862.72,16.21,74.04,24.6,-13.04,63.1
2026-03-30 23:00:00,-23.83,9.93,8.91,1.0,15,79.95,15.76,0.0,28.25,329839.99,28.25,67.46,22.73,-14.21,64.9
2026-03-31 00:00:00,-24.95,9.66,9.73,1.0,15,82.17,13.75,0.0,41.73,329821.05,41.73,54.19,18.95,-15.01,66.7
2026-03-31 01:00:00,-24.57,9.66,10.08,1.0,15,86.18,11.55,0.0,48.78,329803.59,48.78,48.95,17.45,-14.61,68.9
2026-03-31 02:00:00,-25.67,9.66,9.12,1.0,15,89.83,15.3,0.0,31.49,329779.11,31.49,73.64,24.49,-13.44,70.0
2026-03-31 03:00:00,-26.67,9.66,7.82,1.0,15,84.6,13.15,0.0,15.39,329752.13,15.39,82.36,26.97,-11.58,64.4
2026-03-31 04:00:00,-26.43,9.66,8.36,1.0,15,85.54,17.25,0.0,21.11,329725.35,21.11,81.69,26.78,-9.18,64.3
2026-03-31 05:00:00,-26.04,9.66,8.4,1.0,15,86.07,14.05,0.0,21.54,329699.46,21.54,78.57,25.89,-6.41,69.9
2026-03-31 06:00:00,-25.36,9.66,9.38,1.0,15,80.21,17.38,0.0,35.54,329678.28,35.54,62.05,21.18,-3.44,64.3
2026-03-31 07:00:00,-24.47,9.66,8.98,1.0,15,81.81,23.66,0.0,29.27,329653.06,29.27,76.2,25.22,-0.49,70.1
2026-03-31 08:00:00,-23.75,9.66,8.34,1.0,15,85.98,20.85,6.95,20.88,329627.05,20.88,78.99,26.01,2.26,58.9
2026-03-31 09:00:00,-21.93,9.66,7.73,1.0,15,78.28,25.09,13.72,14.5,329602.13,14.5,75.15,24.92,4.62,70.9
2026-03-31 10:00:00,-22.0,9.66,6.99,1.0,15,81.87,19.8,18.78,8.73,329577.49,8.73,74.16,24.63,6.45,79.1
2026-03-31 11:00:00,-21.64,9.66,6.67,1.0,15,78.39,26.75,21.93,6.77,329552.21,6.77,76.45,25.29,7.59,64.1
2026-03-31 12:00:00,-20.95,9.66,5.73,1.0,15,72.8,27.36,23.0,2.78,329527.51,2.78,74.38,24.7,7.99,76.5
2026-03-31 13:00:00,-21.37,9.66,6.05,1.0,15,80.3,22.68,21.93,3.88,329502.01,3.88,77.17,25.49,7.59,72.4
2026-03-31 14:00:00,-21.09,9.66,4.92,1.0,15,76.92,24.23,18.78,0.96,329475.31,0.96,81.4,26.7,6.45,73.6
2026-03-31 15:00:00,-19.93,9.66,4.88,0.9756,15,79.04,22.14,13.72,0.92,329447.14,0.9,86.56,28.17,4.62,73.4
2026-03-31 16:00:00,-20.01,9.66,6.95,1.0,15,76.46,17.05,6.95,8.47,329421.39,8.47,78.08,25.75,2.26,66.8
2026-03-31 17:00:00,-20.2,9.66,6.85,1.0,15,76.32,16.14,0.0,7.83,329393.77,7.83,84.64,27.62,-0.49,63.3
2026-03-31 18:00:00,-21.5,9.66,8.01,1.0,15,79.36,22.84,0.0,17.2,329366.04,17.2,84.99,27.72,-3.44,71.2
2026-03-31 19:00:00,-22.56,9.66,9.04,1.0,15,80.81,15.4,0.0,30.25,329343.75,30.25,65.96,22.3,-6.41,67.5
2026-03-31 20:00:00,-23.6,9.66,9.23,1.0,15,77.76,15.19,0.0,33.19,329323.21,33.19,59.76,20.53,-9.18,60.3
2026-03-31 21:00:00,-24.66,9.66,11.82,1.0,15,85.56,18.97,0.0,94.0,329316.71,94.0,10.53,6.5,-11.58,64.2
2026-03-31 22:00:00,-24.75,9.66,8.9,1.0,15,83.29,8.0,0.0,28.14,329295.22,28.14,63.15,21.5,-13.44,61.2
2026-03-31 23:00:00,-25.23,9.66,9.78,1.0,15,84.17,19.36,0.0,42.76,329274.4,42.76,60.77,20.82,-14.61,75.7
2026-04-01 00:00:00,-27.07,9.38,12.21,1.0,15,87.88,15.14,0.0,100.0,329270.04,100.0,3.02,4.36,-15.41,68.9
2026-04-01 01:00:00,-27.45,9.38,12.86,1.0,15,89.53,9.21,0.0,100.0,329266.54,100.0,0.0,3.5,-15.01,59.5
2026-04-01 02:00:00,-27.46,9.38,10.49,1.0,15,89.89,9.18,0.0,57.58,329251.21,57.58,41.49,15.32,-13.84,66.9
2026-04-01 03:00:00,-26.87,9.38,9.38,1.0,15,88.11,15.71,0.0,35.61,329228.27,35.61,68.22,22.94,-11.98,59.1
2026-04-01 04:00:00,-25.78,9.38,8.02,1.0,15,81.12,16.58,0.0,17.32,329201.86,17.32,80.38,26.41,-9.57,56.6
2026-04-01 05:00:00,-26.05,9.38,8.57,1.0,15,85.22,16.64,0.0,23.76,329176.11,23.76,78.09,25.76,-6.8,62.0
2026-04-01 06:00:00,-25.97,9.38,9.43,1.0,15,83.19,13.66,0.0,36.42,329155.38,36.42,60.44,20.72,-3.83,64.8
2026-04-01 07:00:00,-25.99,9.38,8.59,1.0,15,85.68,18.37,0.0,23.93,329129.05,23.93,80.12,26.33,-0.88,67.4
2026-04-01 08:00:00,-25.26,9.38,8.75,1.0,15,83.71,18.16,5.8,26.15,329105.62,26.15,69.93,23.43,1.87,70.4
2026-04-01 09:00:00,-24.04,9.38,9.46,1.0,15,86.74,21.91,12.61,37.02,329085.3,37.02,59.02,20.32,4.23,65.2
2026-04-01 10:00:00,-22.52,9.38,8.97,1.0,15,76.9,21.79,17.69,29.18,329067.03,29.18,51.82,18.27,6.05,71.5
2026-04-01 11:00:00,-21.7,9.38,10.49,1.0,15,78.66,23.99,20.33,57.64,329056.5,57.64,24.68,10.53,7.2,60.7
2026-04-01 12:00:00,-21.16,9.38,11.08,1.0,15,78.04,20.15,20.73,72.39,329051.55,72.39,5.07,4.94,7.59,76.5
2026-04-01 13:00:00,-20.49,9.38,8.71,1.0,15,75.73,30.54,20.84,25.51,329030.98,25.51,59.91,20.58,7.2,61.8
2026-04-01 14:00:00,-20.63,9.38,9.14,1.0,15,76.92,22.22,17.69,31.82,329013.33,31.82,49.64,17.65,6.05,67.1
2026-04-01 15:00:00,-19.22,9.38,8.09,1.0,15,79.51,26.84,12.61,18.13,328988.28,18.13,75.62,25.05,4.23,67.1
2026-04-01 16:00:00,-20.31,9.38,8.47,1.0,15,77.27,18.73,5.8,22.41,328965.46,22.41,67.79,22.82,1.87,62.6
2026-04-01 17:00:00,-20.53,9.38,11.24,1.0,15,80.14,15.88,0.0,76.63,328956.43,76.63,19.39,9.03,-0.88,71.3
2026-04-01 18:00:00,-19.84,9.38,12.3,0.9342,15,74.72,10.24,0.0,100.0,328952.93,93.42,0.0,3.5,-3.83,78.7
2026-04-01 19:00:00,-20.57,9.38,10.94,1.0,15,78.58,21.05,0.0,68.63,328940.59,68.63,31.0,12.34,-6.8,60.5
2026-04-01 20:00:00,-21.53,9.38,9.58,1.0,15,76.58,17.4,0.0,39.04,328921.44,39.04,54.94,19.16,-9.57,57.4
2026-04-01 21:00:00,-22.65,9.38,8.4,1.0,15,78.19,10.48,0.0,21.6,328898.82,21.6,67.07,22.61,-11.98,63.6
2026-04-01 22:00:00,-23.66,9.38,8.6,1.0,15,77.75,15.66,0.0,24.04,328875.55,24.04,69.38,23.27,-13.84,66.1
2026-04-01 23:00:00,-23.67,9.38,7.2,1.0,15,79.34,16.11,0.0,10.16,328847.74,10.16,85.29,27.81,-15.01,71.1
2026-04-02 00:00:00,-26.21,9.1,7.8,1.0,15,85.75,13.51,0.0,15.16,328820.28,15.16,84.1,27.47,-15.81,62.9
2026-04-02 01:00:00,-25.83,9.1,5.69,1.0,15,88.43,13.42,0.0,2.67,328788.51,2.67,99.19,31.77,-15.41,56.4
2026-04-02 02:00:00,-27.04,9.1,5.94,1.0,15,86.65,12.86,0.0,3.49,328757.64,3.49,96.03,30.87,-14.23,71.1
2026-04-02 03:00:00,-27.31,9.1,5.75,1.0,15,87.83,10.97,0.0,2.84,328726.79,2.84,95.96,30.85,-12.37,59.9
2026-04-02 04:00:00,-27.43,9.1,9.61,1.0,15,90.04,13.04,0.0,39.59,328705.2,39.59,63.49,21.6,-9.96,67.6
2026-04-02 05:00:00,-26.71,9.1,10.23,1.0,15,85.69,12.44,0.0,51.94,328688.53,51.94,46.18,16.66,-7.19,59.3
2026-04-02 06:00:00,-27.11,9.1,9.28,1.0,15,84.87,19.6,0.0,33.92,328664.93,33.92,70.55,23.61,-4.22,63.8
2026-04-02 07:00:00,-26.08,9.1,7.58,1.0,15,83.52,22.64,0.0,13.17,328634.92,13.17,92.99,30.0,-1.27,67.2
2026-04-02 08:00:00,-23.99,9.1,7.95,1.0,15,84.65,20.9,4.64,16.68,328607.42,16.68,84.23,27.51,1.48,62.7
2026-04-02 09:00:00,-23.9,9.1,7.16,1.0,15,82.37,20.87,11.49,9.88,328580.59,9.88,81.87,26.83,3.84,69.2
2026-04-02 10:00:00,-22.87,9.1,7.72,1.0,15,80.76,23.13,16.59,14.47,328556.33,14.47,72.83,24.26,5.65,66.1
2026-04-02 11:00:00,-22.41,9.1,9.47,1.0,15,77.77,26.81,19.76,37.23,328539.26,37.23,47.59,17.06,6.8,65.9
2026-04-02 12:00:00,-21.41,9.1,9.67,1.0,15,81.14,27.85,20.83,40.72,328522.24,40.72,47.44,17.02,7.19,76.5
2026-04-02 13:00:00,-20.83,9.1,9.88,1.0,15,81.34,26.18,19.76,44.7,328506.47,44.7,43.06,15.77,6.8,71.2
2026-04-02 14:00:00,-20.85,9.1,9.68,1.0,15,77.7,22.31,16.59,40.98,328490.88,40.98,42.44,15.59,5.65,71.8
2026-04-02 15:00:00,-20.41,9.1,11.67,1.0,15,78.66,25.96,10.54,89.25,328486.0,89.25,4.84,4.88,3.84,73.4
2026-04-02 16:00:00,-19.43,9.1,13.14,0.9345,15,73.7,20.19,3.91,100.0,328482.5,93.45,0.0,3.5,1.48,73.3
2026-04-02 17:00:00,-19.9,9.1,11.91,0.8763,15,78.64,19.05,0.0,97.03,328475.39,85.03,12.66,7.11,-1.27,71.9
2026-04-02 18:00:00,-20.02,9.1,10.32,0.9783,15,77.29,10.19,0.0,53.84,328461.97,52.67,34.8,13.42,-4.22,76.2
2026-04-02 19:00:00,-21.53,9.1,9.71,1.0,15,75.66,14.68,0.0,41.52,328444.56,41.52,48.82,17.42,-7.19,64.2
2026-04-02 20:00:00,-22.94,9.1,8.31,1.0,15,81.56,16.38,0.0,20.57,328419.01,20.57,77.36,25.55,-9.96,68.5
2026-04-02 21:00:00,-23.55,9.1,8.92,1.0,15,82.49,9.61,0.0,28.49,328397.38,28.49,63.61,21.63,-12.37,65.8
2026-04-02 22:00:00,-23.55,9.1,8.85,1.0,15,81.9,8.0,0.0,27.52,328376.1,27.52,62.38,21.28,-14.23,68.0
2026-04-02 23:00:00,-24.18,9.1,7.33,1.0,15,83.6,16.29,0.0,11.15,328347.3,11.15,88.75,28.79,-15.41,63.4
2026-04-03 00:00:00,-25.58,8.82,6.65,1.0,15,84.54,13.28,0.0,6.7,328317.84,6.7,91.12,29.47,-16.21,57.7
2026-04-03 01:00:00,-26.14,8.82,7.16,1.0,15,85.11,13.5,0.0,9.9,328289.05,9.9,88.71,28.78,-15.8,69.4
2026-04-03 02:00:00,-27.25,8.82,9.46,1.0,15,87.78,14.11,0.0,37.02,328267.07,37.02,64.87,21.99,-14.62,76.6
2026-04-03 03:00:00,-26.99,8.82,9.48,1.0,15,86.07,14.09,0.0,37.27,328245.64,37.27,62.89,21.42,-12.76,70.1
2026-04-03 04:00:00,-26.34,8.82,9.94,1.0,15,84.4,8.0,0.0,45.81,328228.86,45.81,46.59,16.78,-10.35,69.6
2026-04-03 05:00:00,-26.27,8.82,9.03,1.0,15,88.16,14.12,0.0,30.05,328204.78,30.05,72.22,24.08,-7.57,66.6
2026-04-03 06:00:00,-26.0,8.82,9.19,1.0,15,84.03,16.07,0.0,32.46,328182.0,32.46,67.64,22.78,-4.61,64.7
2026-04-03 07:00:00,-25.11,8.82,8.86,1.0,15,83.57,18.15,0.0,27.61,328157.38,27.61,74.1,24.62,-1.66,65.7
2026-04-03 08:00:00,-24.53,8.82,9.4,1.0,15,81.96,19.61,3.47,36.04,328136.19,36.04,62.07,21.19,1.09,66.1
2026-04-03 09:00:00,-23.66,8.82,7.42,1.0,15,79.76,20.87,10.38,11.83,328110.34,11.83,78.42,25.85,3.45,64.0
2026-04-03 10:00:00,-21.48,8.82,7.76,1.0,15,81.69,26.83,15.5,14.76,328084.54,14.76,78.25,25.8,5.26,60.6
2026-04-03 11:00:00,-20.8,8.82,7.32,1.0,15,74.07,24.6,18.67,11.07,328061.39,11.07,68.94,23.15,6.4,70.4
2026-04-03 12:00:00,-20.3,8.82,7.11,1.0,15,77.35,26.45,19.74,9.56,328036.67,9.56,74.49,24.73,6.79,68.4
2026-04-03 13:00:00,-20.15,8.82,10.35,1.0,15,75.94,30.24,18.34,54.43,328023.64,54.43,33.41,13.02,6.4,75.6
2026-04-03 14:00:00,-19.35,8.82,8.75,0.9559,15,76.05,19.87,15.5,26.09,328004.33,24.94,55.48,19.31,5.26,74.2
2026-04-03 15:00:00,-19.35,8.82,8.08,1.0,15,74.62,15.36,10.38,18.03,327983.28,18.03,61.58,21.05,3.45,60.3
2026-04-03 16:00:00,-19.87,8.82,8.29,0.9557,15,76.88,20.56,3.47,20.31,327958.53,19.41,74.56,24.75,1.09,78.7
2026-04-03 17:00:00,-19.42,8.82,10.07,1.0,15,75.73,19.43,0.0,48.49,327941.73,48.49,46.67,16.8,-1.66,67.9
2026-04-03 18:00:00,-19.14,8.82,9.39,1.0,15,75.96,23.03,0.0,35.76,327920.21,35.76,63.23,21.52,-4.61,68.8
2026-04-03 19:00:00,-20.25,8.82,10.16,1.0,15,80.22,15.43,0.0,50.26,327903.77,50.26,45.4,16.44,-7.57,61.4
2026-04-03 20:00:00,-22.24,8.82,11.35,1.0,15,75.37,13.72,0.0,79.98,327897.68,79.98,9.11,6.1,-10.35,69.7
2026-04-03 21:00:00,-22.54,8.82,9.94,1.0,15,80.12,11.74,0.0,45.84,327881.06,45.84,46.02,16.61,-12.76,70.1
2026-04-03 22:00:00,-23.87,8.82,9.21,1.0,15,79.82,16.16,0.0,32.9,327859.58,32.9,63.07,21.48,-14.62,75.7
2026-04-03 23:00:00,-24.25,8.82,8.57,1.0,15,80.99,14.43,0.0,23.71,327835.65,23.71,71.7,23.93,-15.8,71.1
2026-04-04 00:00:00,-26.65,8.53,10.06,1.0,15,84.21,15.36,0.0,48.32,327817.54,48.32,51.25,18.11,-16.6,62.5
2026-04-04 01:00:00,-26.66,8.53,7.84,1.0,15,85.68,13.73,0.0,15.59,327790.15,15.59,83.82,27.39,-16.2,56.1
2026-04-04 02:00:00,-27.75,8.53,7.43,1.0,15,90.47,15.47,0.0,11.9,327759.85,11.9,94.05,30.3,-15.02,61.3
2026-04-04 03:00:00,-27.42,8.53,8.46,1.0,15,86.66,17.53,0.0,22.38,327733.03,22.38,81.81,26.82,-13.15,69.7
2026-04-04 04:00:00,-27.29,8.53,8.76,1.0,15,88.05,16.04,0.0,26.23,327707.34,26.23,77.87,25.69,-10.74,62.5
2026-04-04 05:00:00,-27.51,8.53,8.52,1.0,15,89.62,13.72,0.0,23.07,327680.97,23.07,80.27,26.38,-7.96,58.9
2026-04-04 06:00:00,-27.19,8.53,8.71,1.0,15,85.27,13.6,0.0,25.51,327656.56,25.51,73.37,24.41,-5.0,65.5
2026-04-04 07:00:00,-26.04,8.53,7.64,1.0,15,83.61,18.13,0.0,13.69,327627.96,13.69,88.05,28.59,-2.05,63.8
2026-04-04 08:00:00,-25.12,8.53,7.7,1.0,15,83.94,23.79,2.28,14.23,327598.46,14.23,91.23,29.5,0.7,63.9
2026-04-04 09:00:00,-23.86,8.53,7.99,1.0,15,78.02,22.5,9.26,17.01,327573.8,17.01,74.26,24.66,3.06,63.4
2026-04-04 10:00:00,-21.76,8.53,10.17,1.0,15,83.15,18.92,14.28,50.62,327559.7,50.62,37.18,14.1,4.87,69.2
2026-04-04 11:00:00,-21.88,8.53,8.92,1.0,15,78.92,30.51,17.58,28.48,327538.14,28.48,63.37,21.56,6.01,73.7
2026-04-04 12:00:00,-20.18,8.53,10.56,1.0,15,77.51,26.99,18.14,59.2,327526.9,59.2,27.16,11.24,6.4,72.4
2026-04-04 13:00:00,-19.58,8.53,10.56,1.0,15,74.92,24.9,17.09,59.18,327516.69,59.18,23.55,10.21,6.01,60.7
2026-04-04 14:00:00,-19.79,8.53,7.99,0.9577,15,77.07,23.4,14.4,17.0,327493.3,16.28,69.79,23.39,4.87,77.9
2026-04-04 15:00:00,-20.48,8.53,9.06,1.0,15,76.37,14.97,9.26,30.58,327475.13,30.58,51.5,18.18,3.06,73.4
2026-04-04 16:00:00,-20.71,8.53,7.06,1.0,15,78.34,16.77,2.28,9.19,327447.79,9.19,83.63,27.34,0.7,71.0
2026-04-04 17:00:00,-20.5,8.53,12.12,1.0,15,79.63,15.13,0.0,100.0,327444.29,100.0,0.0,3.5,-2.05,71.7
2026-04-04 18:00:00,-21.14,8.53,12.88,1.0,15,72.93,18.37,0.0,100.0,327440.79,100.0,0.0,3.5,-5.0,72.1
2026-04-04 19:00:00,-20.96,8.53,10.99,1.0,15,78.95,14.7,0.0,69.87,327430.51,69.87,23.78,10.28,-7.96,71.2
2026-04-04 20:00:00,-22.69,8.53,9.49,1.0,15,79.01,17.52,0.0,37.5,327410.19,37.5,59.04,20.33,-10.74,63.2
2026-04-04 21:00:00,-23.61,8.53,8.85,1.0,15,79.17,8.0,0.0,27.51,327389.68,27.51,59.66,20.5,-13.15,69.8
2026-04-04 22:00:00,-25.28,8.53,8.31,1.0,15,81.0,19.68,0.0,20.57,327363.35,20.57,80.11,26.33,-15.02,66.9
2026-04-04 23:00:00,-25.89,8.53,7.98,1.0,15,85.35,16.63,0.0,16.96,327335.62,16.96,85.02,27.73,-16.2,67.7
2026-04-05 00:00:00,-26.55,8.24,7.56,1.0,15,86.78,14.19,0.0,13.0,327307.05,13.0,87.97,28.57,-16.99,61.9
2026-04-05 01:00:00,-27.37,8.24,8.32,1.0,15,86.04,11.86,0.0,20.7,327281.55,20.7,77.21,25.5,-16.59,69.9
2026-04-05 02:00:00,-29.29,8.24,7.23,1.0,15,87.63,15.27,0.0,10.37,327251.68,10.37,92.52,29.87,-15.41,60.2
2026-04-05 03:00:00,-29.27,8.24,9.19,1.0,15,90.61,13.58,0.0,32.55,327227.76,32.55,71.65,23.92,-13.54,62.8
2026-04-05 04:00:00,-28.86,8.24,10.38,1.0,15,89.89,13.65,0.0,55.12,327210.46,55.12,48.42,17.3,-11.13,60.8
2026-04-05 05:00:00,-28.25,8.24,9.81,1.0,15,90.11,17.58,0.0,43.39,327188.63,43.39,64.3,21.82,-8.35,58.8
2026-04-05 06:00:00,-26.93,8.24,11.08,1.0,15,88.26,19.1,0.0,72.46,327175.19,72.46,34.9,13.45,-5.38,68.4
2026-04-05 07:00:00,-26.85,8.24,9.52,1.0,15,89.18,18.73,0.0,38.06,327151.78,38.06,69.85,23.41,-2.43,62.4
2026-04-05 08:00:00,-25.59,8.24,7.22,1.0,15,86.14,17.54,1.06,10.28,327121.96,10.28,92.34,29.82,0.31,66.5
2026-04-05 09:00:00,-23.95,8.24,8.07,1.0,15,78.54,21.24,8.14,17.89,327097.44,17.89,73.75,24.52,2.67,60.1
2026-04-05 10:00:00,-24.13,8.24,8.1,1.0,15,82.38,19.58,13.3,18.21,327073.86,18.21,70.45,23.58,4.48,57.8
2026-04-05 11:00:00,-23.08,8.24,8.51,1.0,15,82.97,20.68,16.49,22.92,327052.05,22.92,64.25,21.81,5.62,76.3
2026-04-05 12:00:00,-22.65,8.24,10.53,1.0,15,81.98,23.52,17.11,58.51,327040.04,58.51,29.88,12.02,6.01,75.9
2026-04-05 13:00:00,-22.13,8.24,12.99,1.0,15,84.65,27.8,14.03,100.0,327036.54,100.0,0.0,3.5,5.62,65.4
2026-04-05 14:00:00,-21.56,8.24,12.25,1.0,15,80.38,23.97,11.8,100.0,327033.04,100.0,0.0,3.5,4.48,71.1
2026-04-05 15:00:00,-21.73,8.24,12.3,1.0,15,75.71,24.46,7.2,100.0,327029.54,100.0,0.0,3.5,2.67,66.5
2026-04-05 16:00:00,-22.24,8.24,9.69,1.0,15,76.0,22.85,1.06,41.11,327009.89,41.11,56.67,19.65,0.31,71.7
2026-04-05 17:00:00,-22.55,8.24,8.19,1.0,15,80.07,18.75,0.0,19.19,326983.69,19.19,79.63,26.2,-2.43,62.7
2026-04-05 18:00:00,-23.74,8.24,9.25,1.0,15,82.13,13.39,0.0,33.49,326962.51,33.49,62.03,21.18,-5.38,61.3
2026-04-05 19:00:00,-25.1,8.24,8.85,1.0,15,82.69,17.77,0.0,27.49,326938.22,27.49,72.97,24.3,-8.35,66.3
2026-04-05 20:00:00,-25.49,8.24,8.62,1.0,15,86.2,10.85,0.0,24.32,326913.99,24.32,72.73,24.23,-11.13,67.8
2026-04-05 21:00:00,-27.06,8.24,7.98,1.0,15,81.41,11.71,0.0,16.94,326888.78,16.94,76.18,25.21,-13.54,61.2
2026-04-05 22:00:00,-27.52,8.24,8.57,1.0,15,86.64,16.97,0.0,23.72,326862.51,23.72,79.88,26.27,-15.41,57.8
2026-04-05 23:00:00,-28.05,8.24,7.49,1.0,15,83.46,12.88,0.0,12.43,326835.09,12.43,83.92,27.42,-16.59,70.3
2026-04-06 00:00:00,-30.27,7.94,8.3,1.0,15,90.26,14.28,0.0,20.39,326807.61,20.39,84.15,27.48,-17.38,60.0
2026-04-06 01:00:00,-31.19,7.94,7.25,1.0,15,92.58,8.0,0.0,10.53,326778.45,10.53,90.05,29.16,-16.98,59.3
2026-04-06 02:00:00,-30.77,7.94,5.97,1.0,15,95.0,11.95,0.0,3.58,326745.49,3.58,103.37,32.96,-15.8,68.1
2026-04-06 03:00:00,-31.44,7.94,6.16,1.0,15,91.04,14.16,0.0,4.33,326713.24,4.33,100.87,32.25,-13.93,72.6
2026-04-06 04:00:00,-31.55,7.94,5.95,1.0,15,93.61,14.54,0.0,3.51,326679.92,3.51,104.63,33.32,-11.51,63.0
2026-04-06 05:00:00,-30.87,7.94,8.61,1.0,15,91.7,17.7,0.0,24.16,326652.13,24.16,85.24,27.79,-8.73,66.2
2026-04-06 06:00:00,-29.8,7.94,6.88,1.0,15,90.92,14.6,0.0,7.99,326620.83,7.99,97.52,31.29,-5.77,57.0
2026-04-06 07:00:00,-29.19,7.94,6.25,1.0,15,89.39,21.11,0.0,4.69,326587.18,4.69,105.8,33.65,-2.82,66.8
2026-04-06 08:00:00,-28.66,7.94,7.12,1.0,15,88.87,17.36,0.0,9.56,326556.13,9.56,96.67,31.05,-0.07,67.8
2026-04-06 09:00:00,-26.85,7.94,7.5,1.0,15,85.19,21.39,7.01,12.49,326527.81,12.49,87.09,28.32,2.28,60.1
2026-04-06 10:00:00,-24.87,7.94,6.02,1.0,15,84.36,20.38,12.2,3.79,326499.02,3.79,88.74,28.79,4.09,63.7
2026-04-06 11:00:00,-23.42,7.94,4.57,1.0,15,83.72,26.27,15.4,0.53,326468.71,0.53,94.06,30.31,5.23,73.6
2026-04-06 12:00:00,-22.64,7.94,9.4,1.0,15,80.18,22.77,16.49,35.91,326450.8,35.91,50.55,17.91,5.62,66.6
2026-04-06 13:00:00,-22.56,7.94,9.79,1.0,15,84.39,25.4,15.4,42.87,326432.62,42.87,51.51,18.18,5.23,75.2
2026-04-06 14:00:00,-22.7,7.94,9.01,1.0,15,80.36,25.78,12.2,29.78,326410.84,29.78,64.16,21.79,4.09,68.1
2026-04-06 15:00:00,-22.25,7.94,8.81,1.0,15,81.26,24.09,7.01,26.97,326387.0,26.97,71.37,23.84,2.28,68.2
2026-04-06 16:00:00,-22.1,7.94,7.97,1.0,15,77.58,26.6,0.0,16.86,326358.61,16.86,87.33,28.39,-0.07,73.3
2026-04-06 17:00:00,-21.59,7.94,7.64,1.0,15,78.22,17.69,0.0,13.74,326331.69,13.74,82.16,26.92,-2.82,79.1
2026-04-06 18:00:00,-21.76,7.94,8.49,1.0,15,78.04,15.57,0.0,22.76,326308.0,22.76,70.86,23.7,-5.77,72.0
2026-04-06 19:00:00,-23.4,7.94,10.37,1.0,15,78.58,13.45,0.0,54.96,326293.93,54.96,37.07,14.07,-8.73,68.3
2026-04-06 20:00:00,-23.6,7.94,8.77,1.0,15,79.9,16.09,0.0,26.4,326270.6,26.4,69.59,23.33,-11.51,73.6
2026-04-06 21:00:00,-25.12,7.94,10.26,1.0,15,84.72,12.93,0.0,52.41,326254.2,52.41,45.24,16.39,-13.93,72.8
2026-04-06 22:00:00,-26.25,7.94,8.42,1.0,15,88.51,10.37,0.0,21.85,326228.75,21.85,77.03,25.45,-15.8,68.0
2026-04-06 23:00:00,-26.93,7.94,7.5,1.0,15,87.98,10.27,0.0,12.5,326200.81,12.5,85.75,27.94,-16.98,66.7
2026-04-07 00:00:00,-26.93,7.64,5.96,1.0,15,87.48,16.67,0.0,3.55,326168.64,3.55,100.59,32.17,-17.77,68.3
2026-04-07 01:00:00,-25.62,7.64,5.44,1.0,15,82.82,15.54,0.0,1.99,326137.67,1.99,96.38,30.97,-17.37,58.6
2026-04-07 02:00:00,-25.64,7.64,8.52,1.0,15,85.81,16.87,0.0,23.04,326111.48,23.04,79.64,26.2,-16.18,60.5
2026-04-07 03:00:00,-25.92,7.64,8.42,1.0,15,83.78,9.04,0.0,21.9,326087.76,21.9,70.92,23.71,-14.31,66.8
2026-04-07 04:00:00,-25.52,7.64,6.89,1.0,15,81.97,13.18,0.0,8.06,326059.44,8.06,87.09,28.32,-11.9,62.0
2026-04-07 05:00:00,-24.68,7.64,10.16,1.0,15,81.27,12.59,0.0,50.4,326043.56,50.4,43.46,15.89,-9.11,66.7
2026-04-07 06:00:00,-24.37,7.64,11.53,1.0,15,82.51,16.9,0.0,85.19,326036.0,85.19,14.22,7.55,-6.15,67.7
2026-04-07 07:00:00,-22.61,7.64,11.74,1.0,15,78.86,15.29,0.0,91.57,326031.77,91.57,2.58,4.24,-3.2,63.1
2026-04-07 08:00:00,-21.69,7.64,13.21,1.0,15,79.26,22.94,0.0,100.0,326027.64,100.0,2.2,4.13,-0.46,71.7
2026-04-07 09:00:00,-20.56,7.64,10.94,1.0,15,76.03,19.97,5.6,68.7,326017.96,68.7,21.7,9.69,1.89,60.1
2026-04-07 10:00:00,-19.32,7.64,11.78,1.0,15,75.55,28.63,10.12,92.8,326014.09,92.8,1.27,3.86,3.7,68.9
2026-04-07 11:00:00,-18.3,7.64,11.62,1.0,15,72.67,26.92,13.16,87.8,326010.59,87.8,0.0,3.5,4.84,63.6
2026-04-07 12:00:00,-17.14,7.64,12.5,0.9401,15,71.46,27.48,13.48,100.0,326007.09,94.01,0.0,3.5,5.23,70.5
2026-04-07 13:00:00,-17.04,7.64,12.65,0.8738,15,69.26,29.51,12.42,100.0,326003.59,87.38,0.0,3.5,4.84,77.0
2026-04-07 14:00:00,-17.11,7.64,10.99,0.9758,15,74.68,23.27,10.55,70.05,325994.67,68.35,19.04,8.93,3.7,68.5
2026-04-07 15:00:00,-17.73,7.64,11.46,1.0,15,68.89,23.57,5.45,82.92,325990.0,82.92,4.1,4.67,1.89,61.6
2026-04-07 16:00:00,-17.64,7.64,9.84,0.9527,15,77.82,19.69,0.0,43.96,325970.64,41.88,55.63,19.35,-0.46,70.6
2026-04-07 17:00:00,-17.58,7.64,8.92,1.0,15,73.3,15.3,0.0,28.53,325950.03,28.53,60.07,20.62,-3.2,67.7
2026-04-07 18:00:00,-17.93,7.64,7.4,0.964,15,69.36,14.6,0.0,11.72,325925.82,11.3,72.67,24.21,-6.15,71.6
2026-04-07 19:00:00,-17.72,7.64,10.14,0.9154,15,72.68,14.73,0.0,49.84,325910.41,45.62,41.79,15.41,-9.11,70.5
2026-04-07 20:00:00,-18.65,7.64,9.0,0.8714,15,74.4,15.6,0.0,29.67,325888.62,25.85,64.15,21.78,-11.9,71.9
2026-04-07 21:00:00,-19.24,7.64,8.98,0.8247,15,78.11,15.57,0.0,29.4,325865.33,24.24,69.44,23.29,-14.31,76.4
2026-04-07 22:00:00,-20.9,7.64,8.53,0.9267,15,74.42,14.59,0.0,23.15,325842.58,21.45,67.56,22.75,-16.18,67.4
2026-04-07 23:00:00,-22.05,7.64,11.34,1.0,15,76.22,14.64,0.0,79.48,325835.83,79.48,11.38,6.74,-17.37,68.9
2026-04-08 00:00:00,-22.91,7.33,10.01,1.0,15,81.28,12.07,0.0,47.33,325819.22,47.33,46.02,16.61,-18.16,66.2
2026-04-08 01:00:00,-23.04,7.33,10.78,1.0,15,81.13,8.0,0.0,64.54,325808.71,64.54,24.6,10.51,-17.75,72.8
2026-04-08 02:00:00,-23.65,7.33,11.79,1.0,15,84.89,15.19,0.0,93.21,325803.25,93.21,6.87,5.46,-16.57,68.0
2026-04-08 03:00:00,-23.9,7.33,10.68,1.0,15,79.84,10.93,0.0,62.18,325791.61,62.18,28.58,11.65,-14.7,69.7
2026-04-08 04:00:00,-24.77,7.33,9.69,1.0,15,81.02,20.72,0.0,41.14,325770.84,41.14,60.6,20.77,-12.28,70.2
2026-04-08 05:00:00,-24.7,7.33,10.39,1.0,15,87.41,16.37,0.0,55.42,325753.55,55.42,48.35,17.28,-9.49,56.7
2026-04-08 06:00:00,-23.67,7.33,12.01,1.0,15,81.59,20.63,0.0,100.0,325749.42,100.0,2.23,4.13,-6.53,71.2
2026-04-08 07:00:00,-22.67,7.33,12.08,1.0,15,78.5,14.36,0.0,100.0,325745.92,100.0,0.0,3.5,-3.58,69.9
2026-04-08 08:00:00,-21.59,7.33,10.16,1.0,15,80.02,22.14,0.0,50.37,325727.66,50.37,51.79,18.26,-0.84,65.4
2026-04-08 09:00:00,-20.73,7.33,11.61,1.0,15,72.63,22.92,4.36,87.52,325723.12,87.52,3.66,4.54,1.51,75.9
2026-04-08 10:00:00,-19.9,7.33,10.39,0.947,15,76.68,23.92,9.81,55.31,325708.67,52.38,38.4,14.44,3.32,75.0
2026-04-08 11:00:00,-19.53,7.33,13.13,1.0,15,73.88,20.9,11.16,100.0,325705.17,100.0,0.0,3.5,4.45,69.4
2026-04-08 12:00:00,-18.45,7.33,16.98,1.0,15,72.49,22.37,9.32,100.0,325701.67,100.0,0.0,3.5,4.84,60.8
2026-04-08 13:00:00,-17.71,7.33,17.74,0.9138,15,75.3,26.02,8.11,100.0,325697.65,91.38,1.82,4.02,4.45,71.4
2026-04-08 14:00:00,-17.14,7.33,20.92,1.0,15,72.51,20.67,4.54,100.0,325694.15,100.0,0.0,3.5,3.32,67.2
2026-04-08 15:00:00,-17.42,7.33,22.54,1.0,15,69.51,18.28,1.77,100.0,325690.65,100.0,0.0,3.5,1.51,61.0
2026-04-08 16:00:00,-18.91,7.33,25.22,0.8736,15,74.42,17.23,0.0,0.0,325661.03,0.0,91.65,29.62,-0.84,73.7
2026-04-08 17:00:00,-18.65,7.33,23.81,0.7462,15,74.16,19.17,0.0,100.0,325652.2,74.62,18.71,8.83,-3.58,78.6
2026-04-08 18:00:00,-19.55,7.33,23.26,0.8482,15,74.73,20.76,0.0,100.0,325645.66,84.82,10.67,6.54,-6.53,69.9
2026-04-08 19:00:00,-20.85,7.33,23.97,0.9502,15,75.21,16.58,0.0,100.0,325642.16,95.02,0.0,3.5,-9.49,70.7
2026-04-08 20:00:00,-21.33,7.33,20.21,1.0,15,78.56,17.91,0.0,100.0,325638.66,100.0,0.0,3.5,-12.28,75.7
2026-04-08 21:00:00,-22.52,7.33,17.26,1.0,15,81.45,12.9,0.0,100.0,325635.16,100.0,0.0,3.5,-14.7,69.0
2026-04-08 22:00:00,-22.84,7.33,19.43,1.0,15,81.4,19.02,0.0,100.0,325631.54,100.0,0.41,3.62,-16.57,64.8
2026-04-08 23:00:00,-23.37,7.33,15.41,1.0,15,79.65,16.89,0.0,100.0,325628.04,100.0,0.0,3.5,-17.75,56.3
2026-04-09 00:00:00,-24.22,7.01,15.46,1.0,15,82.2,15.58,0.0,100.0,325624.54,100.0,0.0,3.5,-18.55,70.9
2026-04-09 01:00:00,-25.67,7.01,10.29,1.0,15,79.93,14.27,0.0,53.16,325609.34,53.16,41.05,15.2,-18.14,67.8
2026-04-09 02:00:00,-25.34,7.01,9.36,1.0,15,87.8,14.09,0.0,35.22,325586.84,35.22,66.66,22.5,-16.95,70.6
2026-04-09 03:00:00,-25.37,7.01,10.18,1.0,15,83.0,8.85,0.0,50.7,325571.62,50.7,41.14,15.23,-15.08,53.7
2026-04-09 04:00:00,-25.54,7.01,10.34,1.0,15,83.44,9.64,0.0,54.22,325557.04,54.22,38.85,14.57,-12.66,76.2
2026-04-09 05:00:00,-25.16,7.01,10.16,1.0,15,81.11,17.3,0.0,50.3,325539.83,50.3,48.11,17.21,-9.87,62.2
2026-04-09 06:00:00,-25.74,7.01,9.84,1.0,15,86.79,16.72,0.0,43.94,325519.36,43.94,59.57,20.48,-6.9,71.2
2026-04-09 07:00:00,-24.81,7.01,11.04,1.0,15,85.72,19.35,0.0,71.3,325506.23,71.3,33.78,13.13,-3.96,56.9
2026-04-09 08:00:00,-24.64,7.01,9.45,1.0,15,81.94,15.36,0.0,36.74,325485.47,36.74,60.55,20.76,-1.22,62.6
2026-04-09 09:00:00,-24.59,7.01,9.03,1.0,15,80.61,25.06,3.6,30.08,325461.45,30.08,72.0,24.02,1.13,63.8
2026-04-09 10:00:00,-24.62,7.01,7.7,1.0,15,83.21,21.9,8.9,14.21,325434.58,14.21,82.0,26.87,2.93,61.4
2026-04-09 11:00:00,-23.12,7.01,8.33,1.0,15,80.11,24.91,12.14,20.72,325410.52,20.72,72.17,24.07,4.07,63.5
2026-04-09 12:00:00,-22.79,7.01,7.56,1.0,15,81.97,22.7,13.23,13.05,325384.68,13.05,78.39,25.84,4.45,76.0
2026-04-09 13:00:00,-21.33,7.01,7.32,1.0,15,77.77,24.75,12.14,11.02,325358.56,11.02,79.36,26.12,4.07,67.3
2026-04-09 14:00:00,-21.33,7.01,7.61,1.0,15,77.61,29.66,8.9,13.41,325330.85,13.41,84.96,27.71,2.93,79.6
2026-04-09 15:00:00,-22.26,7.01,5.94,1.0,15,80.98,23.97,3.6,3.5,325299.46,3.5,97.85,31.39,1.13,73.6
2026-04-09 16:00:00,-23.06,7.01,5.19,1.0,15,77.28,17.04,0.0,1.45,325269.49,1.45,92.88,29.97,-1.22,57.7
2026-04-09 17:00:00,-22.66,7.01,6.9,1.0,15,79.44,14.65,0.0,8.12,325241.49,8.12,85.97,28.0,-3.96,66.3
2026-04-09 18:00:00,-23.32,7.01,7.16,1.0,15,81.57,17.56,0.0,9.9,325212.55,9.9,89.24,28.93,-6.9,65.6
2026-04-09 19:00:00,-24.39,7.01,9.28,1.0,15,81.86,14.34,0.0,33.95,325191.31,33.95,62.25,21.24,-9.87,62.0
2026-04-09 20:00:00,-25.13,7.01,9.85,1.0,15,84.58,12.22,0.0,44.14,325172.81,44.14,52.65,18.51,-12.66,72.2
2026-04-09 21:00:00,-25.74,7.01,7.32,1.0,15,85.38,19.28,0.0,11.07,325142.63,11.07,93.6,30.17,-15.08,70.0
2026-04-09 22:00:00,-25.98,7.01,8.14,1.0,15,87.2,8.0,0.0,18.59,325117.3,18.59,76.61,25.33,-16.95,76.3
2026-04-09 23:00:00,-25.96,7.01,6.77,1.0,15,84.64,15.03,0.0,7.35,325087.49,7.35,92.33,29.81,-18.14,63.2
2026-04-10 00:00:00,-27.42,6.68,8.47,1.0,15,83.03,18.73,0.0,22.49,325061.39,22.49,79.27,26.09,-18.93,66.6
2026-04-10 01:00:00,-28.8,6.68,12.41,1.0,15,86.24,9.42,0.0,100.0,325057.89,100.0,0.0,3.5,-18.52,61.6
2026-04-10 02:00:00,-29.42,6.68,11.46,1.0,15,91.62,11.65,0.0,82.91,325048.59,82.91,20.35,9.3,-17.33,60.9
2026-04-10 03:00:00,-29.39,6.68,11.36,1.0,15,90.95,12.33,0.0,80.04,325038.47,80.04,23.25,10.13,-15.46,67.0
2026-04-10 04:00:00,-29.87,6.68,9.68,1.0,15,90.79,19.08,0.0,40.9,325015.31,40.9,68.97,23.16,-13.04,73.6
2026-04-10 05:00:00,-30.1,6.68,9.18,1.0,15,91.31,15.25,0.0,32.39,324990.67,32.39,74.17,24.64,-10.25,67.4
2026-04-10 06:00:00,-29.33,6.68,10.66,1.0,15,89.03,22.65,0.0,61.55,324972.89,61.55,50.12,17.79,-7.28,67.4
2026-04-10 07:00:00,-28.63,6.68,8.91,1.0,15,87.96,20.22,0.0,28.29,324946.62,28.29,79.89,26.27,-4.33,63.2
2026-04-10 08:00:00,-27.76,6.68,8.04,1.0,15,86.83,17.69,0.0,17.51,324918.32,17.51,87.01,28.3,-1.6,68.4
2026-04-10 09:00:00,-27.31,6.68,8.03,1.0,15,86.72,16.84,2.44,17.48,324890.98,17.48,83.64,27.34,0.75,70.4
2026-04-10 10:00:00,-26.54,6.68,9.04,1.0,15,86.4,19.2,7.8,30.23,324868.22,30.23,67.58,22.76,2.55,60.8
2026-04-10 11:00:00,-26.24,6.68,8.51,1.0,15,85.51,25.49,11.05,22.99,324842.79,22.99,76.95,25.43,3.68,65.5
2026-04-10 12:00:00,-24.96,6.68,10.83,1.0,15,82.97,31.64,11.64,65.95,324828.74,65.95,37.01,14.05,4.07,64.7
2026-04-10 13:00:00,-23.77,6.68,8.7,1.0,15,83.37,22.08,11.05,25.4,324805.58,25.4,68.99,23.16,3.68,64.0
2026-04-10 14:00:00,-24.53,6.68,8.25,1.0,15,84.94,20.31,7.8,19.88,324779.97,19.88,77.56,25.61,2.55,71.5
2026-04-10 15:00:00,-24.96,6.68,9.18,1.0,15,86.63,22.19,2.44,32.42,324755.4,32.42,73.95,24.58,0.75,65.1
2026-04-10 16:00:00,-25.95,6.68,8.09,1.0,15,84.81,18.16,0.0,18.05,324727.69,18.05,84.92,27.7,-1.6,67.9
2026-04-10 17:00:00,-26.66,6.68,8.84,1.0,15,85.17,16.27,0.0,27.32,324703.07,27.32,74.12,24.62,-4.33,67.4
2026-04-10 18:00:00,-27.22,6.68,7.6,1.0,15,87.05,21.16,0.0,13.33,324672.53,13.33,94.87,30.54,-7.28,63.2
2026-04-10 19:00:00,-28.77,6.68,6.16,1.0,15,88.39,19.92,0.0,4.35,324639.4,4.35,103.97,33.13,-10.25,56.1
2026-04-10 20:00:00,-30.12,6.68,5.5,1.0,15,91.65,15.11,0.0,2.13,324606.08,2.13,104.62,33.32,-13.04,60.7
2026-04-10 21:00:00,-31.56,6.68,8.71,1.0,15,94.82,11.36,0.0,25.49,324579.58,25.49,80.69,26.5,-15.46,64.0
2026-04-10 22:00:00,-32.27,6.68,8.88,1.0,15,95.26,14.06,0.0,27.94,324552.89,27.94,81.38,26.69,-17.33,62.3
2026-04-10 23:00:00,-33.01,6.68,10.07,1.0,15,95.8,15.97,0.0,48.43,324531.34,48.43,63.35,21.56,-18.52,50.5
2026-04-11 00:00:00,-34.58,6.35,9.1,1.0,15,100.01,16.94,0.0,31.12,324503.38,31.12,85.83,27.96,-19.31,63.1
2026-04-11 01:00:00,-34.96,6.35,9.31,1.0,15,102.87,16.27,0.0,34.54,324475.76,34.54,84.6,27.61,-18.9,56.0
2026-04-11 02:00:00,-35.57,6.35,9.12,1.0,15,98.57,8.0,0.0,31.4,324450.67,31.4,75.17,25.09,-17.71,61.2
2026-04-11 03:00:00,-35.78,6.35,11.51,1.0,15,101.19,14.79,0.0,84.59,324437.99,84.59,31.39,12.68,-15.83,62.2
2026-04-11 04:00:00,-34.57,6.35,11.69,1.0,15,98.16,16.56,0.0,90.03,324427.45,90.03,24.69,10.54,-13.41,61.4
2026-04-11 05:00:00,-33.35,6.35,11.74,1.0,15,94.84,18.11,0.0,91.48,324417.84,91.48,21.46,9.62,-10.62,69.4
2026-04-11 06:00:00,-33.53,6.35,9.05,1.0,15,95.39,17.58,0.0,30.44,324390.82,30.44,82.52,27.02,-7.65,64.8
2026-04-11 07:00:00,-32.25,6.35,9.12,1.0,15,94.09,17.79,0.0,31.52,324364.41,31.52,80.37,26.4,-4.71,58.5
2026-04-11 08:00:00,-30.86,6.35,8.88,1.0,15,96.3,17.87,0.0,27.96,324336.34,27.96,86.22,28.07,-1.97,60.1
2026-04-11 09:00:00,-30.61,6.35,11.1,1.0,15,94.54,17.57,1.18,72.92,324322.01,72.92,38.01,14.33,0.37,61.7
2026-04-11 10:00:00,-29.16,6.35,9.57,1.0,15,88.23,20.06,6.69,38.93,324300.65,38.93,62.67,21.36,2.17,61.4
2026-04-11 11:00:00,-27.34,6.35,8.52,1.0,15,88.58,27.37,9.97,23.13,324273.53,23.13,82.85,27.11,3.3,66.3
2026-04-11 12:00:00,-27.27,6.35,8.27,1.0,15,85.13,25.8,11.07,20.03,324247.28,20.03,79.83,26.25,3.69,58.9
2026-04-11 13:00:00,-27.23,6.35,7.5,1.0,15,85.83,25.7,9.97,12.46,324218.39,12.46,89.1,28.89,3.3,71.5
2026-04-11 14:00:00,-26.22,6.35,6.48,1.0,15,88.53,20.26,6.69,5.8,324187.45,5.8,96.29,30.94,2.17,65.5
2026-04-11 15:00:00,-25.9,6.35,8.74,1.0,15,89.51,21.55,1.25,25.93,324160.04,25.93,83.88,27.4,0.37,72.3
2026-04-11 16:00:00,-25.65,6.35,8.93,1.0,15,80.59,24.27,0.0,28.62,324134.81,28.62,76.25,25.23,-1.97,59.8
2026-04-11 17:00:00,-25.77,6.35,10.52,1.0,15,85.01,18.08,0.0,58.23,324118.53,58.23,44.86,16.28,-4.71,59.8
2026-04-11 18:00:00,-26.06,6.35,11.44,1.0,15,86.3,18.87,0.0,82.49,324108.56,82.49,22.68,9.96,-7.65,70.8
2026-04-11 19:00:00,-27.57,6.35,9.9,1.0,15,87.13,13.82,0.0,45.12,324089.15,45.12,55.83,19.41,-10.62,61.1
2026-04-11 20:00:00,-27.75,6.35,9.72,1.0,15,88.32,13.08,0.0,41.7,324068.64,41.7,59.7,20.51,-13.41,59.2
2026-04-11 21:00:00,-27.93,6.35,7.85,1.0,15,87.4,14.18,0.0,15.62,324040.64,15.62,85.95,28.0,-15.83,69.9
2026-04-11 22:00:00,-28.96,6.35,10.22,1.0,15,91.27,10.81,0.0,51.53,324022.73,51.53,50.56,17.91,-17.71,59.2
2026-04-11 23:00:00,-29.82,6.35,9.45,1.0,15,90.47,10.66,0.0,36.8,324000.89,36.8,64.33,21.83,-18.9,62.5
2026-04-12 00:00:00,-31.94,6.0,8.87,1.0,15,95.74,12.39,0.0,27.69,323974.47,27.69,80.44,26.43,-19.69,58.3
2026-04-12 01:00:00,-32.16,6.0,8.14,1.0,15,97.01,13.51,0.0,18.6,323944.77,18.6,91.93,29.7,-19.28,64.7
2026-04-12 02:00:00,-32.14,6.0,8.16,1.0,15,96.68,11.06,0.0,18.82,323915.93,18.82,88.92,28.84,-18.09,62.0
2026-04-12 03:00:00,-32.28,6.0,7.45,1.0,15,94.63,13.83,0.0,12.08,323884.95,12.08,96.39,30.97,-16.21,65.3
2026-04-12 04:00:00,-31.47,6.0,7.37,1.0,15,88.81,10.88,0.0,11.47,323856.31,11.47,88.22,28.64,-13.78,55.4
2026-04-12 05:00:00,-31.31,6.0,9.01,1.0,15,94.61,15.83,0.0,29.76,323829.82,29.76,80.68,26.49,-10.99,62.7
2026-04-12 06:00:00,-30.41,6.0,10.38,1.0,15,88.95,10.82,0.0,55.23,323813.62,55.23,44.54,16.19,-8.02,62.7
2026-04-12 07:00:00,-30.29,6.0,9.23,1.0,15,92.97,20.91,0.0,33.11,323787.1,33.11,80.77,26.52,-5.08,58.5
2026-04-12 08:00:00,-29.45,6.0,8.96,1.0,15,91.49,14.09,0.0,29.1,323761.81,29.1,76.48,25.3,-2.35,57.7
2026-04-12 09:00:00,-28.64,6.0,10.63,1.0,15,88.93,24.35,0.0,61.04,323743.42,61.04,52.25,18.39,-0.0,63.1
2026-04-12 10:00:00,-27.58,6.0,8.31,1.0,15,87.9,22.97,5.58,20.55,323715.77,20.55,84.74,27.65,1.79,62.9
2026-04-12 11:00:00,-26.95,6.0,10.29,1.0,15,89.97,24.72,8.75,53.25,323697.25,53.25,52.7,18.52,2.92,70.7
2026-04-12 12:00:00,-26.29,6.0,8.85,1.0,15,88.6,22.07,9.99,27.53,323672.9,27.53,73.15,24.35,3.31,69.4
2026-04-12 13:00:00,-25.22,6.0,9.48,1.0,15,83.31,24.58,8.88,37.34,323651.82,37.34,61.67,21.08,2.92,62.7
2026-04-12 14:00:00,-25.12,6.0,9.55,1.0,15,79.78,22.25,5.58,38.55,323631.82,38.55,57.91,20.0,1.79,64.9
2026-04-12 15:00:00,-25.96,6.0,9.49,1.0,15,88.7,16.23,0.0,37.51,323609.11,37.51,67.42,22.71,-0.0,68.3
2026-04-12 16:00:00,-25.0,6.0,10.9,1.0,15,80.27,21.06,0.0,67.65,323596.01,67.65,33.69,13.1,-2.35,69.5
2026-04-12 17:00:00,-24.5,6.0,8.78,1.0,15,83.18,15.17,0.0,26.54,323572.04,26.54,71.8,23.96,-5.08,72.6
2026-04-12 18:00:00,-25.84,6.0,8.23,1.0,15,84.89,23.52,0.0,19.64,323543.24,19.64,88.77,28.8,-8.02,65.3
2026-04-12 19:00:00,-26.14,6.0,8.5,1.0,15,86.48,12.99,0.0,22.78,323517.89,22.78,76.68,25.35,-10.99,66.2
2026-04-12 20:00:00,-27.29,6.0,9.88,1.0,15,90.15,9.4,0.0,44.6,323498.73,44.6,54.94,19.16,-13.78,55.6
2026-04-12 21:00:00,-28.02,6.0,8.55,1.0,15,88.57,18.4,0.0,23.39,323471.41,23.39,83.58,27.32,-16.21,58.4
2026-04-12 22:00:00,-28.75,6.0,9.86,1.0,15,88.45,15.24,0.0,44.34,323451.0,44.34,59.34,20.41,-18.09,68.0
2026-04-12 23:00:00,-29.73,6.0,9.18,1.0,15,91.71,14.26,0.0,32.41,323426.53,32.41,73.57,24.47,-19.28,57.2
2026-04-13 00:00:00,-31.41,5.63,7.94,1.0,15,90.69,11.24,0.0,16.56,323398.7,16.56,85.37,27.83,-20.07,53.1
2026-04-13 01:00:00,-32.37,5.63,9.2,1.0,15,93.67,13.09,0.0,32.65,323374.08,32.65,74.11,24.62,-19.66,64.6
2026-04-13 02:00:00,-33.26,5.63,7.51,1.0,15,96.08,12.43,0.0,12.6,323343.25,12.6,95.91,30.83,-18.46,58.1
2026-04-13 03:00:00,-33.85,5.63,7.9,1.0,15,98.67,16.0,0.0,16.13,323311.66,16.13,98.54,31.58,-16.58,55.6
2026-04-13 04:00:00,-33.74,5.63,6.43,1.0,15,100.35,12.47,0.0,5.54,323277.59,5.54,107.29,34.08,-14.16,52.3
2026-04-13 05:00:00,-33.79,5.63,6.58,1.0,15,99.76,13.83,0.0,6.31,323243.51,6.31,107.28,34.07,-11.36,52.3
2026-04-13 06:00:00,-32.78,5.63,7.55,1.0,15,97.84,18.67,0.0,12.91,323210.49,12.91,103.59,33.02,-8.39,58.2
2026-04-13 07:00:00,-31.13,5.63,8.07,1.0,15,95.65,21.65,0.0,17.91,323178.66,17.91,99.39,31.83,-5.45,60.9
2026-04-13 08:00:00,-30.62,5.63,7.92,1.0,15,93.75,17.59,0.0,16.34,323148.09,16.34,95.0,30.57,-2.72,68.3
2026-04-13 09:00:00,-29.54,5.63,7.89,1.0,15,90.96,21.62,0.0,16.08,323117.08,16.08,96.5,31.0,-0.38,62.2
2026-04-13 10:00:00,-28.32,5.63,7.17,1.0,15,86.69,24.54,4.47,9.94,323085.99,9.94,96.82,31.09,1.42,62.2
2026-04-13 11:00:00,-27.17,5.63,7.45,1.0,15,87.18,19.93,7.79,12.08,323057.63,12.08,87.24,28.36,2.55,63.2
2026-04-13 12:00:00,-26.39,5.63,10.44,1.0,15,82.29,22.28,8.71,56.57,323042.93,56.57,39.29,14.7,2.93,53.9
2026-04-13 13:00:00,-25.37,5.63,11.52,1.0,15,83.18,17.54,7.2,84.77,323036.94,84.77,8.74,5.99,2.55,63.5
2026-04-13 14:00:00,-24.73,5.63,9.43,1.0,15,83.47,27.6,4.47,36.45,323013.45,36.45,70.15,23.49,1.42,69.6
2026-04-13 15:00:00,-25.36,5.63,7.27,1.0,15,84.44,20.42,0.0,10.71,322983.11,10.71,94.15,30.33,-0.38,66.4
2026-04-13 16:00:00,-24.94,5.63,10.02,1.0,15,82.28,21.48,0.0,47.49,322963.58,47.49,56.27,19.54,-2.72,70.2
2026-04-13 17:00:00,-24.75,5.63,9.73,1.0,15,79.58,16.48,0.0,41.89,322944.64,41.89,54.17,18.94,-5.45,71.8
2026-04-13 18:00:00,-25.78,5.63,9.57,1.0,15,83.72,15.01,0.0,38.86,322924.08,38.86,59.87,20.56,-8.39,57.4
2026-04-13 19:00:00,-26.48,5.63,10.47,1.0,15,85.48,15.02,0.0,57.19,322908.23,57.19,43.31,15.84,-11.36,61.9
2026-04-13 20:00:00,-26.91,5.63,9.32,1.0,15,87.12,13.72,0.0,34.71,322885.88,34.71,66.14,22.35,-14.16,69.8
2026-04-13 21:00:00,-27.95,5.63,9.08,1.0,15,89.84,20.42,0.0,30.82,322859.74,30.82,79.44,26.14,-16.58,64.6
2026-04-13 22:00:00,-28.21,5.63,11.92,1.0,15,88.04,14.09,0.0,97.47,322854.92,97.47,4.66,4.83,-18.46,63.1
2026-04-13 23:00:00,-27.64,5.63,11.65,1.0,15,86.99,14.93,0.0,88.66,322847.64,88.66,13.26,7.28,-19.66,69.4
2026-04-14 00:00:00,-29.36,5.25,9.56,1.0,15,89.09,12.96,0.0,38.68,322826.07,38.68,63.38,21.56,-20.44,59.0
2026-04-14 01:00:00,-30.77,5.25,7.98,1.0,15,92.54,13.14,0.0,16.9,322797.27,16.9,88.78,28.8,-20.03,58.3
2026-04-14 02:00:00,-30.95,5.25,7.14,1.0,15,95.03,14.94,0.0,9.74,322765.2,9.74,100.23,32.07,-18.84,57.8
2026-04-14 03:00:00,-30.65,5.25,8.66,1.0,15,90.21,13.21,0.0,24.93,322739.33,24.93,78.49,25.87,-16.95,55.4
2026-04-14 04:00:00,-30.7,5.25,7.97,1.0,15,88.26,18.46,0.0,16.81,322710.21,16.81,89.91,29.12,-14.52,60.9
2026-04-14 05:00:00,-29.49,5.25,6.15,1.0,15,91.17,12.86,0.0,4.28,322678.28,4.28,99.75,31.93,-11.73,63.8
2026-04-14 06:00:00,-29.77,5.25,9.37,1.0,15,93.73,20.15,0.0,35.4,322652.41,35.4,78.48,25.87,-8.76,57.4
2026-04-14 07:00:00,-28.65,5.25,8.0,1.0,15,90.08,21.17,0.0,17.11,322622.08,17.11,94.14,30.33,-5.82,63.0
2026-04-14 08:00:00,-28.2,5.25,6.02,1.0,15,86.53,25.0,0.0,3.78,322587.87,3.78,107.75,34.21,-3.09,60.9
2026-04-14 09:00:00,-26.27,5.25,5.87,1.0,15,85.49,14.45,0.0,3.24,322556.81,3.24,96.7,31.06,-0.75,64.9
2026-04-14 10:00:00,-24.2,5.25,5.75,1.0,15,82.63,24.39,3.35,2.86,322524.58,2.86,100.82,32.23,1.05,74.1
2026-04-14 11:00:00,-23.87,5.25,6.32,1.0,15,83.58,20.42,6.7,5.03,322494.78,5.03,92.27,29.8,2.17,67.5
2026-04-14 12:00:00,-23.53,5.25,9.18,1.0,15,79.56,25.53,7.82,32.42,322472.8,32.42,64.84,21.98,2.56,67.9
2026-04-14 13:00:00,-22.49,5.25,10.83,1.0,15,83.32,25.08,6.42,65.93,322459.03,65.93,36.04,13.77,2.17,78.3
2026-04-14 14:00:00,-22.42,5.25,10.07,1.0,15,78.84,18.58,3.33,48.48,322442.53,48.48,45.61,16.5,1.05,65.6
2026-04-14 15:00:00,-22.37,5.25,9.37,1.0,15,78.23,21.82,0.0,35.43,322420.62,35.43,64.62,21.92,-0.75,71.3
2026-04-14 16:00:00,-22.52,5.25,9.37,1.0,15,80.54,17.74,0.0,35.43,322399.21,35.43,62.84,21.41,-3.09,65.5
2026-04-14 17:00:00,-24.07,5.25,8.28,1.0,15,79.24,15.59,0.0,20.23,322374.45,20.23,74.6,24.76,-5.82,70.9
2026-04-14 18:00:00,-24.66,5.25,6.63,1.0,15,87.74,10.86,0.0,6.55,322344.71,6.55,92.05,29.73,-8.76,62.0
2026-04-14 19:00:00,-25.82,5.25,9.64,1.0,15,86.05,19.57,0.0,40.13,322322.55,40.13,65.49,22.16,-11.73,64.0
2026-04-14 20:00:00,-26.98,5.25,8.26,1.0,15,86.2,13.98,0.0,19.96,322296.18,19.96,80.22,26.36,-14.52,62.0
2026-04-14 21:00:00,-27.02,5.25,7.32,1.0,15,84.72,10.17,0.0,11.07,322268.8,11.07,83.82,27.39,-16.95,59.5
2026-04-14 22:00:00,-28.71,5.25,7.62,1.0,15,89.09,13.85,0.0,13.48,322239.8,13.48,89.46,29.0,-18.84,52.8
2026-04-14 23:00:00,-29.08,5.25,7.89,1.0,15,92.21,13.22,0.0,16.05,322210.83,16.05,89.38,28.97,-20.03,65.2
2026-04-15 00:00:00,-30.48,4.84,6.06,1.0,15,91.4,10.14,0.0,3.94,322179.51,3.94,97.6,31.32,-20.81,59.0
2026-04-15 01:00:00,-31.22,4.84,5.54,1.0,15,91.73,10.2,0.0,2.26,322147.61,2.26,99.67,31.91,-20.4,60.2
2026-04-15 02:00:00,-31.11,4.84,6.02,1.0,15,94.77,16.22,0.0,3.79,322113.55,3.79,107.2,34.05,-19.21,61.0
2026-04-15 03:00:00,-31.04,4.84,7.48,1.0,15,90.81,13.95,0.0,12.34,322083.71,12.34,92.42,29.84,-17.32,54.4
2026-04-15 04:00:00,-30.6,4.84,6.88,1.0,15,92.95,12.31,0.0,8.01,322052.5,8.01,97.25,31.22,-14.89,60.1
2026-04-15 05:00:00,-29.7,4.84,7.13,1.0,15,91.94,14.19,0.0,9.67,322021.51,9.67,96.46,30.99,-12.09,53.8
2026-04-15 06:00:00,-29.38,4.84,7.78,1.0,15,91.38,15.4,0.0,14.97,321991.84,14.97,91.82,29.67,-9.12,60.7
2026-04-15 07:00:00,-29.06,4.84,9.91,1.0,15,90.99,12.63,0.0,45.25,321971.7,45.25,58.37,20.14,-6.18,70.7
2026-04-15 08:00:00,-28.9,4.84,8.96,1.0,15,87.7,21.58,0.0,29.09,321945.35,29.09,80.18,26.35,-3.45,60.6
2026-04-15 09:00:00,-28.51,4.84,7.55,1.0,15,88.77,18.59,0.0,12.95,321914.94,12.95,94.41,30.41,-1.11,57.9
2026-04-15 10:00:00,-25.83,4.84,7.84,1.0,15,84.48,20.42,2.21,15.54,321886.61,15.54,87.15,28.34,0.68,63.2
2026-04-15 11:00:00,-24.27,4.84,9.06,1.0,15,82.92,23.83,5.61,30.57,321863.0,30.57,70.57,23.61,1.8,74.6
2026-04-15 12:00:00,-24.41,4.84,7.51,1.0,15,78.87,26.31,6.74,12.61,321835.03,12.61,85.83,27.96,2.19,64.4
2026-04-15 13:00:00,-24.68,4.84,7.59,1.0,15,80.18,22.75,5.61,13.25,321807.57,13.25,84.07,27.46,1.8,58.7
2026-04-15 14:00:00,-24.06,4.84,5.84,1.0,15,87.05,17.61,2.21,3.13,321775.77,3.13,99.32,31.81,0.68,57.8
2026-04-15 15:00:00,-23.64,4.84,4.74,1.0,15,83.24,18.94,0.0,0.72,321743.36,0.72,101.45,32.41,-1.11,65.2
2026-04-15 16:00:00,-23.46,4.84,5.81,1.0,15,80.89,18.54,0.0,3.04,321712.38,3.04,96.4,30.97,-3.45,71.5
2026-04-15 17:00:00,-23.99,4.84,5.94,1.0,15,82.36,12.17,0.0,3.48,321682.93,3.48,91.06,29.45,-6.18,69.2
2026-04-15 18:00:00,-24.66,4.84,8.26,1.0,15,87.66,17.93,0.0,19.99,321655.04,19.99,85.6,27.9,-9.12,72.0
2026-04-15 19:00:00,-25.22,4.84,8.75,1.0,15,79.96,17.31,0.0,26.12,321631.26,26.12,71.15,23.78,-12.09,69.2
2026-04-15 20:00:00,-26.04,4.84,8.57,1.0,15,85.61,14.53,0.0,23.76,321605.99,23.76,76.38,25.27,-14.89,65.5
2026-04-15 21:00:00,-28.32,4.84,8.29,1.0,15,88.14,10.81,0.0,20.3,321580.07,20.3,78.65,25.92,-17.32,50.6
2026-04-15 22:00:00,-29.38,4.84,8.39,1.0,15,93.27,13.54,0.0,21.51,321552.27,21.51,85.29,27.81,-19.21,69.9
2026-04-15 23:00:00,-30.75,4.84,6.62,1.0,15,93.92,15.97,0.0,6.52,321519.3,6.52,103.38,32.96,-20.4,54.7
2026-04-16 00:00:00,-31.85,4.4,9.12,1.0,15,99.13,12.25,0.0,31.45,321493.02,31.45,79.93,26.28,-21.18,72.7
2026-04-16 01:00:00,-30.61,4.4,13.84,1.0,15,94.24,15.29,0.0,100.0,321486.81,100.0,9.53,6.22,-20.77,58.2
2026-04-16 02:00:00,-30.77,4.4,11.24,1.0,15,91.72,14.2,0.0,76.76,321475.0,76.76,29.15,11.81,-19.57,58.3
2026-04-16 03:00:00,-31.11,4.4,9.12,1.0,15,92.7,8.0,0.0,31.42,321451.75,31.42,69.28,23.25,-17.68,59.0
2026-04-16 04:00:00,-30.46,4.4,7.71,1.0,15,93.73,12.7,0.0,14.32,321422.0,14.32,92.11,29.75,-15.25,62.2
2026-04-16 05:00:00,-29.86,4.4,8.59,1.0,15,94.48,16.9,0.0,23.95,321393.58,23.95,87.44,28.42,-12.45,55.7
2026-04-16 06:00:00,-29.09,4.4,9.22,1.0,15,88.54,16.9,0.0,33.01,321369.44,33.01,72.43,24.14,-9.48,58.8
2026-04-16 07:00:00,-28.05,4.4,10.63,1.0,15,89.04,20.49,0.0,60.85,321352.07,60.85,48.68,17.37,-6.54,68.6
2026-04-16 08:00:00,-26.01,4.4,11.08,1.0,15,81.01,19.46,0.0,72.33,321340.55,72.33,28.14,11.52,-3.81,72.2
2026-04-16 09:00:00,-25.86,4.4,10.22,1.0,15,84.43,21.63,0.0,51.65,321321.54,51.65,54.41,19.01,-1.48,60.1
2026-04-16 10:00:00,-24.72,4.4,10.19,1.0,15,87.11,19.62,1.04,51.05,321302.47,51.05,54.64,19.07,0.31,68.1
2026-04-16 11:00:00,-24.5,4.4,10.48,1.0,15,86.31,22.88,4.41,57.37,321285.46,57.37,47.42,17.01,1.44,64.0
2026-04-16 12:00:00,-23.49,4.4,10.01,1.0,15,83.05,19.24,5.65,47.26,321267.88,47.26,49.38,17.57,1.82,69.9
2026-04-16 13:00:00,-23.54,4.4,9.55,1.0,15,85.4,24.49,4.52,38.5,321245.33,38.5,66.88,22.56,1.44,62.9
2026-04-16 14:00:00,-23.49,4.4,9.84,1.0,15,80.83,21.44,1.05,43.86,321225.48,43.86,57.35,19.85,0.31,71.0
2026-04-16 15:00:00,-23.59,4.4,9.71,1.0,15,81.42,16.04,0.0,41.5,321206.03,41.5,55.96,19.45,-1.48,66.6
2026-04-16 16:00:00,-23.16,4.4,9.95,1.0,15,80.28,18.06,0.0,46.09,321187.64,46.09,52.26,18.39,-3.81,65.2
2026-04-16 17:00:00,-23.0,4.4,10.0,1.0,15,82.09,25.17,0.0,47.07,321166.98,47.07,60.19,20.66,-6.54,67.6
2026-04-16 18:00:00,-24.36,4.4,10.48,1.0,15,89.18,15.93,0.0,57.35,321149.87,57.35,47.76,17.11,-9.48,74.0
2026-04-16 19:00:00,-25.09,4.4,10.49,1.0,15,84.7,14.41,0.0,57.72,321134.58,57.72,41.39,15.3,-12.45,65.7
2026-04-16 20:00:00,-26.41,4.4,10.05,1.0,15,83.42,11.97,0.0,47.98,321117.56,47.98,47.41,17.01,-15.25,66.6
2026-04-16 21:00:00,-28.11,4.4,10.35,1.0,15,86.14,10.08,0.0,54.37,321102.14,54.37,41.86,15.43,-17.68,64.4
2026-04-16 22:00:00,-29.17,4.4,9.7,1.0,15,88.3,9.97,0.0,41.19,321082.37,41.19,57.07,19.77,-19.57,63.6
2026-04-16 23:00:00,-30.22,4.4,8.51,1.0,15,90.06,18.95,0.0,22.96,321054.35,22.96,86.05,28.02,-20.77,68.4
2026-04-17 00:00:00,-29.98,3.93,6.2,1.0,15,89.49,14.0,0.0,4.5,321022.63,4.5,98.99,31.71,-21.55,66.7
2026-04-17 01:00:00,-30.32,3.93,7.12,1.0,15,92.47,8.66,0.0,9.62,320993.05,9.62,91.51,29.58,-21.14,55.5
2026-04-17 02:00:00,-31.54,3.93,7.9,1.0,15,90.75,12.96,0.0,16.1,320964.59,16.1,87.6,28.47,-19.94,64.1
2026-04-17 03:00:00,-32.03,3.93,11.17,1.0,15,95.73,16.4,0.0,74.69,320950.42,74.69,37.44,14.17,-18.04,69.0
2026-04-17 04:00:00,-31.32,3.93,9.98,1.0,15,95.72,15.52,0.0,46.7,320928.52,46.7,64.54,21.9,-15.61,60.3
2026-04-17 05:00:00,-29.74,3.93,9.25,1.0,15,89.73,11.21,0.0,33.46,320905.79,33.46,67.48,22.73,-12.81,67.0
2026-04-17 06:00:00,-30.19,3.93,8.04,1.0,15,92.56,18.45,0.0,17.57,320875.66,17.57,93.44,30.13,-9.84,48.5
2026-04-17 07:00:00,-30.64,3.93,6.57,1.0,15,93.95,17.76,0.0,6.25,320842.11,6.25,105.46,33.56,-6.9,57.2
2026-04-17 08:00:00,-28.68,3.93,8.29,1.0,15,91.39,19.39,0.0,20.29,320812.82,20.29,90.49,29.29,-4.17,75.5
2026-04-17 09:00:00,-27.58,3.93,7.54,1.0,15,87.99,25.24,0.0,12.8,320780.69,12.8,100.43,32.12,-1.84,68.1
2026-04-17 10:00:00,-27.23,3.93,8.26,1.0,15,85.13,20.34,0.0,19.96,320752.82,19.96,85.51,27.87,-0.05,65.7
2026-04-17 11:00:00,-26.1,3.93,9.09,1.0,15,85.69,19.52,3.42,31.06,320729.17,31.06,70.73,23.66,1.07,74.6
2026-04-17 12:00:00,-27.0,3.93,8.88,1.0,15,86.5,16.86,4.57,27.86,320705.45,27.86,70.93,23.71,1.45,59.2
2026-04-17 13:00:00,-26.45,3.93,10.59,1.0,15,86.3,19.54,3.32,60.05,320689.85,60.05,42.48,15.61,1.07,71.5
2026-04-17 14:00:00,-25.91,3.93,9.85,1.0,15,82.98,18.14,0.0,44.16,320670.11,44.16,56.96,19.73,-0.05,61.3
2026-04-17 15:00:00,-25.25,3.93,8.78,1.0,15,80.79,13.96,0.0,26.48,320647.16,26.48,68.27,22.96,-1.84,66.5
2026-04-17 16:00:00,-26.0,3.93,10.69,1.0,15,80.86,20.76,0.0,62.41,320632.48,62.41,39.22,14.68,-4.17,57.4
2026-04-17 17:00:00,-26.31,3.93,11.77,1.0,15,81.92,19.18,0.0,92.66,320626.58,92.66,8.43,5.9,-6.9,63.4
2026-04-17 18:00:00,-27.43,3.93,9.69,1.0,15,83.51,16.43,0.0,41.12,320606.31,41.12,58.82,20.26,-9.84,71.0
2026-04-17 19:00:00,-28.01,3.93,7.43,1.0,15,90.67,12.35,0.0,11.9,320576.84,11.9,91.11,29.47,-12.81,61.4
2026-04-17 20:00:00,-29.4,3.93,6.24,1.0,15,91.12,15.0,0.0,4.68,320544.43,4.68,101.44,32.41,-15.61,65.4
2026-04-17 21:00:00,-30.55,3.93,6.21,1.0,15,92.44,15.2,0.0,4.52,320511.54,4.52,103.12,32.89,-18.04,59.7
2026-04-17 22:00:00,-32.05,3.93,9.96,1.0,15,93.92,18.2,0.0,46.33,320489.29,46.33,65.79,22.25,-19.94,63.1
2026-04-17 23:00:00,-32.48,3.93,9.81,1.0,15,91.14,13.94,0.0,43.26,320468.17,43.26,61.83,21.12,-21.14,64.4
2026-04-18 00:00:00,-33.17,3.39,9.05,1.0,15,97.26,14.28,0.0,30.4,320441.55,30.4,81.13,26.62,-21.91,56.7
2026-04-18 01:00:00,-33.86,3.39,10.82,1.0,15,97.99,13.4,0.0,65.6,320425.0,65.6,45.79,16.55,-21.5,55.3
2026-04-18 02:00:00,-34.19,3.39,10.05,1.0,15,98.09,12.32,0.0,48.03,320403.72,48.03,62.38,21.28,-20.3,57.3
2026-04-18 03:00:00,-35.18,3.39,9.02,1.0,15,97.83,15.66,0.0,30.0,320376.37,30.0,83.5,27.35,-18.4,56.5
2026-04-18 04:00:00,-35.22,3.39,11.38,1.0,15,98.07,14.09,0.0,80.67,320363.83,80.67,31.49,12.54,-15.97,48.5
2026-04-18 05:00:00,-34.88,3.39,12.18,1.0,15,100.22,14.9,0.0,100.0,320356.02,100.0,15.12,7.81,-13.17,60.5
2026-04-18 06:00:00,-32.73,3.39,12.71,1.0,15,94.04,15.41,0.0,100.0,320349.83,100.0,9.44,6.19,-10.2,62.4
2026-04-18 07:00:00,-32.68,3.39,11.6,1.0,15,97.99,16.78,0.0,87.36,320338.52,87.36,27.41,11.31,-7.26,51.5
2026-04-18 08:00:00,-30.95,3.39,11.97,1.0,15,96.48,19.76,0.0,99.07,320330.12,99.07,17.18,8.4,-4.53,66.0
2026-04-18 09:00:00,-29.45,3.39,9.9,1.0,15,93.1,21.55,0.0,45.0,320306.77,45.0,69.65,23.35,-2.2,60.9
2026-04-18 10:00:00,-28.39,3.39,9.81,1.0,15,89.21,18.24,0.0,43.37,320285.01,43.37,64.08,21.76,-0.41,65.4
2026-04-18 11:00:00,-26.5,3.39,12.93,1.0,15,85.87,21.99,1.97,100.0,320279.83,100.0,5.89,5.18,0.71,63.9
2026-04-18 12:00:00,-25.59,3.39,11.0,1.0,15,84.88,19.1,3.31,70.24,320267.65,70.24,30.44,12.17,1.09,67.4
2026-04-18 13:00:00,-24.83,3.39,11.57,1.0,15,84.99,23.25,2.13,86.28,320258.5,86.28,19.83,9.15,0.71,67.0
2026-04-18 14:00:00,-24.56,3.39,10.71,1.0,15,86.26,24.81,0.0,62.89,320241.27,62.89,48.18,17.23,-0.41,71.0
2026-04-18 15:00:00,-23.74,3.39,8.27,1.0,15,83.01,21.33,0.0,20.11,320213.76,20.11,84.24,27.51,-2.2,67.2
2026-04-18 16:00:00,-23.25,3.39,9.45,1.0,15,77.29,17.8,0.0,36.87,320193.67,36.87,58.22,20.09,-4.53,71.3
2026-04-18 17:00:00,-24.03,3.39,8.05,1.0,15,80.21,20.74,0.0,17.71,320166.44,17.71,83.24,27.22,-7.26,74.1
2026-04-18 18:00:00,-25.44,3.39,8.72,1.0,15,84.1,12.79,0.0,25.64,320142.63,25.64,71.25,23.81,-10.2,65.5
2026-04-18 19:00:00,-26.33,3.39,7.14,1.0,15,87.98,16.24,0.0,9.74,320112.21,9.74,94.48,30.43,-13.17,63.9
2026-04-18 20:00:00,-27.69,3.39,10.12,1.0,15,92.97,22.73,0.0,49.47,320089.83,49.47,66.23,22.38,-15.97,67.0
2026-04-18 21:00:00,-28.67,3.39,8.99,1.0,15,89.59,10.68,0.0,29.52,320066.17,29.52,70.76,23.67,-18.4,53.2
2026-04-18 22:00:00,-28.85,3.39,7.95,1.0,15,91.19,11.93,0.0,16.66,320038.02,16.66,86.47,28.14,-20.3,59.0
2026-04-18 23:00:00,-30.01,3.39,6.81,1.0,15,88.12,12.24,0.0,7.59,320008.08,7.59,92.77,29.94,-21.5,57.9
2026-04-19 00:00:00,-31.29,2.77,9.87,1.0,15,91.95,9.55,0.0,44.43,319988.32,44.43,57.06,19.76,-22.27,64.3
2026-04-19 01:00:00,-31.84,2.77,10.35,1.0,15,95.14,10.65,0.0,54.46,319970.19,54.46,51.33,18.13,-21.86,61.9
2026-04-19 02:00:00,-31.71,2.77,10.83,1.0,15,89.64,12.99,0.0,65.9,319956.23,65.9,36.73,13.97,-20.65,67.6
2026-04-19 03:00:00,-33.23,2.77,10.22,1.0,15,97.05,18.15,0.0,51.55,319934.59,51.55,63.65,21.64,-18.76,66.1
2026-04-19 04:00:00,-33.5,2.77,9.69,1.0,15,96.09,15.69,0.0,41.09,319910.94,41.09,70.69,23.65,-16.32,50.1
2026-04-19 05:00:00,-33.04,2.77,7.96,1.0,15,96.3,18.7,0.0,16.76,319879.44,16.76,98.24,31.5,-13.52,51.8
2026-04-19 06:00:00,-31.77,2.77,8.38,1.0,15,92.67,19.01,0.0,21.38,319850.21,21.38,90.3,29.24,-10.55,61.4
2026-04-19 07:00:00,-31.37,2.77,7.59,1.0,15,94.77,18.71,0.0,13.28,319818.15,13.28,100.2,32.06,-7.61,53.7
2026-04-19 08:00:00,-31.68,2.77,11.1,1.0,15,96.43,13.38,0.0,72.83,319804.11,72.83,36.98,14.04,-4.89,51.4
2026-04-19 09:00:00,-30.41,2.77,11.65,1.0,15,93.77,24.52,0.0,88.78,319792.2,88.78,29.52,11.91,-2.56,58.5
2026-04-19 10:00:00,-29.89,2.77,10.5,1.0,15,92.91,23.48,0.0,57.95,319772.04,57.95,58.44,20.16,-0.77,52.2
2026-04-19 11:00:00,-29.77,2.77,8.73,1.0,15,92.4,21.95,1.18,25.83,319743.65,25.83,87.34,28.39,0.35,57.5
2026-04-19 12:00:00,-29.42,2.77,9.9,1.0,15,90.56,17.68,2.38,45.02,319722.81,45.02,60.84,20.84,0.73,66.5
2026-04-19 13:00:00,-28.96,2.77,8.17,1.0,15,88.93,16.72,1.18,18.93,319694.93,18.93,85.55,27.88,0.35,60.8
2026-04-19 14:00:00,-28.96,2.77,7.22,1.0,15,91.93,16.8,0.0,10.3,319663.38,10.3,98.42,31.55,-0.77,70.8
2026-04-19 15:00:00,-30.16,2.77,6.63,1.0,15,89.8,17.62,0.0,6.55,319631.13,6.55,100.86,32.24,-2.56,59.5
2026-04-19 16:00:00,-29.7,2.77,7.42,1.0,15,92.13,19.85,0.0,11.83,319599.09,11.83,100.15,32.04,-4.89,65.5
2026-04-19 17:00:00,-29.25,2.77,8.97,1.0,15,91.37,16.92,0.0,29.18,319573.04,29.18,79.11,26.05,-7.61,60.4
2026-04-19 18:00:00,-29.39,2.77,8.25,1.0,15,88.25,16.78,0.0,19.86,319545.27,19.86,85.16,27.77,-10.55,61.9
2026-04-19 19:00:00,-30.79,2.77,6.8,1.0,15,90.65,17.0,0.0,7.54,319513.24,7.54,100.1,32.03,-13.52,59.9
2026-04-19 20:00:00,-31.73,2.77,7.22,1.0,15,95.31,18.18,0.0,10.29,319480.33,10.29,103.2,32.91,-16.32,64.0
2026-04-19 21:00:00,-32.62,2.77,8.63,1.0,15,96.03,11.43,0.0,24.43,319453.17,24.43,83.03,27.16,-18.76,64.2
2026-04-19 22:00:00,-33.14,2.77,7.67,1.0,15,97.16,8.0,0.0,13.99,319423.68,13.99,91.17,29.48,-20.65,70.5
2026-04-19 23:00:00,-33.57,2.77,6.98,1.0,15,96.55,10.49,0.0,8.67,319392.14,8.67,98.37,31.54,-21.86,59.9
2026-04-20 00:00:00,-35.21,1.98,10.01,1.0,15,102.94,14.71,0.0,47.28,319368.52,47.28,70.38,23.62,-22.63,61.3
2026-04-20 01:00:00,-35.7,1.98,12.29,1.0,15,101.63,15.41,0.0,100.0,319359.96,100.0,17.04,8.57,-22.21,53.1
2026-04-20 02:00:00,-35.76,1.98,15.06,1.0,15,103.38,15.48,0.0,100.0,319350.86,100.0,18.86,9.1,-21.01,61.6
2026-04-20 03:00:00,-34.98,1.98,14.54,1.0,15,98.64,11.23,0.0,100.0,319344.54,100.0,9.88,6.32,-19.11,58.9
2026-04-20 04:00:00,-34.44,1.98,11.77,1.0,15,100.58,15.23,0.0,92.49,319334.4,92.49,23.31,10.14,-16.67,45.9
2026-04-20 05:00:00,-33.62,1.98,9.88,1.0,15,96.42,19.9,0.0,44.68,319310.48,44.68,71.64,23.92,-13.87,55.4
2026-04-20 06:00:00,-33.03,1.98,8.99,1.0,15,95.47,18.75,0.0,29.5,319282.83,29.5,84.72,27.65,-10.9,49.9
2026-04-20 07:00:00,-31.47,1.98,8.28,1.0,15,91.08,12.39,0.0,20.19,319255.6,20.19,83.29,27.24,-7.96,57.7
2026-04-20 08:00:00,-30.4,1.98,11.1,1.0,15,93.13,18.6,0.0,72.78,319241.0,72.78,38.94,14.6,-5.24,63.7
2026-04-20 09:00:00,-30.05,1.98,11.61,1.0,15,89.32,18.67,0.0,87.47,319231.65,87.47,20.53,9.35,-2.91,61.0
2026-04-20 10:00:00,-28.32,1.98,11.65,1.0,15,87.54,15.91,0.0,88.69,319223.94,88.69,14.76,7.71,-1.13,66.8
2026-04-20 11:00:00,-27.09,1.98,9.69,1.0,15,84.01,25.25,0.0,41.1,319201.02,41.1,68.16,22.93,-0.01,52.9
2026-04-20 12:00:00,-26.67,1.98,11.47,1.0,15,82.17,17.12,1.17,83.43,319193.33,83.43,14.68,7.68,0.37,69.8
2026-04-20 13:00:00,-26.44,1.98,12.1,1.0,15,85.8,20.54,0.0,100.0,319188.02,100.0,6.34,5.31,-0.01,66.4
2026-04-20 14:00:00,-25.94,1.98,9.93,1.0,15,83.64,24.32,0.0,45.58,319166.74,45.58,62.38,21.28,-1.13,59.2
2026-04-20 15:00:00,-25.58,1.98,11.3,1.0,15,85.37,17.05,0.0,78.46,319156.41,78.46,23.97,10.33,-2.91,65.7
2026-04-20 16:00:00,-25.62,1.98,9.77,1.0,15,84.59,18.65,0.0,42.53,319135.61,42.53,60.72,20.8,-5.24,76.7
2026-04-20 17:00:00,-25.82,1.98,7.87,1.0,15,87.32,19.13,0.0,15.8,319106.27,15.8,90.65,29.34,-7.96,73.0
2026-04-20 18:00:00,-25.39,1.98,8.68,1.0,15,88.59,14.1,0.0,25.19,319080.69,25.19,77.5,25.59,-10.9,74.3
2026-04-20 19:00:00,-25.52,1.98,9.26,1.0,15,87.08,13.61,0.0,33.6,319058.07,33.6,67.1,22.62,-13.87,64.8
2026-04-20 20:00:00,-26.31,1.98,7.58,1.0,15,85.85,15.15,0.0,13.14,319029.52,13.14,87.87,28.54,-16.67,70.9
2026-04-20 21:00:00,-26.72,1.98,7.27,1.0,15,87.89,15.23,0.0,10.69,318999.68,10.69,92.43,29.84,-19.11,71.5
2026-04-20 22:00:00,-28.32,1.98,11.66,1.0,15,91.78,15.26,0.0,89.05,318991.05,89.05,17.99,8.63,-21.01,58.5
2026-04-20 23:00:00,-28.99,1.98,11.48,1.0,15,88.82,10.0,0.0,83.74,318983.26,83.74,15.07,7.8,-22.21,69.7
2026-04-21 00:00:00,-29.17,0.47,11.59,1.0,15,92.18,8.03,0.0,86.85,318975.95,86.85,13.36,7.31,-22.98,68.4
2026-04-21 01:00:00,-29.94,0.47,9.75,1.0,15,94.27,15.46,0.0,42.25,318953.22,42.25,67.48,22.73,-22.57,59.2
2026-04-21 02:00:00,-30.87,0.47,7.84,1.0,15,93.04,16.64,0.0,15.58,318922.9,15.58,94.09,30.32,-21.36,62.3
2026-04-21 03:00:00,-31.46,0.47,7.32,1.0,15,94.79,21.1,0.0,11.02,318889.51,11.02,104.87,33.39,-19.46,68.2
2026-04-21 04:00:00,-32.06,0.47,6.84,1.0,15,99.19,23.64,0.0,7.75,318853.22,7.75,115.08,36.3,-17.02,60.7
2026-04-21 05:00:00,-32.23,0.47,6.44,1.0,15,93.58,20.62,0.0,5.6,318818.76,5.6,108.61,34.45,-14.22,65.2
2026-04-21 06:00:00,-31.94,0.47,6.0,1.0,15,93.92,13.4,0.0,3.71,318785.73,3.71,103.61,33.03,-11.25,58.7
2026-04-21 07:00:00,-32.1,0.47,7.04,1.0,15,95.99,17.09,0.0,9.01,318752.58,9.01,104.06,33.16,-8.31,55.4
2026-04-21 08:00:00,-31.28,0.47,6.92,1.0,15,91.53,20.68,0.0,8.25,318719.45,8.25,103.97,33.13,-5.59,55.5
2026-04-21 09:00:00,-29.85,0.47,8.8,1.0,15,91.11,21.07,0.0,26.81,318691.61,26.81,85.37,27.83,-3.26,61.2
2026-04-21 10:00:00,-29.53,0.47,7.65,1.0,15,88.09,19.89,0.0,13.81,318661.28,13.81,94.17,30.34,-1.48,65.0
2026-04-21 11:00:00,-27.79,0.47,7.82,1.0,15,83.91,24.82,0.0,15.4,318631.18,15.4,93.32,30.1,-0.36,55.4
2026-04-21 12:00:00,-26.79,0.47,5.96,1.0,15,87.06,19.52,0.08,3.54,318598.34,3.54,102.96,32.84,0.02,74.5
2026-04-21 13:00:00,-25.66,0.47,6.67,1.0,15,81.84,21.52,0.0,6.79,318567.32,6.79,96.57,31.02,-0.36,71.1
2026-04-21 14:00:00,-25.76,0.47,5.5,1.0,15,82.89,20.63,0.0,2.15,318534.92,2.15,101.37,32.39,-1.48,68.3
2026-04-21 15:00:00,-25.16,0.47,9.62,1.0,15,86.26,21.12,0.0,39.86,318512.18,39.86,67.52,22.74,-3.26,70.2
2026-04-21 16:00:00,-25.99,0.47,10.56,1.0,15,85.66,20.4,0.0,59.36,318495.37,59.36,46.7,16.81,-5.59,62.3
2026-04-21 17:00:00,-25.85,0.47,9.99,1.0,15,84.98,15.09,0.0,46.9,318476.72,46.9,53.16,18.65,-8.31,58.2
2026-04-21 18:00:00,-26.35,0.47,8.06,1.0,15,85.02,8.1,0.0,17.74,318451.74,17.74,75.37,24.98,-11.25,67.3
2026-04-21 19:00:00,-26.79,0.47,8.57,1.0,15,89.9,13.95,0.0,23.7,318425.4,23.7,80.14,26.34,-14.22,70.1
2026-04-21 20:00:00,-28.39,0.47,9.64,1.0,15,93.93,15.0,0.0,40.24,318402.32,40.24,68.69,23.08,-17.02,61.2
2026-04-21 21:00:00,-29.88,0.47,8.28,1.0,15,92.65,14.81,0.0,20.19,318373.95,20.19,87.26,28.37,-19.46,57.9
2026-04-21 22:00:00,-30.46,0.47,8.64,1.0,15,86.42,11.06,0.0,24.6,318349.68,24.6,72.88,24.27,-21.36,59.4
2026-04-21 23:00:00,-31.91,0.47,10.0,1.0,15,94.39,13.77,0.0,46.97,318328.74,46.97,61.19,20.94,-22.57,63.5
2026-04-22 00:00:00,-30.77,0.0,10.71,1.0,15,90.36,13.7,0.0,62.9,318313.51,62.9,41.17,15.23,-23.33,64.9
2026-04-22 01:00:00,-31.71,0.0,11.41,1.0,15,93.16,10.91,0.0,81.6,318303.6,81.6,22.46,9.9,-22.91,70.3
2026-04-22 02:00:00,-31.27,0.0,12.43,1.0,15,94.52,12.41,0.0,100.0,318298.13,100.0,6.93,5.48,-21.71,63.8
2026-04-22 03:00:00,-32.06,0.0,13.76,1.0,15,94.92,9.72,0.0,100.0,318293.31,100.0,4.64,4.82,-19.81,56.8
2026-04-22 04:00:00,-31.72,0.0,11.98,1.0,15,91.15,8.37,0.0,99.46,318289.79,99.46,0.07,3.52,-17.36,59.7
2026-04-22 05:00:00,-31.31,0.0,11.29,1.0,15,92.01,19.0,0.0,78.06,318276.9,78.06,32.95,12.89,-14.56,56.3
2026-04-22 06:00:00,-31.67,0.0,11.75,1.0,15,96.62,17.1,0.0,91.97,318267.2,91.97,21.75,9.7,-11.59,66.8
2026-04-22 07:00:00,-31.23,0.0,11.63,1.0,15,96.9,16.64,0.0,88.18,318256.47,88.18,25.37,10.73,-8.65,56.0
2026-04-22 08:00:00,-30.97,0.0,15.07,1.0,15,96.01,19.89,0.0,100.0,318248.44,100.0,15.9,8.03,-5.93,58.9
2026-04-22 09:00:00,-31.19,0.0,11.13,1.0,15,90.37,21.08,0.0,73.69,318234.18,73.69,37.76,14.26,-3.61,64.0
2026-04-22 10:00:00,-31.68,0.0,9.93,1.0,15,93.33,26.45,0.0,45.74,318209.58,45.74,74.04,24.6,-1.83,69.2
2026-04-22 11:00:00,-32.75,0.0,8.82,1.0,15,94.16,24.87,0.0,27.09,318179.88,27.09,91.94,29.7,-0.71,74.7
2026-04-22 12:00:00,-32.42,0.0,7.96,1.0,15,96.72,22.05,0.0,16.77,318147.31,16.77,102.0,32.57,-0.33,54.0
2026-04-22 13:00:00,-33.28,0.0,7.2,1.0,15,95.94,27.28,0.0,10.18,318111.59,10.18,113.04,35.72,-0.71,63.2
2026-04-22 14:00:00,-33.15,0.0,8.43,1.0,15,94.15,20.12,0.0,22.0,318081.79,22.0,92.28,29.8,-1.83,60.0
2026-04-22 15:00:00,-33.28,0.0,6.93,1.0,15,99.83,23.32,0.0,8.35,318045.57,8.35,114.81,36.22,-3.61,58.8
2026-04-22 16:00:00,-32.86,0.0,8.39,1.0,15,94.67,17.16,0.0,21.49,318016.32,21.49,90.33,29.24,-5.93,58.9
2026-04-22 17:00:00,-33.09,0.0,9.21,1.0,15,98.51,17.83,0.0,32.9,317989.05,32.9,83.43,27.28,-8.65,54.0
2026-04-22 18:00:00,-33.35,0.0,8.2,1.0,15,95.36,18.51,0.0,19.28,317958.59,19.28,94.59,30.46,-11.59,68.3
2026-04-22 19:00:00,-33.0,0.0,7.48,1.0,15,97.89,15.99,0.0,12.36,317926.16,12.36,101.51,32.43,-14.56,49.8
2026-04-22 20:00:00,-32.92,0.0,8.3,1.0,15,95.31,15.12,0.0,20.42,317897.0,20.42,90.02,29.16,-17.36,59.6
2026-04-22 21:00:00,-32.85,0.0,9.47,1.0,15,93.64,14.07,0.0,37.12,317873.39,37.12,70.58,23.62,-19.81,67.8
2026-04-22 22:00:00,-32.7,0.0,11.02,1.0,15,98.22,16.81,0.0,70.65,317857.24,70.65,44.39,16.15,-21.71,61.6
2026-04-22 23:00:00,-33.76,0.0,11.94,1.0,15,95.76,13.19,0.0,97.96,317850.6,97.96,11.0,6.64,-22.91,56.3
2026-04-23 00:00:00,-33.88,0.0,13.88,1.0,15,97.75,11.12,0.0,100.0,317844.57,100.0,8.87,6.03,-23.68,56.4
2026-04-23 01:00:00,-33.58,0.0,12.69,1.0,15,94.2,12.75,0.0,100.0,317839.1,100.0,6.94,5.48,-23.26,64.2
2026-04-23 02:00:00,-34.25,0.0,13.6,1.0,15,95.05,16.78,0.0,100.0,317832.22,100.0,11.83,6.87,-22.05,57.8
2026-04-23 03:00:00,-34.4,0.0,13.51,1.0,15,101.71,15.89,0.0,100.0,317823.71,100.0,17.6,8.51,-20.15,59.0
2026-04-23 04:00:00,-34.4,0.0,14.06,1.0,15,98.62,13.93,0.0,100.0,317816.63,100.0,12.55,7.08,-17.7,62.3
2026-04-23 05:00:00,-34.41,0.0,10.38,1.0,15,98.1,13.01,0.0,55.11,317797.17,55.11,56.0,19.46,-14.9,63.8
2026-04-23 06:00:00,-34.11,0.0,12.79,1.0,15,96.94,14.85,0.0,100.0,317790.31,100.0,11.79,6.86,-11.93,56.6
2026-04-23 07:00:00,-33.13,0.0,11.52,1.0,15,94.64,17.62,0.0,84.93,317779.02,84.93,27.33,11.29,-8.99,53.3
2026-04-23 08:00:00,-32.35,0.0,11.96,1.0,15,96.43,18.5,0.0,98.77,317770.92,98.77,16.16,8.11,-6.27,55.7
2026-04-23 09:00:00,-33.02,0.0,9.67,1.0,15,99.31,17.49,0.0,40.64,317745.71,40.64,76.16,25.21,-3.95,67.1
2026-04-23 10:00:00,-32.51,0.0,9.03,1.0,15,97.19,23.25,0.0,30.06,317716.45,30.06,90.38,29.26,-2.17,61.0
2026-04-23 11:00:00,-31.58,0.0,8.14,1.0,15,95.3,19.14,0.0,18.66,317685.65,18.66,95.79,30.8,-1.06,55.1
2026-04-23 12:00:00,-31.26,0.0,7.58,1.0,15,92.76,18.29,0.0,13.19,317654.26,13.19,97.86,31.39,-0.68,56.9
2026-04-23 13:00:00,-30.54,0.0,6.52,1.0,15,93.73,20.25,0.0,5.97,317619.98,5.97,108.01,34.28,-1.06,67.9
2026-04-23 14:00:00,-29.3,0.0,8.43,1.0,15,94.7,21.79,0.0,21.98,317589.54,21.98,94.52,30.44,-2.17,63.5
2026-04-23 15:00:00,-28.71,0.0,6.33,1.0,15,88.92,16.93,0.0,5.04,317557.31,5.04,100.8,32.23,-3.95,55.1
2026-04-23 16:00:00,-28.64,0.0,6.36,1.0,15,90.18,18.9,0.0,5.19,317524.2,5.19,103.89,33.11,-6.27,58.0
2026-04-23 17:00:00,-28.12,0.0,5.87,1.0,15,91.57,16.36,0.0,3.23,317490.86,3.23,104.71,33.34,-8.99,69.7
2026-04-23 18:00:00,-28.18,0.0,6.99,1.0,15,92.97,15.52,0.0,8.72,317458.93,8.72,99.76,31.93,-11.93,61.0
2026-04-23 19:00:00,-28.34,0.0,6.63,1.0,15,89.24,15.31,0.0,6.54,317427.5,6.54,98.01,31.43,-14.9,74.2
2026-04-23 20:00:00,-28.75,0.0,6.38,1.0,15,91.42,16.03,0.0,5.3,317394.88,5.3,102.15,32.61,-17.7,73.0
2026-04-23 21:00:00,-28.0,0.0,7.0,1.0,15,87.84,13.35,0.0,8.77,317365.04,8.77,92.42,29.84,-20.15,71.4
2026-04-23 22:00:00,-28.71,0.0,8.05,1.0,15,90.21,20.76,0.0,17.65,317334.95,17.65,93.32,30.1,-22.05,66.0
2026-04-23 23:00:00,-27.97,0.0,6.84,1.0,15,87.82,14.97,0.0,7.78,317304.37,7.78,95.01,30.58,-23.26,69.2
2026-04-24 00:00:00,-28.34,0.0,6.22,1.0,15,91.52,14.12,0.0,4.57,317272.07,4.57,101.07,32.3,-24.02,63.5
2026-04-24 01:00:00,-29.35,0.0,6.05,1.0,15,94.19,11.99,0.0,3.88,317239.41,3.88,102.3,32.66,-23.6,62.8
2026-04-24 02:00:00,-29.25,0.0,9.89,1.0,15,87.69,11.38,0.0,44.9,317220.47,44.9,54.18,18.94,-22.39,57.1
2026-04-24 03:00:00,-30.61,0.0,9.19,1.0,15,92.22,16.35,0.0,32.59,317195.32,32.59,75.97,25.15,-20.49,61.8
2026-04-24 04:00:00,-30.27,0.0,9.41,1.0,15,90.72,9.49,0.0,36.07,317173.54,36.07,64.15,21.78,-18.04,56.0
2026-04-24 05:00:00,-29.74,0.0,8.3,1.0,15,90.39,18.71,0.0,20.46,317144.78,20.46,88.63,28.76,-15.23,62.7
2026-04-24 06:00:00,-30.07,0.0,8.38,1.0,15,91.08,19.99,0.0,21.35,317115.71,21.35,89.72,29.07,-12.26,56.4
2026-04-24 07:00:00,-29.95,0.0,6.83,1.0,15,89.51,17.31,0.0,7.74,317083.97,7.74,99.08,31.74,-9.32,58.2
2026-04-24 08:00:00,-28.7,0.0,5.46,1.0,15,90.1,22.22,0.0,2.05,317049.04,2.05,110.26,34.92,-6.61,50.7
2026-04-24 09:00:00,-28.94,0.0,6.28,1.0,15,87.3,18.82,0.0,4.82,317016.67,4.82,101.3,32.37,-4.29,59.4
2026-04-24 10:00:00,-29.51,0.0,6.62,1.0,15,92.69,20.12,0.0,6.48,316982.87,6.48,106.32,33.8,-2.51,59.3
2026-04-24 11:00:00,-28.55,0.0,5.89,1.0,15,89.9,22.37,0.0,3.31,316948.32,3.31,108.96,34.55,-1.4,62.0
2026-04-24 12:00:00,-27.33,0.0,7.4,1.0,15,85.02,19.89,0.0,11.7,316918.25,11.7,93.21,30.06,-1.02,70.5
2026-04-24 13:00:00,-27.33,0.0,11.76,1.0,15,84.91,22.99,0.0,92.22,316910.29,92.22,15.68,7.97,-1.4,64.2
2026-04-24 14:00:00,-26.75,0.0,10.52,1.0,15,88.18,19.0,0.0,58.41,316892.88,58.41,48.77,17.4,-2.51,69.6
2026-04-24 15:00:00,-26.02,0.0,10.45,1.0,15,83.78,20.51,0.0,56.82,316875.86,56.82,47.47,17.03,-4.29,70.3
2026-04-24 16:00:00,-26.59,0.0,12.78,1.0,15,89.61,26.66,0.0,100.0,316867.72,100.0,16.28,8.14,-6.61,72.1
2026-04-24 17:00:00,-27.03,0.0,13.06,1.0,15,82.22,19.11,0.0,100.0,316863.84,100.0,1.33,3.88,-9.32,60.2
2026-04-24 18:00:00,-26.46,0.0,11.68,1.0,15,83.7,19.76,0.0,89.78,316856.44,89.78,13.68,7.4,-12.26,59.2
2026-04-24 19:00:00,-25.65,0.0,11.76,1.0,15,83.91,18.07,0.0,92.33,316850.19,92.33,9.65,6.25,-15.23,65.2
2026-04-24 20:00:00,-25.55,0.0,9.53,1.0,15,84.54,8.3,0.0,38.17,316831.11,38.17,54.67,19.08,-18.04,60.6
2026-04-24 21:00:00,-26.34,0.0,9.33,1.0,15,87.28,13.04,0.0,34.79,316808.93,34.79,65.53,22.18,-20.49,64.1
2026-04-24 22:00:00,-25.38,0.0,8.38,1.0,15,83.89,17.01,0.0,21.42,316782.78,21.42,79.49,26.15,-22.39,61.2
2026-04-24 23:00:00,-25.95,0.0,7.26,1.0,15,84.52,9.35,0.0,10.6,316755.55,10.6,83.26,27.23,-23.6,59.4
2026-04-25 00:00:00,-26.86,0.0,7.41,1.0,15,85.15,12.38,0.0,11.79,316727.61,11.79,85.74,27.94,-24.36,66.6
2026-04-25 01:00:00,-26.85,0.0,6.43,1.0,15,84.88,19.29,0.0,5.55,316696.01,5.55,98.61,31.61,-23.94,74.2
2026-04-25 02:00:00,-26.08,0.0,7.84,1.0,15,83.85,9.51,0.0,15.55,316670.33,15.55,77.82,25.68,-22.73,64.2
2026-04-25 03:00:00,-25.71,0.0,7.93,1.0,15,84.67,16.77,0.0,16.43,316642.6,16.43,85.01,27.73,-20.82,67.1
2026-04-25 04:00:00,-25.57,0.0,8.26,1.0,15,80.57,11.66,0.0,19.91,316618.49,19.91,72.32,24.11,-18.38,66.1
2026-04-25 05:00:00,-25.37,0.0,7.1,1.0,15,85.51,17.04,0.0,9.48,316588.46,9.48,93.07,30.02,-15.57,65.8
2026-04-25 06:00:00,-25.4,0.0,6.25,1.0,15,84.52,18.69,0.0,4.72,316556.89,4.72,98.49,31.57,-12.59,73.1
2026-04-25 07:00:00,-25.09,0.0,7.25,1.0,15,83.63,20.09,0.0,10.51,316526.83,10.51,93.21,30.06,-9.66,64.8
2026-04-25 08:00:00,-26.62,0.0,11.15,1.0,15,88.77,15.93,0.0,74.31,316514.67,74.31,30.39,12.16,-6.94,48.8
2026-04-25 09:00:00,-26.78,0.0,8.94,1.0,15,87.82,23.21,0.0,28.7,316487.7,28.7,82.33,26.96,-4.62,60.5
2026-04-25 10:00:00,-26.61,0.0,8.13,1.0,15,86.52,18.28,0.0,18.49,316459.61,18.49,86.31,28.1,-2.85,65.6
2026-04-25 11:00:00,-27.28,0.0,10.0,1.0,15,88.73,16.15,0.0,47.1,316439.64,47.1,57.78,19.97,-1.74,64.0
2026-04-25 12:00:00,-27.04,0.0,7.98,1.0,15,85.54,18.07,0.0,16.98,316411.45,16.98,86.63,28.19,-1.36,63.6
2026-04-25 13:00:00,-27.18,0.0,9.95,1.0,15,88.43,18.35,0.0,46.05,316390.64,46.05,60.72,20.81,-1.74,62.1
2026-04-25 14:00:00,-26.16,0.0,9.67,1.0,15,87.35,22.67,0.0,40.78,316367.41,40.78,69.24,23.23,-2.85,65.8
2026-04-25 15:00:00,-25.3,0.0,9.08,1.0,15,78.83,22.74,0.0,30.77,316343.73,30.77,70.8,23.68,-4.62,76.3
2026-04-25 16:00:00,-25.72,0.0,8.31,1.0,15,88.77,19.19,0.0,20.55,316315.32,20.55,87.4,28.41,-6.94,64.1
2026-04-25 17:00:00,-25.98,0.0,7.72,1.0,15,86.01,14.79,0.0,14.43,316287.21,14.43,86.37,28.11,-9.66,76.3
2026-04-25 18:00:00,-26.22,0.0,7.33,1.0,15,86.99,14.92,0.0,11.13,316257.84,11.13,90.77,29.37,-12.59,67.7
2026-04-25 19:00:00,-26.72,0.0,9.56,1.0,15,88.79,15.08,0.0,38.67,316235.75,38.67,65.21,22.08,-15.57,61.6
2026-04-25 20:00:00,-26.83,0.0,10.18,1.0,15,86.29,10.55,0.0,50.81,316219.13,50.81,46.04,16.62,-18.38,69.2
2026-04-25 21:00:00,-27.53,0.0,10.39,1.0,15,86.76,10.0,0.0,55.4,316203.85,55.4,41.36,15.29,-20.82,52.2
2026-04-25 22:00:00,-28.45,0.0,11.16,1.0,15,89.75,12.88,0.0,74.47,316192.32,74.47,28.16,11.53,-22.73,63.6
2026-04-25 23:00:00,-28.28,0.0,9.61,1.0,15,94.91,12.27,0.0,39.65,316169.57,39.65,67.53,22.75,-23.94,66.4
2026-04-26 00:00:00,-28.58,0.0,9.78,1.0,15,89.08,9.6,0.0,42.71,316150.12,42.71,55.96,19.45,-24.69,66.2
2026-04-26 01:00:00,-29.24,0.0,9.33,1.0,15,88.92,16.8,0.0,34.75,316126.4,34.75,70.97,23.73,-24.28,66.3
2026-04-26 02:00:00,-28.84,0.0,10.31,1.0,15,92.65,10.81,0.0,53.54,316108.67,53.54,49.92,17.73,-23.06,67.0
2026-04-26 03:00:00,-29.33,0.0,9.19,1.0,15,85.87,9.75,0.0,32.53,316087.19,32.53,63.09,21.48,-21.16,64.5
2026-04-26 04:00:00,-29.25,0.0,9.58,1.0,15,90.09,18.11,0.0,38.99,316063.96,38.99,69.21,23.23,-18.7,66.7
2026-04-26 05:00:00,-28.78,0.0,11.14,1.0,15,88.22,16.25,0.0,73.95,316051.76,73.95,30.52,12.2,-15.9,60.6
2026-04-26 06:00:00,-28.81,0.0,10.1,1.0,15,91.04,15.64,0.0,49.13,316031.86,49.13,57.55,19.9,-12.92,69.3
2026-04-26 07:00:00,-28.52,0.0,8.02,1.0,15,89.51,15.56,0.0,17.36,316003.37,17.36,87.71,28.5,-9.99,61.3
2026-04-26 08:00:00,-28.8,0.0,8.27,1.0,15,87.22,17.64,0.0,20.04,315975.69,20.04,84.82,27.67,-7.27,69.2
2026-04-26 09:00:00,-28.87,0.0,7.86,1.0,15,91.17,17.48,0.0,15.73,315945.71,15.73,92.92,29.98,-4.96,63.2
2026-04-26 10:00:00,-28.94,0.0,8.74,1.0,15,88.05,18.84,0.0,25.98,315919.15,25.98,80.92,26.56,-3.18,64.4
2026-04-26 11:00:00,-29.35,0.0,11.33,1.0,15,90.38,21.37,0.0,79.27,315906.39,79.27,32.48,12.76,-2.07,67.4
2026-04-26 12:00:00,-29.42,0.0,10.52,1.0,15,89.66,18.28,0.0,58.42,315888.78,58.42,49.51,17.61,-1.69,70.5
2026-04-26 13:00:00,-30.34,0.0,9.88,1.0,15,93.82,13.13,0.0,44.69,315867.54,44.69,62.26,21.24,-2.07,62.4
2026-04-26 14:00:00,-30.64,0.0,10.11,1.0,15,91.48,25.48,0.0,49.4,315844.79,49.4,67.55,22.75,-3.18,63.1
2026-04-26 15:00:00,-30.84,0.0,8.23,1.0,15,86.0,16.04,0.0,19.65,315817.8,19.65,82.39,26.98,-4.96,49.0
2026-04-26 16:00:00,-31.06,0.0,7.51,1.0,15,90.69,13.94,0.0,12.57,315788.07,12.57,92.06,29.74,-7.27,57.4
2026-04-26 17:00:00,-31.3,0.0,10.01,1.0,15,93.66,21.31,0.0,47.35,315765.3,47.35,67.62,22.77,-9.99,54.0
2026-04-26 18:00:00,-31.46,0.0,10.27,1.0,15,92.32,15.09,0.0,52.78,315746.23,52.78,54.63,19.07,-12.92,59.4
2026-04-26 19:00:00,-31.32,0.0,7.7,1.0,15,96.17,16.36,0.0,14.26,315714.72,14.26,98.28,31.51,-15.9,58.2
2026-04-26 20:00:00,-30.96,0.0,6.95,1.0,15,90.75,16.77,0.0,8.43,315682.98,8.43,99.09,31.74,-18.7,57.8
2026-04-26 21:00:00,-31.54,0.0,8.14,1.0,15,95.16,16.1,0.0,18.59,315653.07,18.59,92.68,29.91,-21.16,56.2
2026-04-26 22:00:00,-32.45,0.0,9.36,1.0,15,97.07,14.43,0.0,35.34,315627.86,35.34,76.16,25.21,-23.06,63.3
2026-04-26 23:00:00,-33.24,0.0,10.67,1.0,15,96.91,10.88,0.0,62.0,315611.31,62.0,45.8,16.55,-24.28,51.1
2026-04-27 00:00:00,-34.14,0.0,9.39,1.0,15,98.82,9.02,0.0,35.81,315587.28,35.81,72.02,24.03,-25.02,53.9
2026-04-27 01:00:00,-34.46,0.0,11.5,1.0,15,98.11,18.3,0.0,84.31,315574.63,84.31,32.1,12.65,-24.61,59.3
2026-04-27 02:00:00,-34.99,0.0,10.89,1.0,15,99.84,13.29,0.0,67.25,315558.06,67.25,45.88,16.57,-23.39,63.6
2026-04-27 03:00:00,-35.8,0.0,11.01,1.0,15,99.41,14.72,0.0,70.45,315541.87,70.45,43.67,16.19,-21.48,53.5
2026-04-27 04:00:00,-36.05,0.0,10.69,1.0,15,101.37,12.79,0.0,62.48,315523.33,62.48,51.69,18.54,-19.03,63.2
2026-04-27 05:00:00,-35.88,0.0,8.74,1.0,15,99.98,16.32,0.0,25.93,315493.81,25.93,90.36,29.52,-16.22,44.4
2026-04-27 06:00:00,-35.43,0.0,11.55,1.0,15,99.28,15.23,0.0,85.87,315482.02,85.87,28.64,11.79,-13.25,58.4
2026-04-27 07:00:00,-35.65,0.0,9.35,1.0,15,98.8,16.8,0.0,35.2,315455.41,35.2,80.4,26.61,-10.31,59.8
2026-04-27 08:00:00,-35.77,0.0,8.32,1.0,15,99.97,14.7,0.0,20.6,315424.87,20.6,94.07,30.54,-7.6,53.2
2026-04-27 09:00:00,-36.18,0.0,9.76,1.0,15,104.4,21.03,0.0,42.4,315397.35,42.4,83.03,27.52,-5.28,51.3
2026-04-27 10:00:00,-36.05,0.0,9.89,1.0,15,100.34,13.46,0.0,44.8,315373.87,44.8,69.0,23.48,-3.51,58.6
2026-04-27 11:00:00,-36.42,0.0,11.04,1.0,15,103.51,24.23,0.0,71.21,315353.83,71.21,56.54,20.04,-2.4,57.5
2026-04-27 12:00:00,-35.93,0.0,10.42,1.0,15,101.85,26.75,0.0,56.04,315329.37,56.04,72.56,24.46,-2.02,54.0
2026-04-27 13:00:00,-36.91,0.0,9.5,1.0,15,102.75,19.5,0.0,37.72,315301.21,37.72,84.54,28.17,-2.4,55.9
2026-04-27 14:00:00,-37.04,0.0,11.47,1.0,15,103.04,23.06,0.0,83.39,315284.92,83.39,42.71,16.28,-3.51,54.2
2026-04-27 15:00:00,-36.8,0.0,8.79,1.0,15,102.08,18.52,0.0,26.59,315254.09,26.59,94.02,30.83,-5.28,63.7
2026-04-27 16:00:00,-36.67,0.0,10.37,1.0,15,100.56,18.73,0.0,55.02,315231.77,55.02,64.26,22.32,-7.6,60.9
2026-04-27 17:00:00,-35.06,0.0,8.96,1.0,15,103.13,16.0,0.0,28.98,315202.56,28.98,90.15,29.21,-10.31,59.7
2026-04-27 18:00:00,-34.93,0.0,10.44,1.0,15,101.46,15.23,0.0,56.56,315181.92,56.56,60.13,20.64,-13.25,68.2
2026-04-27 19:00:00,-35.64,0.0,8.64,1.0,15,100.33,14.06,0.0,24.54,315152.63,24.54,89.85,29.3,-16.22,63.4
2026-04-27 20:00:00,-35.81,0.0,8.94,1.0,15,100.65,8.51,0.0,28.71,315125.95,28.71,80.46,26.67,-19.03,64.4
2026-04-27 21:00:00,-37.0,0.0,10.73,1.0,15,103.59,14.3,0.0,63.43,315106.33,63.43,54.46,19.62,-21.48,65.2
2026-04-27 22:00:00,-37.15,0.0,10.06,1.0,15,100.26,8.0,0.0,48.19,315085.07,48.19,60.07,21.27,-23.39,56.4
2026-04-27 23:00:00,-37.75,0.0,10.65,1.0,15,101.79,11.71,0.0,61.31,315065.86,61.31,52.19,19.2,-24.61,50.6
2026-04-28 00:00:00,-37.75,0.0,11.37,1.0,15,99.38,8.0,0.0,80.53,315053.89,80.53,26.85,11.98,-25.35,47.8
2026-04-28 01:00:00,-38.13,0.0,11.54,1.0,15,103.64,11.78,0.0,85.39,315040.89,85.39,30.03,13.0,-24.93,60.1
2026-04-28 02:00:00,-38.22,0.0,12.97,1.0,15,106.87,13.68,0.0,100.0,315030.57,100.0,20.55,10.32,-23.72,51.5
2026-04-28 03:00:00,-38.59,0.0,11.56,1.0,15,104.19,17.41,0.0,86.01,315015.85,86.01,35.59,14.72,-21.81,72.7
2026-04-28 04:00:00,-37.48,0.0,9.58,1.0,15,107.92,14.11,0.0,39.02,314987.95,39.02,83.0,27.9,-19.35,52.7
2026-04-28 05:00:00,-37.6,0.0,7.52,1.0,15,102.32,14.44,0.0,12.68,314954.0,12.68,104.08,33.94,-16.54,51.7
2026-04-28 06:00:00,-36.38,0.0,6.98,1.0,15,101.79,13.14,0.0,8.62,314919.79,8.62,106.31,34.21,-13.57,61.6
2026-04-28 07:00:00,-35.78,0.0,6.18,1.0,15,99.84,15.04,0.0,4.39,314884.57,4.39,110.49,35.22,-10.63,62.2
2026-04-28 08:00:00,-35.36,0.0,7.1,1.0,15,94.88,22.27,0.0,9.45,314850.27,9.45,107.7,34.3,-7.92,67.5
2026-04-28 09:00:00,-35.0,0.0,6.44,1.0,15,98.65,21.06,0.0,5.58,314814.24,5.58,114.13,36.03,-5.61,57.5
2026-04-28 10:00:00,-34.63,0.0,5.21,1.0,15,96.83,17.67,0.0,1.49,314778.53,1.49,113.01,35.71,-3.84,64.8
2026-04-28 11:00:00,-35.68,0.0,4.32,1.0,15,100.82,14.73,0.0,0.31,314741.98,0.31,115.24,36.55,-2.73,57.4
2026-04-28 12:00:00,-35.73,0.0,7.01,1.0,15,103.19,25.92,0.0,8.88,314704.0,8.88,120.24,37.99,-2.35,60.9
2026-04-28 13:00:00,-35.13,0.0,7.82,1.0,15,98.67,17.13,0.0,15.38,314671.84,15.38,100.42,32.16,-2.73,57.6
2026-04-28 14:00:00,-35.1,0.0,7.58,1.0,15,100.23,20.36,0.0,13.2,314637.7,13.2,107.39,34.14,-3.84,68.2
2026-04-28 15:00:00,-35.93,0.0,9.82,1.0,15,100.22,17.06,0.0,43.5,314612.89,43.5,73.78,24.81,-5.61,69.4
2026-04-28 16:00:00,-35.97,0.0,7.84,1.0,15,102.72,15.45,0.0,15.56,314579.86,15.56,102.62,33.04,-7.92,52.1
2026-04-28 17:00:00,-34.97,0.0,11.38,1.0,15,104.23,18.22,0.0,80.83,314564.5,80.83,41.61,15.36,-10.63,65.2
2026-04-28 18:00:00,-34.3,0.0,11.04,1.0,15,101.44,19.07,0.0,71.21,314546.95,71.21,49.3,17.55,-13.57,54.6
2026-04-28 19:00:00,-34.46,0.0,9.25,1.0,15,97.06,17.31,0.0,33.42,314520.38,33.42,80.95,26.57,-16.54,65.0
2026-04-28 20:00:00,-34.02,0.0,9.76,1.0,15,100.77,16.05,0.0,42.42,314495.67,42.42,74.4,24.7,-19.35,67.7
2026-04-28 21:00:00,-34.4,0.0,10.52,1.0,15,98.98,10.25,0.0,58.32,314477.66,58.32,50.91,18.01,-21.81,54.4
2026-04-28 22:00:00,-35.58,0.0,9.75,1.0,15,102.86,13.41,0.0,42.22,314452.89,42.22,74.04,24.78,-23.72,52.2
2026-04-28 23:00:00,-36.26,0.0,11.1,1.0,15,98.95,13.9,0.0,73.01,314437.65,73.01,39.84,15.23,-24.93,55.3
2026-04-29 00:00:00,-35.9,0.0,9.16,1.0,15,100.44,8.66,0.0,32.02,314411.92,32.02,77.07,25.74,-25.67,63.9
2026-04-29 01:00:00,-36.15,0.0,8.26,1.0,15,101.43,8.0,0.0,19.97,314382.58,19.97,89.45,29.34,-25.26,60.3
2026-04-29 02:00:00,-36.35,0.0,6.86,1.0,15,101.23,13.05,0.0,7.87,314348.34,7.87,106.41,34.23,-24.04,56.5
2026-04-29 03:00:00,-36.55,0.0,6.37,1.0,15,102.29,10.84,0.0,5.24,314313.63,5.24,107.9,34.72,-22.13,61.2
2026-04-29 04:00:00,-35.38,0.0,6.12,1.0,15,99.6,10.37,0.0,4.18,314279.86,4.18,105.8,33.77,-19.67,57.0
2026-04-29 05:00:00,-34.36,0.0,9.01,1.0,15,97.48,9.3,0.0,29.77,314254.41,29.77,77.01,25.45,-16.86,59.9
2026-04-29 06:00:00,-32.97,0.0,7.31,1.0,15,95.1,14.38,0.0,10.97,314222.84,10.97,98.52,31.58,-13.88,63.0
2026-04-29 07:00:00,-33.01,0.0,7.45,1.0,15,94.36,22.39,0.0,12.1,314189.51,12.1,104.65,33.33,-10.95,62.6
2026-04-29 08:00:00,-32.75,0.0,7.92,1.0,15,96.44,21.33,0.0,16.32,314157.09,16.32,101.46,32.42,-8.24,68.9
2026-04-29 09:00:00,-33.58,0.0,10.1,1.0,15,96.73,24.08,0.0,49.1,314133.16,49.1,71.71,23.94,-5.93,53.8
2026-04-29 10:00:00,-32.59,0.0,14.37,1.0,15,94.32,18.17,0.0,100.0,314126.1,100.0,12.5,7.06,-4.16,65.3
2026-04-29 11:00:00,-33.21,0.0,13.76,1.0,15,93.18,24.06,0.0,100.0,314117.68,100.0,17.25,8.42,-3.05,55.4
2026-04-29 12:00:00,-33.01,0.0,15.32,1.0,15,97.35,24.71,0.0,100.0,314107.89,100.0,22.06,9.79,-2.67,58.2
2026-04-29 13:00:00,-33.63,0.0,14.61,1.0,15,98.61,25.3,0.0,100.0,314097.58,100.0,23.91,10.31,-3.05,59.0
2026-04-29 14:00:00,-33.96,0.0,15.75,1.0,15,95.57,19.63,0.0,100.0,314089.75,100.0,15.2,7.83,-4.16,57.4
2026-04-29 15:00:00,-34.47,0.0,14.53,1.0,15,98.65,18.24,0.0,100.0,314081.43,100.0,16.89,8.31,-5.93,52.4
2026-04-29 16:00:00,-34.86,0.0,11.26,1.0,15,97.84,18.49,0.0,77.36,314066.83,77.36,38.97,14.61,-8.24,56.6
2026-04-29 17:00:00,-35.25,0.0,10.19,1.0,15,101.22,17.94,0.0,50.96,314043.81,50.96,68.2,23.01,-10.95,59.9
2026-04-29 18:00:00,-35.67,0.0,10.3,1.0,15,99.2,12.57,0.0,53.42,314023.48,53.42,58.35,20.33,-13.88,57.6
2026-04-29 19:00:00,-35.27,0.0,9.33,1.0,15,98.59,13.61,0.0,34.77,313997.84,34.77,77.43,25.65,-16.86,65.9
2026-04-29 20:00:00,-36.07,0.0,8.36,1.0,15,101.2,17.59,0.0,21.17,313966.19,21.17,97.62,31.64,-19.67,57.4
2026-04-29 21:00:00,-36.07,0.0,8.73,1.0,15,99.98,11.65,0.0,25.85,313937.92,25.85,85.78,28.27,-22.13,58.0
2026-04-29 22:00:00,-35.47,0.0,11.06,1.0,15,98.9,13.12,0.0,71.93,313922.86,71.93,40.09,15.07,-24.04,59.3
2026-04-29 23:00:00,-35.91,0.0,8.49,1.0,15,99.31,14.33,0.0,22.65,313893.15,22.65,90.99,29.71,-25.26,57.4
2026-04-30 00:00:00,-36.93,0.0,9.64,1.0,15,101.27,16.63,0.0,40.11,313866.9,40.11,77.79,26.25,-25.99,59.7
2026-04-30 01:00:00,-37.15,0.0,10.23,1.0,15,101.76,14.71,0.0,51.94,313844.36,51.94,64.54,22.54,-25.57,54.5
2026-04-30 02:00:00,-36.49,0.0,12.64,1.0,15,101.58,15.69,0.0,100.0,313835.49,100.0,17.28,8.87,-24.36,51.8
2026-04-30 03:00:00,-36.39,0.0,13.82,1.0,15,101.05,14.62,0.0,100.0,313827.11,100.0,15.67,8.38,-22.44,57.3
2026-04-30 04:00:00,-36.7,0.0,13.41,1.0,15,102.98,15.12,0.0,100.0,313817.94,100.0,18.1,9.17,-19.98,59.4
2026-04-30 05:00:00,-36.36,0.0,12.13,1.0,15,98.82,17.95,0.0,100.0,313809.25,100.0,16.78,8.69,-17.17,58.5
2026-04-30 06:00:00,-36.95,0.0,10.11,1.0,15,106.87,9.52,0.0,49.31,313786.05,49.31,67.08,23.2,-14.2,52.8
2026-04-30 07:00:00,-36.43,0.0,9.86,1.0,15,101.51,19.78,0.0,44.34,313760.19,44.34,76.95,25.86,-11.26,58.5
2026-04-30 08:00:00,-36.06,0.0,10.6,1.0,15,103.03,12.52,0.0,60.25,313740.61,60.25,55.3,19.58,-8.55,61.4
2026-04-30 09:00:00,-36.11,0.0,11.99,1.0,15,102.04,18.13,0.0,99.64,313730.92,99.64,20.54,9.69,-6.24,58.9
2026-04-30 10:00:00,-36.49,0.0,12.25,1.0,15,101.82,23.09,0.0,100.0,313719.88,100.0,24.91,11.05,-4.48,54.1
2026-04-30 11:00:00,-36.89,0.0,10.16,1.0,15,103.18,20.36,0.0,50.31,313694.94,50.31,73.22,24.94,-3.37,57.7
2026-04-30 12:00:00,-36.45,0.0,10.1,1.0,15,102.25,20.79,0.0,49.05,313669.92,49.05,73.98,25.02,-2.99,66.2
2026-04-30 13:00:00,-35.62,0.0,9.12,1.0,15,99.82,21.57,0.0,31.43,313640.6,31.43,89.96,29.32,-3.37,53.1
2026-04-30 14:00:00,-35.95,0.0,6.82,1.0,15,106.0,25.97,0.0,7.62,313601.37,7.62,124.34,39.22,-4.48,63.5
2026-04-30 15:00:00,-35.66,0.0,6.3,1.0,15,102.72,13.18,0.0,4.91,313566.04,4.91,110.99,35.33,-6.24,47.0
2026-04-30 16:00:00,-36.94,0.0,5.55,1.0,15,98.75,16.59,0.0,2.28,313529.74,2.28,113.05,36.3,-8.55,54.6
2026-04-30 17:00:00,-37.33,0.0,7.97,1.0,15,105.17,21.85,0.0,16.86,313494.15,16.86,110.16,35.59,-11.26,54.9
2026-04-30 18:00:00,-37.41,0.0,7.34,1.0,15,103.14,15.74,0.0,11.22,313459.24,11.22,107.66,34.91,-14.2,62.3
2026-04-30 19:00:00,-38.05,0.0,6.98,1.0,15,107.57,14.75,0.0,8.67,313422.43,8.67,113.65,36.8,-17.17,65.3
2026-04-30 20:00:00,-38.71,0.0,10.24,1.0,15,104.28,16.3,0.0,51.96,313398.26,51.96,68.62,24.17,-19.98,61.5
2026-04-30 21:00:00,-39.21,0.0,9.38,1.0,15,100.64,9.58,0.0,35.59,313372.23,35.59,74.64,26.04,-22.44,58.1
2026-04-30 22:00:00,-39.13,0.0,7.01,1.0,15,104.88,15.55,0.0,8.82,313335.68,8.82,111.6,36.55,-24.36,61.0
2026-04-30 23:00:00,-39.33,0.0,6.74,1.0,15,102.44,11.8,0.0,7.19,313300.37,7.19,107.05,35.31,-25.57,48.7
2026-05-01 00:00:00,-41.22,0.0,5.9,1.0,15,107.4,12.41,0.0,3.35,313261.82,3.35,116.45,38.56,-26.31,58.6
2026-05-01 01:00:00,-42.53,0.0,5.22,1.0,15,109.66,10.46,0.0,1.5,313222.25,1.5,118.62,39.56,-25.89,47.6
2026-05-01 02:00:00,-42.87,0.0,4.6,1.0,15,112.27,14.41,0.0,0.56,313180.45,0.56,126.13,41.81,-24.67,49.2
2026-05-01 03:00:00,-42.53,0.0,6.1,1.0,15,111.48,12.37,0.0,4.09,313140.56,4.09,119.75,39.89,-22.75,55.1
2026-05-01 04:00:00,-44.09,0.0,5.74,1.0,15,114.75,15.08,0.0,2.83,313098.14,2.83,126.99,42.42,-20.29,45.8
2026-05-01 05:00:00,-44.24,0.0,6.11,1.0,15,114.79,14.22,0.0,4.12,313056.27,4.12,124.89,41.86,-17.48,58.0
2026-05-01 06:00:00,-44.37,0.0,8.5,1.0,15,118.04,16.37,0.0,22.88,313018.18,22.88,111.54,38.1,-14.5,51.7
2026-05-01 07:00:00,-43.31,0.0,8.3,1.0,15,112.14,15.99,0.0,20.37,312981.47,20.37,107.76,36.7,-11.57,46.0
2026-05-01 08:00:00,-43.33,0.0,10.54,1.0,15,113.29,17.71,0.0,58.81,312954.9,58.81,72.18,26.57,-8.86,60.1
2026-05-01 09:00:00,-42.86,0.0,10.0,1.0,15,113.39,17.11,0.0,47.11,312925.28,47.11,83.38,29.62,-6.56,51.5
2026-05-01 10:00:00,-42.55,0.0,9.28,1.0,15,109.54,17.43,0.0,33.96,312893.01,33.96,93.0,32.27,-4.79,52.3
2026-05-01 11:00:00,-43.63,0.0,10.11,1.0,15,109.84,26.1,0.0,49.29,312862.23,49.29,86.64,30.78,-3.68,51.2
2026-05-01 12:00:00,-42.95,0.0,8.07,1.0,15,112.38,21.55,0.0,17.83,312823.25,17.83,116.1,38.97,-3.31,38.2
2026-05-01 13:00:00,-42.64,0.0,6.7,1.0,15,110.21,14.58,0.0,6.93,312783.87,6.93,117.86,39.38,-3.68,59.3
2026-05-01 14:00:00,-42.18,0.0,7.83,1.0,15,112.1,20.04,0.0,15.45,312744.96,15.45,116.7,38.91,-4.79,53.5
2026-05-01 15:00:00,-39.71,0.0,8.03,1.0,15,108.16,22.64,0.0,17.44,312707.74,17.44,113.36,37.22,-6.56,56.0
2026-05-01 16:00:00,-40.93,0.0,9.42,1.0,15,110.62,13.74,0.0,36.35,312677.38,36.35,88.01,30.36,-8.86,57.7
2026-05-01 17:00:00,-39.87,0.0,11.35,1.0,15,105.08,19.34,0.0,79.93,312659.73,79.93,44.5,17.64,-11.57,53.6
2026-05-01 18:00:00,-40.08,0.0,10.21,1.0,15,105.86,16.31,0.0,51.36,312634.53,51.36,70.82,25.21,-14.5,49.3
2026-05-01 19:00:00,-39.96,0.0,10.12,1.0,15,107.17,10.0,0.0,49.53,312610.26,49.53,67.65,24.27,-17.48,50.4
2026-05-01 20:00:00,-40.06,0.0,9.71,1.0,15,106.71,12.33,0.0,41.49,312583.14,41.49,77.55,27.12,-20.29,59.3
2026-05-01 21:00:00,-40.41,0.0,12.77,1.0,15,108.63,12.66,0.0,100.0,312571.95,100.0,21.3,11.19,-22.75,54.6
2026-05-01 22:00:00,-40.83,0.0,13.05,1.0,15,111.28,9.04,0.0,100.0,312560.9,100.0,20.33,11.04,-24.67,59.4
2026-05-01 23:00:00,-40.7,0.0,13.89,1.0,15,107.87,10.6,0.0,100.0,312550.43,100.0,18.47,10.47,-25.89,60.4
2026-05-02 00:00:00,-42.14,0.0,11.56,1.0,15,107.34,13.59,0.0,85.93,312534.81,85.93,34.99,15.62,-26.62,57.8
2026-05-02 01:00:00,-41.71,0.0,11.85,1.0,15,105.35,13.61,0.0,95.02,312522.48,95.02,23.94,12.33,-26.2,60.0
2026-05-02 02:00:00,-41.95,0.0,10.13,1.0,15,107.18,14.2,0.0,49.82,312496.5,49.82,71.56,25.98,-24.98,50.0
2026-05-02 03:00:00,-42.59,0.0,8.7,1.0,15,108.1,11.3,0.0,25.41,312463.94,25.41,93.99,32.56,-23.06,56.1
2026-05-02 04:00:00,-42.77,0.0,11.19,1.0,15,112.76,17.49,0.0,75.4,312442.47,75.4,54.85,21.46,-20.6,50.6
2026-05-02 05:00:00,-41.89,0.0,8.43,1.0,15,109.82,14.9,0.0,21.94,312407.62,21.94,102.78,34.86,-17.78,48.1
2026-05-02 06:00:00,-42.06,0.0,11.38,1.0,15,110.36,15.19,0.0,80.79,312389.24,80.79,44.76,18.38,-14.81,55.8
2026-05-02 07:00:00,-41.67,0.0,9.35,1.0,15,111.18,16.94,0.0,35.12,312357.23,35.12,93.0,32.01,-11.87,57.5
2026-05-02 08:00:00,-41.93,0.0,10.54,1.0,15,112.98,19.79,0.0,58.69,312330.54,58.69,74.09,26.69,-9.17,51.8
2026-05-02 09:00:00,-41.27,0.0,9.23,1.0,15,108.53,20.53,0.0,33.24,312297.85,33.24,95.83,32.69,-6.86,54.3
2026-05-02 10:00:00,-40.66,0.0,8.57,1.0,15,109.65,18.99,0.0,23.65,312262.73,23.65,104.99,35.12,-5.1,58.0
2026-05-02 11:00:00,-39.36,0.0,7.61,1.0,15,106.79,23.64,0.0,13.44,312224.58,13.44,116.99,38.15,-3.99,52.4
2026-05-02 12:00:00,-39.32,0.0,8.23,1.0,15,102.53,20.34,0.0,19.57,312190.34,19.57,103.3,34.24,-3.62,59.6
2026-05-02 13:00:00,-38.8,0.0,7.84,1.0,15,101.88,22.87,0.0,15.51,312154.57,15.51,109.23,35.77,-3.99,51.4
2026-05-02 14:00:00,-38.66,0.0,8.67,1.0,15,104.18,24.47,0.0,24.95,312120.41,24.95,103.7,34.15,-5.1,58.0
2026-05-02 15:00:00,-37.83,0.0,6.58,1.0,15,104.07,18.15,0.0,6.3,312083.03,6.3,115.92,37.39,-6.86,50.6
2026-05-02 16:00:00,-38.27,0.0,5.49,1.0,15,105.37,17.57,0.0,2.12,312044.12,2.12,120.82,38.91,-9.17,63.0
2026-05-02 17:00:00,-37.85,0.0,4.91,1.0,15,103.23,14.29,0.0,0.96,312006.54,0.96,116.57,37.58,-11.87,60.0
2026-05-02 18:00:00,-38.04,0.0,5.71,1.0,15,100.22,13.66,0.0,2.73,311970.45,2.73,111.15,36.09,-14.81,66.5
2026-05-02 19:00:00,-38.17,0.0,7.91,1.0,15,103.35,17.33,0.0,16.21,311936.23,16.21,104.46,34.22,-17.78,51.7
2026-05-02 20:00:00,-38.22,0.0,10.0,1.0,15,100.2,16.21,0.0,47.02,311911.99,47.02,69.4,24.24,-20.6,59.7
2026-05-02 21:00:00,-38.19,0.0,8.74,1.0,15,103.74,8.0,0.0,25.92,311883.07,25.92,85.82,28.92,-23.06,56.3
2026-05-02 22:00:00,-38.38,0.0,8.99,1.0,15,105.73,9.81,0.0,29.47,311854.03,29.47,86.06,29.04,-24.98,48.9
2026-05-02 23:00:00,-38.36,0.0,9.99,1.0,15,105.41,17.03,0.0,46.9,311827.99,46.9,75.53,26.04,-26.2,56.8
2026-05-03 00:00:00,-37.98,0.0,8.89,1.0,15,102.76,10.34,0.0,28.07,311799.37,28.07,85.03,28.63,-26.92,59.4
2026-05-03 01:00:00,-37.47,0.0,8.52,1.0,15,103.96,12.09,0.0,23.08,311768.63,23.08,92.97,30.74,-26.5,66.8
2026-05-03 02:00:00,-37.01,0.0,8.65,1.0,15,99.9,13.01,0.0,24.77,311739.41,24.77,88.14,29.22,-25.28,54.7
2026-05-03 03:00:00,-37.32,0.0,7.34,1.0,15,101.43,13.78,0.0,11.18,311705.57,11.18,104.03,33.84,-23.36,59.4
2026-05-03 04:00:00,-37.85,0.0,5.74,1.0,15,100.03,9.85,0.0,2.83,311670.7,2.83,107.04,34.86,-20.9,58.1
2026-05-03 05:00:00,-37.23,0.0,5.34,1.0,15,101.54,15.8,0.0,1.75,311633.59,1.75,115.58,37.11,-18.08,56.2
2026-05-03 06:00:00,-36.63,0.0,6.76,1.0,15,100.07,8.0,0.0,7.29,311600.88,7.29,100.79,32.71,-15.11,57.0
2026-05-03 07:00:00,-35.66,0.0,5.67,1.0,15,99.37,15.68,0.0,2.62,311565.14,2.62,112.43,35.74,-12.17,62.0
2026-05-03 08:00:00,-35.93,0.0,5.44,1.0,15,100.1,17.66,0.0,1.99,311528.37,1.99,115.76,36.77,-9.47,57.5
2026-05-03 09:00:00,-35.96,0.0,5.81,1.0,15,101.29,14.77,0.0,3.05,311492.37,3.05,113.01,36.0,-7.17,56.9
2026-05-03 10:00:00,-36.85,0.0,5.02,1.0,15,97.79,22.36,0.0,1.13,311454.4,1.13,119.01,37.97,-5.4,54.8
2026-05-03 11:00:00,-36.97,0.0,4.98,1.0,15,100.41,18.08,0.0,1.07,311416.84,1.07,117.42,37.56,-4.3,49.8
2026-05-03 12:00:00,-36.27,0.0,8.13,1.0,15,103.36,26.01,0.0,18.49,311381.36,18.49,110.89,35.48,-3.92,62.5
2026-05-03 13:00:00,-36.48,0.0,6.24,1.0,15,103.74,22.06,0.0,4.66,311342.9,4.66,121.13,38.47,-4.3,55.1
2026-05-03 14:00:00,-36.05,0.0,7.51,1.0,15,101.01,19.64,0.0,12.58,311308.28,12.58,108.07,34.62,-5.4,64.1
2026-05-03 15:00:00,-36.17,0.0,7.45,1.0,15,101.23,21.86,0.0,12.08,311272.79,12.08,111.02,35.49,-7.17,64.2
2026-05-03 16:00:00,-36.01,0.0,8.45,1.0,15,98.33,13.7,0.0,22.23,311243.39,22.23,89.81,29.4,-9.47,70.0
2026-05-03 17:00:00,-36.77,0.0,8.84,1.0,15,101.18,18.19,0.0,27.29,311213.12,27.29,92.07,30.27,-12.17,59.6
2026-05-03 18:00:00,-36.81,0.0,7.83,1.0,15,103.87,12.7,0.0,15.46,311180.26,15.46,101.11,32.86,-15.11,60.2
2026-05-03 19:00:00,-38.74,0.0,9.63,1.0,15,102.3,17.76,0.0,39.95,311152.81,39.95,80.11,27.45,-18.08,59.0
2026-05-03 20:00:00,-38.96,0.0,9.33,1.0,15,105.7,12.86,0.0,34.81,311124.25,34.81,83.76,28.56,-20.9,57.1
2026-05-03 21:00:00,-40.06,0.0,10.54,1.0,15,108.32,8.0,0.0,58.81,311102.84,58.81,57.5,21.41,-23.36,60.9
2026-05-03 22:00:00,-39.43,0.0,9.69,1.0,15,106.23,8.76,0.0,41.03,311076.93,41.03,73.96,25.91,-25.28,55.0
2026-05-03 23:00:00,-39.07,0.0,12.88,1.0,15,105.23,12.87,0.0,100.0,311067.05,100.0,18.1,9.88,-26.5,58.5
2026-05-04 00:00:00,-39.34,0.0,12.78,1.0,15,105.63,13.9,0.0,100.0,311056.68,100.0,19.54,10.37,-27.23,54.9
2026-05-04 01:00:00,-38.5,0.0,14.51,1.0,15,105.77,8.18,0.0,100.0,311048.16,100.0,13.95,8.53,-26.81,49.6
2026-05-04 02:00:00,-39.13,0.0,12.89,1.0,15,106.07,8.0,0.0,100.0,311039.41,100.0,14.07,8.75,-25.58,59.4
2026-05-04 03:00:00,-38.08,0.0,11.6,1.0,15,105.12,11.99,0.0,87.22,311026.46,87.22,29.89,12.94,-23.66,42.7
2026-05-04 04:00:00,-37.51,0.0,11.79,1.0,15,102.34,19.03,0.0,93.21,311014.19,93.21,28.15,12.28,-21.19,59.6
2026-05-04 05:00:00,-37.62,0.0,12.71,1.0,15,102.61,13.69,0.0,100.0,311005.25,100.0,16.3,8.93,-18.38,62.2
2026-05-04 06:00:00,-36.87,0.0,14.41,1.0,15,103.35,17.13,0.0,100.0,310995.36,100.0,20.48,9.9,-15.4,60.3
2026-05-04 07:00:00,-37.45,0.0,12.17,1.0,15,101.09,9.72,0.0,100.0,310988.04,100.0,10.81,7.32,-12.47,53.0
2026-05-04 08:00:00,-37.84,0.0,12.43,1.0,15,101.17,26.84,0.0,100.0,310975.7,100.0,28.01,12.33,-9.77,64.4
2026-05-04 09:00:00,-38.08,0.0,10.35,1.0,15,109.03,16.35,0.0,54.41,310951.05,54.41,70.97,24.65,-7.46,65.5
2026-05-04 10:00:00,-38.27,0.0,10.03,1.0,15,105.24,20.66,0.0,47.73,310924.29,47.73,78.17,26.76,-5.7,59.6
2026-05-04 11:00:00,-38.78,0.0,8.51,1.0,15,104.56,15.25,0.0,23.0,310892.07,23.0,96.81,32.22,-4.6,65.2
2026-05-04 12:00:00,-37.92,0.0,8.04,1.0,15,102.24,22.21,0.0,17.57,310857.23,17.57,106.89,34.84,-4.23,67.2
2026-05-04 13:00:00,-37.99,0.0,10.54,1.0,15,101.86,19.02,0.0,58.84,310835.15,58.84,62.05,22.08,-4.6,53.3
2026-05-04 14:00:00,-37.72,0.0,8.74,1.0,15,103.36,21.07,0.0,25.88,310802.75,25.88,98.55,32.4,-5.7,52.2
2026-05-04 15:00:00,-38.05,0.0,9.21,1.0,15,103.77,18.76,0.0,32.82,310772.77,32.82,89.71,29.98,-7.46,60.2
2026-05-04 16:00:00,-39.16,0.0,9.39,1.0,15,106.66,20.14,0.0,35.86,310742.1,35.86,90.95,30.67,-9.77,39.9
2026-05-04 17:00:00,-39.03,0.0,7.8,1.0,15,102.64,20.77,0.0,15.18,310706.55,15.18,108.23,35.55,-12.47,54.6
2026-05-04 18:00:00,-40.25,0.0,7.46,1.0,15,104.62,12.24,0.0,12.15,310671.63,12.15,104.71,34.92,-15.4,51.5
2026-05-04 19:00:00,-40.36,0.0,8.03,1.0,15,108.14,20.3,0.0,17.48,310634.9,17.48,110.95,36.73,-18.38,53.8
2026-05-04 20:00:00,-41.28,0.0,7.11,1.0,15,109.84,12.07,0.0,9.55,310597.49,9.55,112.35,37.41,-21.19,47.9
2026-05-04 21:00:00,-40.17,0.0,8.83,1.0,15,109.25,14.65,0.0,27.15,310564.87,27.15,96.75,32.62,-23.66,54.1
2026-05-04 22:00:00,-39.73,0.0,11.83,1.0,15,110.23,10.21,0.0,94.56,310552.58,94.56,25.88,12.29,-25.58,58.2
2026-05-04 23:00:00,-39.77,0.0,9.94,1.0,15,106.05,13.25,0.0,45.79,310526.7,45.79,73.5,25.88,-26.81,63.8
2026-05-05 00:00:00,-39.56,0.0,8.47,1.0,15,107.79,11.74,0.0,22.5,310494.18,22.5,97.03,32.52,-27.52,57.7
2026-05-05 01:00:00,-40.14,0.0,8.38,1.0,15,104.93,18.81,0.0,21.34,310459.95,21.34,102.41,34.23,-27.1,46.0
2026-05-05 02:00:00,-39.85,0.0,9.45,1.0,15,101.09,10.53,0.0,36.86,310433.69,36.86,74.75,26.26,-25.88,55.4
2026-05-05 03:00:00,-39.74,0.0,8.48,1.0,15,104.45,18.1,0.0,22.6,310400.28,22.6,99.95,33.41,-23.95,62.3
2026-05-05 04:00:00,-39.56,0.0,6.5,1.0,15,105.26,11.19,0.0,5.88,310363.9,5.88,110.57,36.38,-21.49,54.3
2026-05-05 05:00:00,-38.73,0.0,7.27,1.0,15,109.76,20.12,0.0,10.68,310325.3,10.68,119.2,38.59,-18.67,59.4
2026-05-05 06:00:00,-38.21,0.0,10.38,1.0,15,100.57,19.42,0.0,55.03,310302.33,55.03,64.95,22.98,-15.69,62.4
2026-05-05 07:00:00,-37.94,0.0,9.52,1.0,15,105.44,16.53,0.0,38.01,310274.02,38.01,83.96,28.31,-12.76,57.4
2026-05-05 08:00:00,-38.83,0.0,9.01,1.0,15,103.89,18.22,0.0,29.72,310243.04,29.72,92.38,30.98,-10.06,57.7
2026-05-05 09:00:00,-39.27,0.0,11.88,1.0,15,106.97,20.15,0.0,95.97,310229.38,95.97,31.15,13.66,-7.76,58.5
2026-05-05 10:00:00,-39.2,0.0,11.71,1.0,15,105.86,20.4,0.0,90.6,310214.46,90.6,35.66,14.92,-6.0,53.5
2026-05-05 11:00:00,-39.01,0.0,11.7,1.0,15,103.46,22.05,0.0,90.25,310199.71,90.25,35.26,14.75,-4.9,54.7
2026-05-05 12:00:00,-39.58,0.0,11.06,1.0,15,108.6,21.35,0.0,71.83,310178.27,71.83,58.12,21.44,-4.52,50.9
2026-05-05 13:00:00,-38.02,0.0,13.5,1.0,15,104.92,17.84,0.0,100.0,310167.38,100.0,22.75,10.89,-4.9,54.1
2026-05-05 14:00:00,-37.05,0.0,12.84,1.0,15,102.4,18.8,0.0,100.0,310157.22,100.0,21.2,10.16,-6.0,61.3
2026-05-05 15:00:00,-36.69,0.0,13.58,1.0,15,102.51,20.51,0.0,100.0,310146.65,100.0,23.03,10.57,-7.76,60.2
2026-05-05 16:00:00,-36.69,0.0,12.95,1.0,15,100.93,15.51,0.0,100.0,310137.96,100.0,16.44,8.69,-10.06,51.8
2026-05-05 17:00:00,-36.89,0.0,12.66,1.0,15,97.93,16.07,0.0,100.0,310129.91,100.0,14.0,8.06,-12.76,52.6
2026-05-05 18:00:00,-37.57,0.0,10.8,1.0,15,103.48,18.08,0.0,65.12,310109.55,65.12,56.44,20.35,-15.69,53.9
2026-05-05 19:00:00,-37.64,0.0,9.52,1.0,15,108.24,16.06,0.0,38.05,310080.68,38.05,86.25,28.87,-18.67,49.7
2026-05-05 20:00:00,-37.62,0.0,10.45,1.0,15,105.18,13.36,0.0,56.72,310058.77,56.72,61.82,21.91,-21.49,58.1
2026-05-05 21:00:00,-38.53,0.0,9.25,1.0,15,105.36,16.36,0.0,33.44,310029.06,33.44,88.28,29.72,-23.95,53.0
2026-05-05 22:00:00,-38.46,0.0,9.31,1.0,15,105.46,15.8,0.0,34.46,309999.78,34.46,86.8,29.28,-25.88,58.7
2026-05-05 23:00:00,-38.69,0.0,8.26,1.0,15,104.96,11.12,0.0,20.0,309967.79,20.0,96.09,31.99,-27.1,61.1
2026-05-06 00:00:00,-40.41,0.0,9.74,1.0,15,102.71,14.89,0.0,42.08,309941.14,42.08,75.52,26.65,-27.81,46.3
2026-05-06 01:00:00,-41.0,0.0,8.0,1.0,15,106.24,10.21,0.0,17.17,309907.55,17.17,99.28,33.59,-27.39,51.1
2026-05-06 02:00:00,-41.28,0.0,9.63,1.0,15,108.85,13.68,0.0,40.06,309878.66,40.06,82.47,28.89,-26.17,46.3
2026-05-06 03:00:00,-40.14,0.0,9.74,1.0,15,109.25,14.06,0.0,41.92,309850.42,41.92,81.39,28.24,-24.24,45.7
2026-05-06 04:00:00,-39.78,0.0,8.33,1.0,15,110.68,14.25,0.0,20.77,309815.8,20.77,104.16,34.62,-21.77,57.9
2026-05-06 05:00:00,-40.53,0.0,8.58,1.0,15,105.45,14.53,0.0,23.83,309783.24,23.83,96.15,32.56,-18.95,55.7
2026-05-06 06:00:00,-40.14,0.0,7.86,1.0,15,108.66,16.67,0.0,15.76,309746.97,15.76,109.57,36.27,-15.98,52.1
2026-05-06 07:00:00,-40.96,0.0,7.49,1.0,15,103.58,17.62,0.0,12.43,309710.68,12.43,108.76,36.28,-13.05,49.5
2026-05-06 08:00:00,-40.15,0.0,7.32,1.0,15,106.51,11.92,0.0,11.09,309675.05,11.09,107.34,35.64,-10.35,49.5
2026-05-06 09:00:00,-40.29,0.0,6.02,1.0,15,107.39,23.83,0.0,3.76,309633.63,3.76,127.45,41.41,-8.05,55.7
2026-05-06 10:00:00,-40.19,0.0,10.32,1.0,15,111.01,22.27,0.0,53.76,309605.91,53.76,79.52,27.72,-6.29,53.7
2026-05-06 11:00:00,-39.25,0.0,7.92,1.0,15,104.04,19.46,0.0,16.38,309570.61,16.38,107.12,35.3,-5.19,51.1
2026-05-06 12:00:00,-39.91,0.0,8.75,1.0,15,106.1,23.84,0.0,26.07,309536.03,26.07,103.87,34.58,-4.81,57.2
2026-05-06 13:00:00,-40.66,0.0,8.29,1.0,15,110.2,19.28,0.0,20.3,309499.72,20.3,109.18,36.31,-5.19,55.9
2026-05-06 14:00:00,-40.93,0.0,8.94,1.0,15,106.82,12.34,0.0,28.8,309468.69,28.8,90.37,31.03,-6.29,49.5
2026-05-06 15:00:00,-40.25,0.0,8.38,1.0,15,106.22,20.69,0.0,21.33,309433.52,21.33,105.59,35.17,-8.05,52.4
2026-05-06 16:00:00,-41.16,0.0,9.12,1.0,15,105.63,13.92,0.0,31.44,309403.06,31.44,88.11,30.46,-10.35,58.4
2026-05-06 17:00:00,-42.88,0.0,9.89,1.0,15,112.84,13.65,0.0,44.95,309373.96,44.95,81.54,29.1,-13.05,56.6
2026-05-06 18:00:00,-43.18,0.0,10.27,1.0,15,108.77,13.24,0.0,52.81,309348.28,52.81,69.2,25.68,-15.98,49.3
2026-05-06 19:00:00,-42.89,0.0,8.4,1.0,15,113.79,15.62,0.0,21.58,309311.68,21.58,107.83,36.6,-18.95,61.1
2026-05-06 20:00:00,-42.23,0.0,9.06,1.0,15,107.71,14.74,0.0,30.6,309279.84,30.6,91.85,31.85,-21.77,52.5
2026-05-06 21:00:00,-42.6,0.0,8.2,1.0,15,109.36,16.49,0.0,19.27,309243.69,19.27,106.57,36.15,-24.24,57.0
2026-05-06 22:00:00,-42.93,0.0,6.39,1.0,15,108.96,9.2,0.0,5.32,309205.65,5.32,112.84,38.04,-26.17,47.5
2026-05-06 23:00:00,-42.31,0.0,6.75,1.0,15,109.95,10.7,0.0,7.23,309167.63,7.23,113.42,38.02,-27.39,52.5
2026-05-07 00:00:00,-43.96,0.0,7.07,1.0,15,115.5,16.75,0.0,9.27,309126.39,9.27,122.98,41.24,-28.1,47.5
2026-05-07 01:00:00,-44.22,0.0,7.42,1.0,15,112.0,14.46,0.0,11.85,309087.46,11.85,114.62,38.93,-27.68,43.6
2026-05-07 02:00:00,-44.09,0.0,8.57,1.0,15,111.18,13.82,0.0,23.7,309052.36,23.7,101.31,35.1,-26.45,51.7
2026-05-07 03:00:00,-43.78,0.0,7.95,1.0,15,112.82,13.21,0.0,16.6,309015.05,16.6,109.42,37.32,-24.52,50.5
2026-05-07 04:00:00,-44.01,0.0,7.52,1.0,15,113.08,15.45,0.0,12.7,308975.83,12.7,115.83,39.22,-22.06,57.3
2026-05-07 05:00:00,-43.88,0.0,6.14,1.0,15,114.51,15.42,0.0,4.25,308933.85,4.25,125.68,41.98,-19.23,49.2
2026-05-07 06:00:00,-45.25,0.0,7.58,1.0,15,112.24,16.8,0.0,13.16,308894.25,13.16,115.87,39.6,-16.26,52.4
2026-05-07 07:00:00,-45.46,0.0,8.14,1.0,15,115.98,19.04,0.0,18.59,308854.43,18.59,116.43,39.82,-13.33,48.9
2026-05-07 08:00:00,-44.97,0.0,7.78,1.0,15,117.43,16.02,0.0,14.96,308814.17,14.96,118.49,40.26,-10.63,46.4
2026-05-07 09:00:00,-45.35,0.0,8.83,1.0,15,113.06,20.25,0.0,27.13,308777.3,27.13,106.18,36.87,-8.33,55.0
2026-05-07 10:00:00,-45.09,0.0,8.92,1.0,15,115.31,14.55,0.0,28.43,308741.86,28.43,101.44,35.44,-6.58,48.1
2026-05-07 11:00:00,-44.61,0.0,8.74,1.0,15,111.91,20.86,0.0,26.01,308705.05,26.01,106.77,36.81,-5.48,49.4
2026-05-07 12:00:00,-44.63,0.0,8.77,1.0,15,116.59,19.49,0.0,26.31,308667.38,26.31,109.77,37.67,-5.1,45.6
2026-05-07 13:00:00,-44.37,0.0,9.25,1.0,15,117.49,23.29,0.0,33.43,308630.47,33.43,107.35,36.91,-5.48,43.3
2026-05-07 14:00:00,-44.82,0.0,9.68,1.0,15,111.85,16.21,0.0,40.95,308599.2,40.95,87.1,31.27,-6.58,53.7
2026-05-07 15:00:00,-44.84,0.0,8.67,1.0,15,115.14,20.26,0.0,25.04,308561.3,25.04,110.37,37.91,-8.33,50.9
2026-05-07 16:00:00,-44.4,0.0,7.38,1.0,15,114.61,20.6,0.0,11.5,308519.72,11.5,123.71,41.58,-10.63,56.3
2026-05-07 17:00:00,-44.28,0.0,6.52,1.0,15,113.93,19.9,0.0,5.99,308477.0,5.99,127.84,42.72,-13.33,54.3
2026-05-07 18:00:00,-44.64,0.0,7.65,1.0,15,113.7,14.54,0.0,13.82,308438.0,13.82,114.42,39.0,-16.26,45.3
2026-05-07 19:00:00,-44.53,0.0,9.69,1.0,15,112.77,14.27,0.0,41.08,308407.14,41.08,85.96,30.86,-19.23,51.6
2026-05-07 20:00:00,-44.15,0.0,9.09,1.0,15,109.99,15.5,0.0,31.02,308373.97,31.02,94.47,33.17,-22.06,51.7
2026-05-07 21:00:00,-45.45,0.0,7.8,1.0,15,115.1,9.86,0.0,15.17,308336.05,15.17,109.79,37.93,-24.52,56.0
2026-05-07 22:00:00,-44.8,0.0,9.08,1.0,15,116.35,11.56,0.0,30.89,308301.96,30.89,97.02,34.09,-26.45,57.6
2026-05-07 23:00:00,-45.06,0.0,10.43,1.0,15,117.27,10.29,0.0,56.18,308275.1,56.18,71.37,26.86,-27.68,42.6
2026-05-08 00:00:00,-45.29,0.0,11.73,1.0,15,115.59,8.0,0.0,91.37,308259.33,91.37,32.22,15.77,-28.38,56.5
2026-05-08 01:00:00,-44.57,0.0,11.25,1.0,15,111.91,17.3,0.0,77.03,308238.09,77.03,52.18,21.24,-27.96,56.4
2026-05-08 02:00:00,-45.39,0.0,12.17,1.0,15,112.54,12.98,0.0,100.0,308224.2,100.0,25.52,13.89,-26.73,46.9
2026-05-08 03:00:00,-45.77,0.0,9.08,1.0,15,114.58,10.17,0.0,30.83,308190.7,30.83,93.92,33.5,-24.8,50.4
2026-05-08 04:00:00,-45.85,0.0,7.51,1.0,15,111.86,8.0,0.0,12.6,308153.38,12.6,107.26,37.32,-22.33,40.1
2026-05-08 05:00:00,-46.19,0.0,6.32,1.0,15,111.04,16.3,0.0,5.01,308111.65,5.01,122.33,41.72,-19.51,50.1
2026-05-08 06:00:00,-44.97,0.0,7.82,1.0,15,111.75,11.8,0.0,15.33,308074.32,15.33,108.23,37.34,-16.53,46.0
2026-05-08 07:00:00,-45.31,0.0,6.41,1.0,15,115.92,15.66,0.0,5.42,308031.77,5.42,126.16,42.55,-13.6,53.6
2026-05-08 08:00:00,-45.45,0.0,7.04,1.0,15,111.84,18.61,0.0,9.08,307990.54,9.08,121.37,41.23,-10.91,53.0
2026-05-08 09:00:00,-45.11,0.0,7.42,1.0,15,115.65,15.95,0.0,11.83,307949.88,11.83,119.77,40.67,-8.61,50.7
2026-05-08 10:00:00,-45.63,0.0,7.13,1.0,15,113.9,25.36,0.0,9.67,307906.26,9.67,129.59,43.62,-6.86,51.8
2026-05-08 11:00:00,-45.65,0.0,9.3,1.0,15,118.41,17.77,0.0,34.27,307870.52,34.27,101.91,35.74,-5.76,46.8
2026-05-08 12:00:00,-45.26,0.0,7.95,1.0,15,113.84,17.28,0.0,16.64,307831.31,16.64,114.47,39.2,-5.38,45.4
2026-05-08 13:00:00,-45.3,0.0,7.65,1.0,15,114.2,21.53,0.0,13.84,307789.98,13.84,121.89,41.33,-5.76,61.6
2026-05-08 14:00:00,-45.22,0.0,9.07,1.0,15,113.44,19.33,0.0,30.67,307754.32,30.67,102.09,35.66,-6.86,56.2
2026-05-08 15:00:00,-45.43,0.0,7.02,1.0,15,113.82,25.47,0.0,8.93,307710.54,8.93,130.36,43.78,-8.61,51.6
2026-05-08 16:00:00,-46.28,0.0,8.15,1.0,15,116.93,22.98,0.0,18.72,307669.12,18.72,121.18,41.42,-10.91,49.2
2026-05-08 17:00:00,-46.04,0.0,9.66,1.0,15,116.99,22.17,0.0,40.5,307634.19,40.5,98.66,34.93,-13.6,62.5
2026-05-08 18:00:00,-44.96,0.0,11.71,1.0,15,114.59,18.15,0.0,90.61,307615.69,90.61,42.13,18.5,-16.53,59.6
2026-05-08 19:00:00,-44.98,0.0,12.61,1.0,15,111.92,17.35,0.0,100.0,307600.86,100.0,29.27,14.84,-19.51,49.8
2026-05-08 20:00:00,-44.9,0.0,10.87,1.0,15,115.48,13.13,0.0,66.93,307576.81,66.93,61.69,24.05,-22.33,46.5
2026-05-08 21:00:00,-44.54,0.0,10.56,1.0,15,111.37,15.35,0.0,59.23,307551.21,59.23,67.5,25.6,-24.8,51.9
2026-05-08 22:00:00,-45.38,0.0,8.41,1.0,15,112.94,10.92,0.0,21.71,307515.48,21.71,102.15,35.72,-26.73,49.1
2026-05-08 23:00:00,-44.4,0.0,7.65,1.0,15,112.57,12.51,0.0,13.8,307477.45,13.8,111.27,38.03,-27.96,47.0
2026-05-09 00:00:00,-44.77,0.0,6.43,1.0,15,116.1,8.73,0.0,5.51,307437.01,5.51,119.32,40.44,-28.66,58.3
2026-05-09 01:00:00,-43.81,0.0,6.44,1.0,15,110.4,11.58,0.0,5.57,307397.69,5.57,116.42,39.32,-28.24,54.8
2026-05-09 02:00:00,-44.27,0.0,8.84,1.0,15,114.42,14.58,0.0,27.32,307362.43,27.32,101.68,35.26,-27.01,49.8
2026-05-09 03:00:00,-43.14,0.0,8.27,1.0,15,106.21,16.6,0.0,20.1,307327.22,20.1,102.71,35.21,-25.08,50.5
2026-05-09 04:00:00,-42.62,0.0,8.61,1.0,15,112.17,15.6,0.0,24.23,307291.92,24.23,103.55,35.3,-22.6,53.1
2026-05-09 05:00:00,-42.21,0.0,8.4,1.0,15,112.72,19.46,0.0,21.63,307254.75,21.63,110.55,37.17,-19.78,50.9
2026-05-09 06:00:00,-41.97,0.0,8.34,1.0,15,111.39,12.25,0.0,20.9,307219.88,20.9,102.73,34.87,-16.81,50.7
2026-05-09 07:00:00,-41.99,0.0,11.42,1.0,15,109.98,19.24,0.0,81.85,307200.78,81.85,47.37,19.1,-13.88,63.8
2026-05-09 08:00:00,-41.12,0.0,9.94,1.0,15,107.21,16.11,0.0,45.8,307173.35,45.8,77.53,27.43,-11.18,49.6
2026-05-09 09:00:00,-40.89,0.0,10.05,1.0,15,106.32,20.94,0.0,47.99,307145.49,47.99,79.27,27.86,-8.88,43.3
2026-05-09 10:00:00,-41.94,0.0,9.38,1.0,15,108.15,17.96,0.0,35.66,307114.14,35.66,90.44,31.36,-7.13,56.8
2026-05-09 11:00:00,-42.47,0.0,7.47,1.0,15,109.5,19.14,0.0,12.27,307075.23,12.27,116.37,38.9,-6.03,58.7
2026-05-09 12:00:00,-42.44,0.0,7.78,1.0,15,112.83,23.56,0.0,15.0,307034.9,15.0,121.4,40.33,-5.66,53.9
2026-05-09 13:00:00,-42.13,0.0,9.38,1.0,15,110.04,21.58,0.0,35.59,307001.9,35.59,96.02,33.01,-6.03,45.3
2026-05-09 14:00:00,-42.08,0.0,7.68,1.0,15,111.95,17.89,0.0,14.08,306963.28,14.08,115.76,38.62,-7.13,52.8
2026-05-09 15:00:00,-41.3,0.0,6.31,1.0,15,115.71,15.16,0.0,4.98,306922.01,4.98,125.89,41.27,-8.88,51.5
2026-05-09 16:00:00,-42.48,0.0,5.75,1.0,15,114.47,16.12,0.0,2.84,306879.86,2.84,127.75,42.15,-11.18,59.8
2026-05-09 17:00:00,-42.4,0.0,7.66,1.0,15,110.69,17.45,0.0,13.84,306841.56,13.84,114.3,38.3,-13.88,49.0
2026-05-09 18:00:00,-43.55,0.0,8.82,1.0,15,111.27,12.86,0.0,27.11,306807.84,27.11,97.03,33.72,-16.81,53.5
2026-05-09 19:00:00,-43.15,0.0,9.02,1.0,15,113.72,16.07,0.0,29.87,306773.42,29.87,99.91,34.42,-19.78,55.6
2026-05-09 20:00:00,-43.29,0.0,8.81,1.0,15,113.93,10.96,0.0,26.92,306739.52,26.92,97.96,33.91,-22.6,48.2
2026-05-09 21:00:00,-43.13,0.0,10.65,1.0,15,113.03,12.74,0.0,61.3,306715.2,61.3,64.48,24.31,-25.08,49.7
2026-05-09 22:00:00,-43.75,0.0,11.17,1.0,15,116.05,13.88,0.0,74.72,306693.34,74.72,55.21,21.86,-27.01,54.4
2026-05-09 23:00:00,-43.06,0.0,11.79,1.0,15,109.66,11.44,0.0,93.1,306679.44,93.1,28.0,13.9,-28.24,36.7
2026-05-10 00:00:00,-42.95,0.0,12.24,1.0,15,112.2,16.08,0.0,100.0,306665.5,100.0,28.28,13.95,-28.93,59.6
2026-05-10 01:00:00,-42.66,0.0,11.75,1.0,15,111.04,14.01,0.0,91.95,306650.27,91.95,33.1,15.23,-28.51,48.0
2026-05-10 02:00:00,-42.77,0.0,10.73,1.0,15,112.79,10.12,0.0,63.36,306627.47,63.36,59.55,22.8,-27.28,53.1
2026-05-10 03:00:00,-42.42,0.0,11.83,1.0,15,109.73,9.92,0.0,94.29,306614.51,94.29,25.37,12.95,-25.35,46.4
2026-05-10 04:00:00,-42.81,0.0,13.18,1.0,15,112.17,18.91,0.0,100.0,306599.81,100.0,31.08,14.7,-22.87,59.5
2026-05-10 05:00:00,-42.22,0.0,9.9,1.0,15,106.51,18.63,0.0,44.98,306571.3,44.98,80.17,28.52,-20.05,53.3
2026-05-10 06:00:00,-41.13,0.0,7.78,1.0,15,108.71,15.43,0.0,14.94,306534.84,14.94,109.2,36.46,-17.07,55.2
2026-05-10 07:00:00,-40.38,0.0,10.78,1.0,15,111.36,18.53,0.0,64.53,306511.1,64.53,65.35,23.74,-14.14,57.5
2026-05-10 08:00:00,-40.71,0.0,9.41,1.0,15,106.95,17.89,0.0,36.16,306480.61,36.16,88.68,30.49,-11.45,59.9
2026-05-10 09:00:00,-40.36,0.0,10.95,1.0,15,107.33,21.64,0.0,68.94,306458.39,68.94,60.03,22.22,-9.15,49.1
2026-05-10 10:00:00,-41.01,0.0,9.92,1.0,15,110.92,20.89,0.0,45.49,306428.49,45.49,86.32,29.91,-7.4,52.9
2026-05-10 11:00:00,-40.54,0.0,8.17,1.0,15,108.87,14.8,0.0,18.96,306393.49,18.96,104.71,35.0,-6.31,60.9
2026-05-10 12:00:00,-40.16,0.0,6.72,1.0,15,103.48,24.43,0.0,7.07,306354.0,7.07,120.84,39.49,-5.93,52.7
2026-05-10 13:00:00,-41.21,0.0,6.05,1.0,15,108.57,24.9,0.0,3.9,306311.71,3.9,129.57,42.29,-6.31,60.9
2026-05-10 14:00:00,-41.85,0.0,5.94,1.0,15,110.71,18.97,0.0,3.48,306270.18,3.48,126.21,41.52,-7.4,54.6
2026-05-10 15:00:00,-41.98,0.0,6.68,1.0,15,113.08,20.61,0.0,6.85,306228.44,6.85,126.84,41.75,-9.15,51.4
2026-05-10 16:00:00,-42.16,0.0,8.03,1.0,15,112.94,22.01,0.0,17.44,306189.3,17.44,117.51,39.14,-11.45,56.8
2026-05-10 17:00:00,-42.92,0.0,11.78,1.0,15,111.38,27.86,0.0,92.76,306170.18,92.76,46.48,19.12,-14.14,52.0
2026-05-10 18:00:00,-42.73,0.0,10.69,1.0,15,112.63,18.08,0.0,62.43,306144.9,62.43,68.28,25.28,-17.07,57.2
2026-05-10 19:00:00,-42.66,0.0,10.18,1.0,15,110.94,16.38,0.0,50.82,306117.3,50.82,76.51,27.6,-20.05,50.6
2026-05-10 20:00:00,-42.87,0.0,9.83,1.0,15,110.34,16.83,0.0,43.73,306087.65,43.73,83.45,29.64,-22.87,57.1
2026-05-10 21:00:00,-43.43,0.0,9.64,1.0,15,114.73,16.2,0.0,40.21,306055.77,40.21,90.72,31.88,-25.35,54.6
2026-05-10 22:00:00,-42.9,0.0,9.43,1.0,15,113.76,14.49,0.0,36.49,306023.75,36.49,91.76,32.02,-27.28,51.1
2026-05-10 23:00:00,-42.0,0.0,7.03,1.0,15,110.69,9.03,0.0,8.99,305986.59,8.99,110.73,37.16,-28.51,44.4
2026-05-11 00:00:00,-42.83,0.0,5.16,1.0,15,109.95,13.43,0.0,1.37,305945.97,1.37,122.01,40.62,-29.2,55.3
2026-05-11 01:00:00,-43.27,0.0,4.66,1.0,15,112.01,13.78,0.0,0.63,305904.31,0.63,125.16,41.65,-28.78,57.9
2026-05-11 02:00:00,-43.01,0.0,4.33,1.0,15,111.74,8.49,0.0,0.32,305864.24,0.32,119.92,40.08,-27.54,53.7
2026-05-11 03:00:00,-43.22,0.0,6.36,1.0,15,114.03,15.23,0.0,5.21,305822.92,5.21,124.05,41.32,-25.61,41.4
2026-05-11 04:00:00,-43.27,0.0,5.99,1.0,15,111.4,10.86,0.0,3.67,305783.14,3.67,118.59,39.78,-23.13,58.2
2026-05-11 05:00:00,-42.75,0.0,8.69,1.0,15,111.33,19.29,0.0,25.22,305747.27,25.22,105.4,35.86,-20.31,54.9
2026-05-11 06:00:00,-43.81,0.0,10.97,1.0,15,113.31,14.1,0.0,69.41,305724.6,69.41,58.01,22.67,-17.33,55.2
2026-05-11 07:00:00,-42.87,0.0,13.47,1.0,15,110.86,20.5,0.0,100.0,305709.8,100.0,31.36,14.8,-14.4,52.4
2026-05-11 08:00:00,-42.68,0.0,14.52,1.0,15,111.72,16.7,0.0,100.0,305695.89,100.0,28.42,13.9,-11.71,43.3
2026-05-11 09:00:00,-42.78,0.0,12.07,1.0,15,111.55,23.47,0.0,100.0,305680.08,100.0,35.02,15.82,-9.42,55.8
2026-05-11 10:00:00,-42.68,0.0,11.14,1.0,15,109.36,24.55,0.0,73.88,305657.17,73.88,60.03,22.91,-7.67,51.9
2026-05-11 11:00:00,-42.55,0.0,11.07,1.0,15,109.73,22.54,0.0,72.01,305634.23,72.01,60.26,22.94,-6.57,49.4
2026-05-11 12:00:00,-43.47,0.0,13.93,1.0,15,109.28,19.11,0.0,100.0,305620.09,100.0,28.39,14.13,-6.2,61.1
2026-05-11 13:00:00,-42.45,0.0,16.94,1.0,15,109.17,22.11,0.0,100.0,305605.45,100.0,31.28,14.65,-6.57,56.1
2026-05-11 14:00:00,-42.35,0.0,19.14,1.0,15,113.78,18.21,0.0,100.0,305590.63,100.0,31.99,14.82,-7.67,54.3
2026-05-11 15:00:00,-42.04,0.0,19.14,1.0,15,111.62,16.26,0.0,100.0,305577.07,100.0,27.88,13.56,-9.42,49.2
2026-05-11 16:00:00,-41.47,0.0,20.57,1.0,15,107.51,17.21,0.0,100.0,305564.58,100.0,24.72,12.48,-11.71,49.0
2026-05-11 17:00:00,-42.13,0.0,19.11,1.0,15,109.88,17.51,0.0,100.0,305551.14,100.0,27.39,13.44,-14.4,55.9
2026-05-11 18:00:00,-41.91,0.0,17.69,1.0,15,108.04,14.59,0.0,100.0,305539.12,100.0,22.63,12.02,-17.33,43.6
2026-05-11 19:00:00,-42.16,0.0,19.43,1.0,15,111.95,14.55,0.0,100.0,305525.92,100.0,26.5,13.2,-20.31,56.1
2026-05-11 20:00:00,-41.77,0.0,19.19,1.0,15,110.29,12.58,0.0,100.0,305513.87,100.0,22.87,12.05,-23.13,56.7
2026-05-11 21:00:00,-43.18,0.0,23.26,1.0,15,113.43,13.36,0.0,100.0,305500.28,100.0,26.79,13.59,-25.61,59.5
2026-05-11 22:00:00,-43.35,0.0,20.01,1.0,15,111.5,12.22,0.0,100.0,305487.52,100.0,23.71,12.76,-27.54,57.4
2026-05-11 23:00:00,-43.81,0.0,20.37,1.0,15,115.11,8.35,0.0,100.0,305474.69,100.0,23.46,12.83,-28.78,57.8
2026-05-12 00:00:00,-44.07,0.0,18.45,1.0,15,110.69,12.79,0.0,100.0,305461.78,100.0,23.47,12.91,-29.46,49.0
2026-05-12 01:00:00,-43.84,0.0,18.05,1.0,15,111.65,10.51,0.0,100.0,305449.31,100.0,22.16,12.47,-29.04,44.8
2026-05-12 02:00:00,-44.3,0.0,17.14,1.0,15,112.79,10.18,0.0,100.0,305436.48,100.0,22.97,12.84,-27.8,52.7
2026-05-12 03:00:00,-44.72,0.0,16.69,1.0,15,116.08,10.58,0.0,100.0,305422.46,100.0,26.66,14.01,-25.87,53.7
2026-05-12 04:00:00,-44.73,0.0,12.98,1.0,15,113.14,14.77,0.0,100.0,305408.09,100.0,27.91,14.37,-23.39,56.5
2026-05-12 05:00:00,-45.18,0.0,13.06,1.0,15,112.91,16.54,0.0,100.0,305393.14,100.0,29.45,14.95,-20.57,58.5
2026-05-12 06:00:00,-44.55,0.0,10.56,1.0,15,114.07,16.89,0.0,59.28,305366.35,59.28,71.67,26.79,-17.59,45.8
2026-05-12 07:00:00,-44.63,0.0,8.44,1.0,15,119.54,19.85,0.0,22.05,305326.52,22.05,117.34,39.83,-14.66,55.8
2026-05-12 08:00:00,-46.22,0.0,8.27,1.0,15,114.49,18.75,0.0,20.11,305287.41,20.11,113.14,39.11,-11.97,39.1
2026-05-12 09:00:00,-46.25,0.0,9.82,1.0,15,119.41,20.08,0.0,43.52,305253.18,43.52,95.96,34.22,-9.68,51.7
2026-05-12 10:00:00,-46.67,0.0,9.4,1.0,15,117.33,17.83,0.0,36.02,305217.93,36.02,99.14,35.26,-7.93,53.5
2026-05-12 11:00:00,-47.46,0.0,10.63,1.0,15,118.57,22.33,0.0,61.05,305187.93,61.05,79.86,30.0,-6.83,41.8
2026-05-12 12:00:00,-48.01,0.0,10.98,1.0,15,118.09,20.57,0.0,69.68,305160.87,69.68,68.98,27.06,-6.46,52.1
2026-05-12 13:00:00,-47.76,0.0,9.31,1.0,15,120.41,22.72,0.0,34.4,305122.55,34.4,108.73,38.32,-6.83,43.9
2026-05-12 14:00:00,-46.81,0.0,11.7,1.0,15,119.84,20.11,0.0,90.21,305101.33,90.21,49.74,21.22,-7.93,47.9
2026-05-12 15:00:00,-46.52,0.0,9.12,1.0,15,120.42,19.69,0.0,31.49,305063.42,31.49,108.62,37.91,-9.68,54.4
2026-05-12 16:00:00,-46.83,0.0,10.96,1.0,15,118.21,16.38,0.0,69.11,305037.71,69.11,65.49,25.71,-11.97,48.3
2026-05-12 17:00:00,-46.52,0.0,9.64,1.0,15,115.59,17.19,0.0,40.1,305004.33,40.1,92.68,33.37,-14.66,48.4
2026-05-12 18:00:00,-46.81,0.0,9.37,1.0,15,121.49,22.6,0.0,35.37,304966.31,35.37,108.71,38.02,-17.59,51.5
2026-05-12 19:00:00,-47.26,0.0,8.9,1.0,15,117.25,9.78,0.0,28.22,304930.97,28.22,98.81,35.34,-20.57,53.5
2026-05-12 20:00:00,-48.0,0.0,7.67,1.0,15,117.69,12.89,0.0,14.01,304890.35,14.01,116.57,40.62,-23.39,49.0
2026-05-12 21:00:00,-49.1,0.0,7.48,1.0,15,121.73,15.67,0.0,12.31,304846.97,12.31,125.09,43.38,-25.87,56.1
2026-05-12 22:00:00,-49.36,0.0,6.74,1.0,15,119.39,10.75,0.0,7.18,304804.12,7.18,122.96,42.85,-27.8,46.3
2026-05-12 23:00:00,-49.28,0.0,6.26,1.0,15,120.28,13.23,0.0,4.74,304759.64,4.74,128.77,44.48,-29.04,54.2
2026-05-13 00:00:00,-49.78,0.0,5.85,1.0,15,123.53,12.6,0.0,3.16,304713.81,3.16,132.97,45.83,-29.72,50.3
2026-05-13 01:00:00,-50.0,0.0,6.62,1.0,15,128.83,15.45,0.0,6.5,304666.54,6.5,137.78,47.27,-29.29,50.9
2026-05-13 02:00:00,-50.52,0.0,9.64,1.0,15,124.55,12.17,0.0,40.18,304630.87,40.18,96.53,35.67,-28.06,41.3
2026-05-13 03:00:00,-50.05,0.0,11.12,1.0,15,125.19,8.38,0.0,73.42,304605.71,73.42,60.15,25.16,-26.12,53.5
2026-05-13 04:00:00,-50.72,0.0,14.14,1.0,15,122.51,19.32,0.0,100.0,304585.57,100.0,41.82,20.14,-23.64,47.6
2026-05-13 05:00:00,-50.08,0.0,15.17,1.0,15,123.22,14.95,0.0,100.0,304566.67,100.0,38.17,18.9,-20.82,59.0
2026-05-13 06:00:00,-50.5,0.0,16.37,1.0,15,119.05,16.98,0.0,100.0,304548.25,100.0,36.03,18.42,-17.84,48.4
2026-05-13 07:00:00,-50.72,0.0,17.35,1.0,15,120.69,16.3,0.0,100.0,304529.49,100.0,36.99,18.76,-14.91,46.9
2026-05-13 08:00:00,-51.36,0.0,17.44,1.0,15,124.95,19.25,0.0,100.0,304508.49,100.0,44.2,21.01,-12.22,43.9
2026-05-13 09:00:00,-51.39,0.0,18.53,1.0,15,125.44,22.63,0.0,100.0,304486.37,100.0,48.07,22.12,-9.93,46.5
2026-05-13 10:00:00,-50.53,0.0,17.05,1.0,15,125.19,19.96,0.0,100.0,304465.34,100.0,45.15,21.03,-8.18,54.2
2026-05-13 11:00:00,-49.97,0.0,19.36,1.0,15,122.04,18.51,0.0,100.0,304445.8,100.0,40.55,19.55,-7.09,51.4
2026-05-13 12:00:00,-49.15,0.0,20.52,1.0,15,124.5,17.08,0.0,100.0,304426.2,100.0,41.59,19.6,-6.72,49.6
2026-05-13 13:00:00,-48.64,0.0,19.32,1.0,15,121.61,24.37,0.0,100.0,304405.5,100.0,45.98,20.7,-7.09,52.8
2026-05-13 14:00:00,-49.16,0.0,20.38,1.0,15,117.2,19.07,0.0,100.0,304387.41,100.0,36.28,18.09,-8.18,45.9
2026-05-13 15:00:00,-49.23,0.0,17.81,1.0,15,117.32,21.34,0.0,100.0,304368.63,100.0,38.66,18.79,-9.93,45.5
2026-05-13 16:00:00,-49.61,0.0,16.99,1.0,15,122.17,20.83,0.0,100.0,304348.49,100.0,43.0,20.14,-12.22,44.7
2026-05-13 17:00:00,-48.74,0.0,15.52,1.0,15,120.02,16.99,0.0,100.0,304330.32,100.0,37.01,18.17,-14.91,53.4
2026-05-13 18:00:00,-49.44,0.0,17.1,1.0,15,122.12,16.26,0.0,100.0,304311.55,100.0,38.38,18.77,-17.84,53.4
2026-05-13 19:00:00,-48.9,0.0,17.87,1.0,15,120.05,15.37,0.0,100.0,304293.79,100.0,35.42,17.76,-20.82,44.3
2026-05-13 20:00:00,-48.38,0.0,18.45,1.0,15,118.67,16.67,0.0,100.0,304276.2,100.0,35.34,17.59,-23.64,45.3
2026-05-13 21:00:00,-47.32,0.0,14.97,1.0,15,116.73,10.88,0.0,100.0,304261.14,100.0,27.6,15.06,-26.12,48.8
2026-05-13 22:00:00,-47.63,0.0,14.43,1.0,15,118.7,12.29,0.0,100.0,304245.02,100.0,30.99,16.12,-28.06,44.2
2026-05-13 23:00:00,-47.24,0.0,14.5,1.0,15,120.08,13.78,0.0,100.0,304228.2,100.0,33.86,16.82,-29.29,50.7
2026-05-14 00:00:00,-46.34,0.0,12.18,1.0,15,114.46,13.84,0.0,100.0,304213.23,100.0,28.3,14.97,-29.97,57.4
2026-05-14 01:00:00,-46.75,0.0,11.95,1.0,15,117.15,14.76,0.0,98.45,304196.67,98.45,33.46,16.56,-29.54,51.8
2026-05-14 02:00:00,-47.67,0.0,9.3,1.0,15,122.03,8.91,0.0,34.38,304161.85,34.38,96.56,34.82,-28.31,54.4
2026-05-14 03:00:00,-48.76,0.0,7.5,1.0,15,116.75,12.34,0.0,12.53,304121.01,12.53,116.55,40.85,-26.37,41.8
2026-05-14 04:00:00,-48.23,0.0,6.91,1.0,15,121.17,15.47,0.0,8.22,304076.93,8.22,128.43,44.07,-23.89,46.3
2026-05-14 05:00:00,-49.24,0.0,7.99,1.0,15,120.86,11.43,0.0,17.05,304036.32,17.05,115.25,40.62,-21.06,38.6
2026-05-14 06:00:00,-49.29,0.0,6.91,1.0,15,119.68,21.77,0.0,8.21,303990.56,8.21,133.24,45.76,-18.09,47.7
2026-05-14 07:00:00,-48.82,0.0,6.31,1.0,15,119.46,13.02,0.0,4.96,303946.57,4.96,127.52,43.99,-15.16,59.3
2026-05-14 08:00:00,-48.5,0.0,5.95,1.0,15,122.45,15.34,0.0,3.52,303900.75,3.52,134.27,45.82,-12.47,57.5
2026-05-14 09:00:00,-48.02,0.0,5.82,1.0,15,119.15,17.54,0.0,3.09,303855.27,3.09,133.6,45.48,-10.18,50.9
2026-05-14 10:00:00,-47.67,0.0,5.69,1.0,15,116.53,17.92,0.0,2.67,303810.41,2.67,131.78,44.86,-8.43,49.6
2026-05-14 11:00:00,-46.7,0.0,6.19,1.0,15,115.47,22.35,0.0,4.43,303765.38,4.43,133.39,45.03,-7.34,52.4
2026-05-14 12:00:00,-47.1,0.0,7.47,1.0,15,116.91,21.26,0.0,12.27,303722.37,12.27,125.9,43.01,-6.97,43.8
2026-05-14 13:00:00,-47.35,0.0,7.6,1.0,15,120.31,18.18,0.0,13.39,303679.51,13.39,125.1,42.86,-7.34,50.7
2026-05-14 14:00:00,-47.69,0.0,9.04,1.0,15,117.82,26.62,0.0,30.27,303639.67,30.27,114.17,39.85,-8.43,38.5
2026-05-14 15:00:00,-47.09,0.0,9.79,1.0,15,117.94,21.93,0.0,43.02,303604.94,43.02,96.85,34.73,-10.18,36.9
2026-05-14 16:00:00,-46.49,0.0,8.11,1.0,15,115.54,19.53,0.0,18.35,303564.72,18.35,116.73,40.21,-12.47,48.4
2026-05-14 17:00:00,-46.21,0.0,6.48,1.0,15,115.75,19.82,0.0,5.8,303520.88,5.8,129.77,43.85,-15.16,62.2
2026-05-14 18:00:00,-45.52,0.0,8.9,1.0,15,115.2,17.7,0.0,28.11,303484.36,28.11,104.78,36.52,-18.09,59.2
2026-05-14 19:00:00,-46.29,0.0,7.24,1.0,15,114.7,15.92,0.0,10.43,303443.22,10.43,120.2,41.14,-21.06,56.0
2026-05-14 20:00:00,-45.35,0.0,6.38,1.0,15,113.58,15.76,0.0,5.32,303401.26,5.32,124.02,41.95,-23.89,51.1
2026-05-14 21:00:00,-44.53,0.0,5.03,1.0,15,112.87,13.2,0.0,1.14,303359.3,1.14,124.93,41.96,-26.37,59.4
2026-05-14 22:00:00,-44.19,0.0,6.54,1.0,15,116.8,14.91,0.0,6.09,303317.24,6.09,125.62,42.06,-28.31,49.3
2026-05-14 23:00:00,-43.22,0.0,7.45,1.0,15,112.13,13.14,0.0,12.09,303279.01,12.09,113.18,38.22,-29.54,46.7
2026-05-15 00:00:00,-44.76,0.0,11.39,1.0,15,112.41,12.07,0.0,81.01,303260.2,81.01,43.46,18.82,-30.21,48.6
2026-05-15 01:00:00,-45.14,0.0,12.47,1.0,15,116.83,17.8,0.0,100.0,303243.79,100.0,34.62,16.41,-29.79,43.1
2026-05-15 02:00:00,-45.62,0.0,11.09,1.0,15,117.68,13.15,0.0,72.51,303220.49,72.51,58.31,23.3,-28.55,62.1
2026-05-15 03:00:00,-45.17,0.0,9.96,1.0,15,113.0,12.58,0.0,46.24,303191.33,46.24,79.33,29.16,-26.61,53.8
2026-05-15 04:00:00,-45.76,0.0,8.9,1.0,15,119.51,11.67,0.0,28.14,303155.23,28.14,103.04,36.1,-24.13,46.3
2026-05-15 05:00:00,-45.22,0.0,7.59,1.0,15,115.94,12.34,0.0,13.25,303115.88,13.25,115.02,39.35,-21.3,50.7
2026-05-15 06:00:00,-44.29,0.0,6.59,1.0,15,114.57,16.63,0.0,6.35,303074.02,6.35,124.84,41.87,-18.33,51.2
2026-05-15 07:00:00,-43.75,0.0,5.85,1.0,15,113.6,16.58,0.0,3.18,303031.7,3.18,127.0,42.32,-15.4,59.4
2026-05-15 08:00:00,-43.44,0.0,5.24,1.0,15,113.08,16.53,0.0,1.54,302989.17,1.54,128.07,42.53,-12.71,63.6
2026-05-15 09:00:00,-43.9,0.0,5.32,1.0,15,112.79,23.56,0.0,1.72,302944.62,1.72,134.64,44.54,-10.42,57.5
2026-05-15 10:00:00,-44.27,0.0,5.62,1.0,15,115.04,23.52,0.0,2.47,302899.56,2.47,136.1,45.07,-8.68,55.5
2026-05-15 11:00:00,-43.37,0.0,9.29,1.0,15,111.49,17.86,0.0,34.21,302866.43,34.21,95.14,33.12,-7.59,54.1
2026-05-15 12:00:00,-42.78,0.0,9.4,1.0,15,114.77,19.97,0.0,35.99,302832.45,35.99,98.75,33.98,-7.21,53.5
2026-05-15 13:00:00,-42.72,0.0,12.82,1.0,15,106.83,15.98,0.0,100.0,302820.14,100.0,22.81,12.32,-7.59,53.4
2026-05-15 14:00:00,-42.92,0.0,11.2,1.0,15,109.53,18.92,0.0,75.7,302799.23,75.7,52.75,20.91,-8.68,53.4
2026-05-15 15:00:00,-44.12,0.0,10.34,1.0,15,114.17,17.64,0.0,54.17,302770.86,54.17,77.65,28.37,-10.42,50.9
2026-05-15 16:00:00,-44.76,0.0,9.26,1.0,15,114.21,18.27,0.0,33.7,302736.28,33.7,98.78,34.58,-12.71,49.2
2026-05-15 17:00:00,-43.63,0.0,7.98,1.0,15,111.52,15.01,0.0,16.9,302698.95,16.9,109.62,37.33,-15.4,47.0
2026-05-15 18:00:00,-44.47,0.0,6.89,1.0,15,114.32,11.18,0.0,8.08,302659.14,8.08,117.42,39.81,-18.33,50.5
2026-05-15 19:00:00,-44.44,0.0,9.91,1.0,15,111.22,13.68,0.0,45.28,302630.12,45.28,79.62,29.02,-21.3,45.1
2026-05-15 20:00:00,-43.94,0.0,13.14,1.0,15,110.82,18.03,0.0,100.0,302615.71,100.0,28.85,14.4,-24.13,49.2
2026-05-15 21:00:00,-44.82,0.0,10.05,1.0,15,114.19,11.41,0.0,48.03,302587.16,48.03,77.57,28.55,-26.61,50.8
2026-05-15 22:00:00,-44.82,0.0,8.4,1.0,15,115.31,18.72,0.0,21.62,302548.68,21.62,112.41,38.48,-28.55,52.7
2026-05-15 23:00:00,-44.36,0.0,8.22,1.0,15,112.17,10.39,0.0,19.51,302513.0,19.51,103.06,35.68,-29.79,52.9
2026-05-16 00:00:00,-44.87,0.0,7.24,1.0,15,110.59,13.14,0.0,10.49,302474.26,10.49,113.24,38.73,-30.45,53.8
2026-05-16 01:00:00,-43.21,0.0,7.19,1.0,15,112.48,13.87,0.0,10.09,302435.17,10.09,116.26,39.09,-30.03,54.6
2026-05-16 02:00:00,-44.28,0.0,6.27,1.0,15,114.7,9.77,0.0,4.78,302394.77,4.78,119.7,40.4,-28.79,60.8
2026-05-16 03:00:00,-43.66,0.0,6.81,1.0,15,110.26,8.35,0.0,7.57,302357.03,7.57,111.05,37.75,-26.85,60.5
2026-05-16 04:00:00,-43.75,0.0,6.56,1.0,15,111.95,17.51,0.0,6.17,302315.76,6.17,123.29,41.26,-24.37,50.3
2026-05-16 05:00:00,-43.24,0.0,6.66,1.0,15,114.02,18.62,0.0,6.71,302273.9,6.71,125.93,41.86,-21.54,57.2
2026-05-16 06:00:00,-42.9,0.0,5.72,1.0,15,108.94,20.68,0.0,2.75,302231.88,2.75,126.87,42.03,-18.56,51.9
2026-05-16 07:00:00,-43.25,0.0,6.32,1.0,15,111.96,15.21,0.0,5.0,302191.08,5.0,122.17,40.79,-15.63,44.2
2026-05-16 08:00:00,-42.99,0.0,10.41,1.0,15,110.17,19.86,0.0,55.81,302164.03,55.81,74.22,27.05,-12.95,56.1
2026-05-16 09:00:00,-43.99,0.0,9.33,1.0,15,117.99,19.8,0.0,34.8,302128.49,34.8,102.99,35.55,-10.66,49.4
2026-05-16 10:00:00,-43.48,0.0,10.92,1.0,15,109.7,20.1,0.0,68.06,302104.85,68.06,61.74,23.64,-8.92,49.0
2026-05-16 11:00:00,-43.18,0.0,11.81,1.0,15,107.91,19.7,0.0,93.68,302089.22,93.68,33.93,15.62,-7.83,49.7
2026-05-16 12:00:00,-42.68,0.0,13.53,1.0,15,112.49,23.33,0.0,100.0,302073.21,100.0,35.82,16.01,-7.45,49.2
2026-05-16 13:00:00,-41.97,0.0,13.36,1.0,15,109.34,28.73,0.0,100.0,302056.77,100.0,38.07,16.44,-7.83,62.7
2026-05-16 14:00:00,-41.71,0.0,12.62,1.0,15,107.39,21.23,0.0,100.0,302043.1,100.0,28.61,13.67,-8.92,47.7
2026-05-16 15:00:00,-41.63,0.0,13.11,1.0,15,108.44,20.22,0.0,100.0,302029.45,100.0,28.65,13.65,-10.66,53.0
2026-05-16 16:00:00,-42.2,0.0,10.23,1.0,15,113.74,16.78,0.0,51.74,302001.33,51.74,78.79,28.11,-12.95,44.9
2026-05-16 17:00:00,-42.69,0.0,9.66,1.0,15,111.18,19.68,0.0,40.46,301969.76,40.46,90.41,31.57,-15.63,49.3
2026-05-16 18:00:00,-42.07,0.0,13.1,1.0,15,113.43,9.13,0.0,100.0,301957.71,100.0,22.55,12.05,-18.56,46.9
2026-05-16 19:00:00,-41.33,0.0,12.93,1.0,15,106.33,14.34,0.0,100.0,301946.43,100.0,20.67,11.29,-21.54,56.6
2026-05-16 20:00:00,-41.63,0.0,14.53,1.0,15,111.91,15.34,0.0,100.0,301933.17,100.0,27.25,13.26,-24.37,46.2
2026-05-16 21:00:00,-41.76,0.0,14.01,1.0,15,107.6,14.05,0.0,100.0,301921.47,100.0,21.65,11.7,-26.85,60.8
2026-05-16 22:00:00,-42.47,0.0,14.25,1.0,15,113.53,12.61,0.0,100.0,301908.28,100.0,26.14,13.19,-28.79,46.6
2026-05-16 23:00:00,-41.91,0.0,13.45,1.0,15,112.48,8.0,0.0,100.0,301896.87,100.0,20.48,11.41,-30.03,48.4
2026-05-17 00:00:00,-42.07,0.0,13.14,1.0,15,108.01,17.39,0.0,100.0,301884.01,100.0,25.4,12.86,-30.69,56.8
2026-05-17 01:00:00,-41.01,0.0,11.95,1.0,15,109.5,13.59,0.0,98.32,301871.65,98.32,24.77,12.36,-30.26,63.6
2026-05-17 02:00:00,-41.65,0.0,13.25,1.0,15,110.01,12.83,0.0,100.0,301859.65,100.0,22.84,12.0,-29.02,51.6
2026-05-17 03:00:00,-41.94,0.0,13.35,1.0,15,112.06,17.09,0.0,100.0,301845.76,100.0,29.15,13.89,-27.08,56.5
2026-05-17 04:00:00,-41.82,0.0,13.55,1.0,15,107.33,17.88,0.0,100.0,301833.03,100.0,25.2,12.73,-24.6,48.4
2026-05-17 05:00:00,-41.42,0.0,12.81,1.0,15,108.3,14.69,0.0,100.0,301821.05,100.0,22.99,11.98,-21.77,51.4
2026-05-17 06:00:00,-41.51,0.0,10.96,1.0,15,109.44,15.72,0.0,69.24,301799.66,69.24,55.93,21.39,-18.79,53.3
2026-05-17 07:00:00,-41.97,0.0,8.42,1.0,15,113.36,19.08,0.0,21.82,301762.54,21.82,110.62,37.12,-15.86,49.4
2026-05-17 08:00:00,-41.35,0.0,10.87,1.0,15,109.22,22.45,0.0,66.81,301738.65,66.81,64.86,23.89,-13.18,59.7
2026-05-17 09:00:00,-40.82,0.0,10.55,1.0,15,106.13,22.64,0.0,59.12,301713.56,59.12,69.64,25.09,-10.89,58.4
2026-05-17 10:00:00,-41.28,0.0,9.33,1.0,15,109.69,17.5,0.0,34.73,301681.82,34.73,92.46,31.74,-9.15,51.4
2026-05-17 11:00:00,-40.37,0.0,7.88,1.0,15,105.35,17.59,0.0,15.95,301646.22,15.95,106.98,35.6,-8.06,42.5
2026-05-17 12:00:00,-39.61,0.0,9.55,1.0,15,102.69,18.41,0.0,38.52,301617.8,38.52,82.58,28.42,-7.69,51.7
2026-05-17 13:00:00,-39.51,0.0,10.78,1.0,15,105.88,22.49,0.0,64.71,301594.81,64.71,63.66,23.0,-8.06,61.7
2026-05-17 14:00:00,-39.47,0.0,11.53,1.0,15,106.78,19.24,0.0,85.14,301578.31,85.14,40.89,16.49,-9.15,54.8
2026-05-17 15:00:00,-39.17,0.0,11.25,1.0,15,106.14,21.17,0.0,77.15,301559.26,77.15,50.17,19.05,-10.89,60.7
2026-05-17 16:00:00,-39.78,0.0,10.06,1.0,15,106.77,14.86,0.0,48.3,301533.43,48.3,73.34,25.83,-13.18,63.4
2026-05-17 17:00:00,-39.87,0.0,9.0,1.0,15,110.72,15.18,0.0,29.56,301501.01,29.56,96.35,32.42,-15.86,58.1
2026-05-17 18:00:00,-41.31,0.0,6.72,1.0,15,112.44,17.97,0.0,7.04,301460.46,7.04,123.37,40.55,-18.79,59.7
2026-05-17 19:00:00,-40.92,0.0,8.74,1.0,15,106.61,10.69,0.0,25.98,301429.15,25.98,91.33,31.3,-21.77,51.5
2026-05-17 20:00:00,-42.03,0.0,7.17,1.0,15,112.23,19.59,0.0,9.94,301388.81,9.94,121.88,40.34,-24.6,59.3
2026-05-17 21:00:00,-41.29,0.0,8.08,1.0,15,113.97,16.65,0.0,18.01,301351.33,18.01,112.61,37.48,-27.08,53.0
2026-05-17 22:00:00,-41.66,0.0,8.27,1.0,15,113.45,17.06,0.0,20.06,301314.35,20.06,110.44,36.97,-29.02,49.9
2026-05-17 23:00:00,-41.96,0.0,8.48,1.0,15,112.25,15.21,0.0,22.59,301278.88,22.59,104.86,35.47,-30.26,64.1
2026-05-18 00:00:00,-42.9,0.0,10.8,1.0,15,111.2,8.0,0.0,65.07,301257.58,65.07,54.12,21.29,-30.92,52.7
2026-05-18 01:00:00,-43.18,0.0,8.27,1.0,15,109.06,16.27,0.0,20.06,301221.62,20.06,105.28,35.96,-30.49,49.0
2026-05-18 02:00:00,-42.4,0.0,9.5,1.0,15,108.61,15.08,0.0,37.74,301191.41,37.74,85.96,30.22,-29.25,55.3
2026-05-18 03:00:00,-43.96,0.0,7.5,1.0,15,114.3,12.31,0.0,12.49,301152.69,12.49,114.12,38.71,-27.31,46.6
2026-05-18 04:00:00,-43.19,0.0,5.97,1.0,15,112.59,12.89,0.0,3.58,301111.99,3.58,121.91,40.7,-24.82,46.3
2026-05-18 05:00:00,-42.96,0.0,6.5,1.0,15,111.74,17.68,0.0,5.89,301070.9,5.89,123.53,41.09,-21.99,51.7
2026-05-18 06:00:00,-43.63,0.0,5.43,1.0,15,114.63,11.74,0.0,1.96,301029.35,1.96,124.42,41.55,-19.01,45.1
2026-05-18 07:00:00,-44.19,0.0,7.56,1.0,15,116.07,20.42,0.0,12.99,300987.89,12.99,123.5,41.46,-16.09,49.5
2026-05-18 08:00:00,-43.06,0.0,7.98,1.0,15,114.31,16.82,0.0,16.98,300949.44,16.98,114.15,38.45,-13.4,46.1
2026-05-18 09:00:00,-43.52,0.0,6.23,1.0,15,114.07,20.17,0.0,4.64,300906.45,4.64,129.6,42.99,-11.12,57.3
2026-05-18 10:00:00,-44.09,0.0,5.08,1.0,15,114.48,21.0,0.0,1.24,300861.97,1.24,134.24,44.49,-9.38,60.4
2026-05-18 11:00:00,-43.28,0.0,6.52,1.0,15,110.93,16.79,0.0,5.99,300821.29,5.99,121.73,40.68,-8.29,45.6
2026-05-18 12:00:00,-42.98,0.0,8.43,1.0,15,111.81,16.15,0.0,22.02,300785.2,22.02,105.94,36.09,-7.92,63.4
2026-05-18 13:00:00,-43.48,0.0,8.29,1.0,15,113.19,21.6,0.0,20.33,300746.54,20.33,114.45,38.66,-8.29,56.2
2026-05-18 14:00:00,-43.3,0.0,8.6,1.0,15,112.0,20.24,0.0,24.06,300709.71,24.06,108.18,36.82,-9.38,53.7
2026-05-18 15:00:00,-43.92,0.0,9.88,1.0,15,109.57,20.52,0.0,44.73,300679.21,44.73,85.36,30.5,-11.12,44.4
2026-05-18 16:00:00,-43.27,0.0,9.94,1.0,15,112.77,15.71,0.0,45.9,300649.69,45.9,82.58,29.52,-13.4,44.3
2026-05-18 17:00:00,-42.69,0.0,8.62,1.0,15,111.04,20.29,0.0,24.4,300613.41,24.4,106.93,36.28,-16.09,52.8
2026-05-18 18:00:00,-42.47,0.0,9.05,1.0,15,110.53,20.14,0.0,30.42,300579.1,30.42,100.24,34.31,-19.01,52.3
2026-05-18 19:00:00,-42.39,0.0,9.42,1.0,15,111.96,14.51,0.0,36.27,300547.68,36.27,90.19,31.42,-21.99,51.7
2026-05-18 20:00:00,-41.48,0.0,10.13,1.0,15,110.5,10.78,0.0,49.74,300521.85,49.74,71.55,25.83,-24.82,54.1
2026-05-18 21:00:00,-41.65,0.0,10.16,1.0,15,112.19,11.62,0.0,50.34,300495.41,50.34,73.47,26.43,-27.31,50.2
2026-05-18 22:00:00,-42.55,0.0,12.71,1.0,15,112.25,13.77,0.0,100.0,300482.23,100.0,26.02,13.18,-29.25,52.0
2026-05-18 23:00:00,-42.43,0.0,10.5,1.0,15,109.92,14.24,0.0,57.76,300457.58,57.76,66.41,24.66,-30.49,53.2
2026-05-19 00:00:00,-41.73,0.0,12.58,1.0,15,112.59,18.75,0.0,100.0,300443.13,100.0,31.34,14.45,-31.14,66.6
2026-05-19 01:00:00,-42.48,0.0,11.6,1.0,15,114.15,15.37,0.0,87.37,300425.38,87.37,42.14,17.75,-30.71,41.8
2026-05-19 02:00:00,-42.79,0.0,11.42,1.0,15,111.28,12.14,0.0,81.8,300407.68,81.8,41.62,17.7,-29.47,54.8
2026-05-19 03:00:00,-42.59,0.0,9.14,1.0,15,113.77,14.91,0.0,31.79,300374.28,31.79,96.9,33.39,-27.53,53.5
2026-05-19 04:00:00,-42.65,0.0,8.6,1.0,15,111.47,15.24,0.0,24.12,300339.25,24.12,102.59,35.03,-25.04,53.1
2026-05-19 05:00:00,-43.23,0.0,9.72,1.0,15,114.54,15.48,0.0,41.65,300308.1,41.65,88.37,31.15,-22.21,54.4
2026-05-19 06:00:00,-42.5,0.0,10.22,1.0,15,113.79,21.49,0.0,51.69,300278.52,51.69,83.59,29.57,-19.23,63.0
2026-05-19 07:00:00,-41.03,0.0,7.93,1.0,15,107.21,15.78,0.0,16.4,300242.84,16.4,106.59,35.69,-16.31,56.0
2026-05-19 08:00:00,-40.85,0.0,8.31,1.0,15,111.39,20.55,0.0,20.52,300205.82,20.52,111.43,37.01,-13.62,46.9
2026-05-19 09:00:00,-41.32,0.0,6.86,1.0,15,109.15,21.43,0.0,7.91,300165.47,7.91,122.67,40.36,-11.34,55.8
2026-05-19 10:00:00,-42.17,0.0,11.71,1.0,15,111.23,25.85,0.0,90.62,300146.58,90.62,46.46,18.89,-9.6,52.6
2026-05-19 11:00:00,-41.93,0.0,12.8,1.0,15,112.44,14.66,0.0,100.0,300133.28,100.0,27.09,13.3,-8.51,50.5
2026-05-19 12:00:00,-41.19,0.0,9.59,1.0,15,108.28,24.65,0.0,39.32,300101.24,39.32,93.61,32.04,-8.14,55.0
2026-05-19 13:00:00,-40.87,0.0,10.97,1.0,15,110.53,17.52,0.0,69.42,300079.27,69.42,58.64,21.97,-8.51,53.8
2026-05-19 14:00:00,-40.87,0.0,12.49,1.0,15,108.72,15.81,0.0,100.0,300067.01,100.0,24.53,12.25,-9.6,53.2
2026-05-19 15:00:00,-41.26,0.0,10.9,1.0,15,107.96,16.84,0.0,67.68,300045.36,67.68,57.11,21.66,-11.34,53.5
2026-05-19 16:00:00,-41.99,0.0,11.12,1.0,15,111.49,14.31,0.0,73.51,300024.86,73.51,52.29,20.5,-13.62,47.6
2026-05-19 17:00:00,-41.57,0.0,10.23,1.0,15,112.19,21.22,0.0,51.76,299996.12,51.76,81.65,28.74,-16.31,57.4
2026-05-19 18:00:00,-41.14,0.0,10.36,1.0,15,109.01,21.35,0.0,54.78,299969.24,54.78,75.57,26.88,-19.23,53.5
2026-05-19 19:00:00,-42.24,0.0,9.34,1.0,15,108.24,13.22,0.0,34.91,299938.9,34.91,86.55,30.34,-22.21,54.6
2026-05-19 20:00:00,-41.44,0.0,8.54,1.0,15,108.52,13.62,0.0,23.36,299905.31,23.36,98.79,33.59,-25.04,49.6
2026-05-19 21:00:00,-41.28,0.0,8.32,1.0,15,107.42,16.71,0.0,20.69,299870.45,20.69,103.44,34.86,-27.53,48.4
2026-05-19 22:00:00,-40.62,0.0,7.15,1.0,15,112.97,17.91,0.0,9.8,299830.75,9.8,121.08,39.7,-29.47,52.7
2026-05-19 23:00:00,-41.62,0.0,9.04,1.0,15,107.59,13.35,0.0,30.16,299799.39,30.16,90.78,31.36,-30.71,53.6
2026-05-20 00:00:00,-43.02,0.0,8.42,1.0,15,106.67,11.58,0.0,21.81,299766.0,21.81,96.45,33.39,-31.36,50.7
2026-05-20 01:00:00,-43.23,0.0,8.15,1.0,15,111.16,8.64,0.0,18.75,299731.23,18.75,101.05,34.77,-30.93,53.0
2026-05-20 02:00:00,-43.02,0.0,10.22,1.0,15,112.09,9.31,0.0,51.71,299705.47,51.71,69.68,25.76,-29.69,42.0
2026-05-20 03:00:00,-41.99,0.0,9.77,1.0,15,110.16,18.2,0.0,42.61,299675.43,42.61,85.75,30.04,-27.74,63.5
2026-05-20 04:00:00,-41.6,0.0,9.62,1.0,15,109.88,10.69,0.0,39.77,299646.92,39.77,80.8,28.51,-25.25,50.0
2026-05-20 05:00:00,-41.76,0.0,12.05,1.0,15,106.91,16.51,0.0,100.0,299634.72,100.0,23.42,12.2,-22.42,47.9
2026-05-20 06:00:00,-42.36,0.0,12.95,1.0,15,110.79,15.78,0.0,100.0,299621.44,100.0,26.56,13.28,-19.44,59.0
2026-05-20 07:00:00,-41.55,0.0,10.55,1.0,15,107.23,16.63,0.0,59.08,299597.52,59.08,64.78,23.93,-16.52,48.0
2026-05-20 08:00:00,-42.07,0.0,9.93,1.0,15,112.2,14.09,0.0,45.56,299568.89,45.56,80.73,28.63,-13.83,54.5
2026-05-20 09:00:00,-41.0,0.0,12.59,1.0,15,106.03,19.02,0.0,100.0,299556.45,100.0,25.05,12.44,-11.55,48.4
2026-05-20 10:00:00,-41.1,0.0,11.04,1.0,15,108.51,25.29,0.0,71.3,299533.31,71.3,62.5,23.14,-9.82,52.7
2026-05-20 11:00:00,-40.07,0.0,9.93,1.0,15,105.36,20.81,0.0,45.6,299505.32,45.6,80.57,27.99,-8.73,53.5
2026-05-20 12:00:00,-39.63,0.0,8.5,1.0,15,108.52,22.7,0.0,22.81,299469.54,22.81,108.41,35.78,-8.36,51.5
2026-05-20 13:00:00,-39.7,0.0,7.13,1.0,15,105.51,16.44,0.0,9.67,299432.63,9.67,112.27,36.91,-8.73,59.6
2026-05-20 14:00:00,-40.04,0.0,8.53,1.0,15,104.75,20.06,0.0,23.16,299398.65,23.16,101.66,33.99,-9.82,62.1
2026-05-20 15:00:00,-40.3,0.0,9.67,1.0,15,109.79,19.13,0.0,40.72,299368.42,40.72,88.19,30.22,-11.55,50.9
2026-05-20 16:00:00,-40.13,0.0,12.35,1.0,15,102.81,18.38,0.0,100.0,299357.34,100.0,21.2,11.08,-13.83,55.6
2026-05-20 17:00:00,-40.2,0.0,12.42,1.0,15,108.84,18.96,0.0,100.0,299344.36,100.0,27.79,12.98,-16.52,48.2
2026-05-20 18:00:00,-40.71,0.0,10.46,1.0,15,108.85,17.23,0.0,57.06,299319.48,57.06,69.02,24.88,-19.44,55.0
2026-05-20 19:00:00,-40.98,0.0,8.1,1.0,15,114.07,12.38,0.0,18.19,299283.33,18.19,108.27,36.15,-22.42,58.4
2026-05-20 20:00:00,-41.12,0.0,11.78,1.0,15,110.17,12.06,0.0,92.87,299269.62,92.87,29.36,13.71,-25.25,54.7
2026-05-20 21:00:00,-42.6,0.0,10.35,1.0,15,112.14,13.32,0.0,54.46,299243.6,54.46,71.0,26.02,-27.74,50.2
2026-05-20 22:00:00,-42.5,0.0,9.23,1.0,15,109.01,19.26,0.0,33.15,299210.74,33.15,95.12,32.86,-29.69,51.8
2026-05-20 23:00:00,-43.27,0.0,11.11,1.0,15,111.58,10.65,0.0,73.08,299190.76,73.08,49.15,19.99,-30.93,50.1
2026-05-21 00:00:00,-44.51,0.0,10.72,1.0,15,114.56,11.51,0.0,63.13,299166.46,63.13,62.94,24.29,-31.57,50.6
2026-05-21 01:00:00,-45.63,0.0,9.14,1.0,15,118.86,11.91,0.0,31.79,299131.57,31.79,98.98,34.9,-31.14,47.5
2026-05-21 02:00:00,-46.78,0.0,10.89,1.0,15,115.81,13.89,0.0,67.33,299106.76,67.33,62.38,24.81,-29.9,50.8
2026-05-21 03:00:00,-47.6,0.0,14.29,1.0,15,114.74,16.21,0.0,100.0,299090.65,100.0,30.95,16.1,-27.95,43.3
2026-05-21 04:00:00,-47.99,0.0,11.13,1.0,15,119.55,15.41,0.0,73.68,299065.79,73.68,61.28,24.86,-25.46,35.1
2026-05-21 05:00:00,-46.73,0.0,12.09,1.0,15,113.93,12.23,0.0,100.0,299051.32,100.0,26.16,14.48,-22.63,55.3
2026-05-21 06:00:00,-46.96,0.0,10.74,1.0,15,119.57,18.39,0.0,63.68,299023.06,63.68,74.27,28.26,-19.65,49.5
2026-05-21 07:00:00,-46.73,0.0,10.24,1.0,15,120.77,22.22,0.0,52.05,298990.13,52.05,90.93,32.93,-16.73,50.5
2026-05-21 08:00:00,-46.35,0.0,11.92,1.0,15,119.11,18.88,0.0,97.35,298971.64,97.35,40.64,18.49,-14.04,46.5
2026-05-21 09:00:00,-46.12,0.0,14.08,1.0,15,115.39,18.9,0.0,100.0,298955.03,100.0,34.28,16.61,-11.76,48.3
2026-05-21 10:00:00,-46.03,0.0,11.71,1.0,15,119.91,25.65,0.0,90.78,298932.61,90.78,54.78,22.42,-10.03,45.1
2026-05-21 11:00:00,-46.62,0.0,9.84,1.0,15,115.57,16.91,0.0,43.98,298900.4,43.98,88.49,32.21,-8.94,55.9
2026-05-21 12:00:00,-45.61,0.0,7.92,1.0,15,113.54,21.4,0.0,16.32,298859.91,16.32,118.62,40.49,-8.57,48.3
2026-05-21 13:00:00,-44.43,0.0,8.36,1.0,15,117.02,21.9,0.0,21.09,298820.0,21.09,117.83,39.91,-8.94,44.0
2026-05-21 14:00:00,-45.41,0.0,6.34,1.0,15,114.6,21.28,0.0,5.09,298776.1,5.09,130.79,43.9,-10.03,54.3
2026-05-21 15:00:00,-46.01,0.0,6.7,1.0,15,116.66,21.61,0.0,6.97,298731.88,6.97,131.3,44.22,-11.76,56.2
2026-05-21 16:00:00,-46.18,0.0,5.63,1.0,15,118.81,15.22,0.0,2.51,298687.54,2.51,131.53,44.34,-14.04,49.5
2026-05-21 17:00:00,-46.8,0.0,6.18,1.0,15,115.12,16.86,0.0,4.41,298644.15,4.41,127.57,43.4,-16.73,57.4
2026-05-21 18:00:00,-46.55,0.0,5.04,1.0,15,115.98,15.36,0.0,1.16,298600.08,1.16,130.18,44.07,-19.65,51.6
2026-05-21 19:00:00,-47.08,0.0,7.55,1.0,15,116.68,11.98,0.0,12.95,298559.98,12.95,115.71,40.1,-22.63,49.1
2026-05-21 20:00:00,-45.88,0.0,6.86,1.0,15,115.59,9.91,0.0,7.89,298519.69,7.89,117.61,40.28,-25.46,50.1
2026-05-21 21:00:00,-45.29,0.0,6.79,1.0,15,113.63,17.12,0.0,7.49,298477.98,7.49,123.26,41.72,-27.95,53.5
2026-05-21 22:00:00,-45.3,0.0,9.05,1.0,15,116.03,13.39,0.0,30.44,298443.18,30.44,98.98,34.8,-29.9,56.4
2026-05-21 23:00:00,-44.81,0.0,9.93,1.0,15,115.25,10.08,0.0,45.63,298414.02,45.63,79.7,29.16,-31.14,54.0
2026-05-22 00:00:00,-44.67,0.0,8.59,1.0,15,114.24,10.08,0.0,24.0,298379.03,24.0,100.33,35.0,-31.77,52.8
2026-05-22 01:00:00,-45.12,0.0,6.97,1.0,15,115.44,12.79,0.0,8.61,298338.4,8.61,119.63,40.63,-31.35,51.5
2026-05-22 02:00:00,-45.69,0.0,8.3,1.0,15,114.38,15.63,0.0,20.42,298300.46,20.42,109.59,37.94,-30.1,54.2
2026-05-22 03:00:00,-45.67,0.0,8.03,1.0,15,115.84,10.67,0.0,17.51,298262.69,17.51,109.0,37.77,-28.15,47.6
2026-05-22 04:00:00,-45.15,0.0,9.3,1.0,15,111.27,15.92,0.0,34.29,298229.67,34.29,92.91,33.02,-25.66,43.6
2026-05-22 05:00:00,-45.03,0.0,8.93,1.0,15,116.98,19.67,0.0,28.67,298192.38,28.67,107.98,37.28,-22.83,52.2
2026-05-22 06:00:00,-45.92,0.0,8.34,1.0,15,114.95,18.13,0.0,20.84,298153.62,20.84,112.24,38.76,-19.85,45.5
2026-05-22 07:00:00,-46.31,0.0,8.27,1.0,15,115.64,15.25,0.0,20.04,298115.14,20.04,110.84,38.48,-16.93,42.8
2026-05-22 08:00:00,-46.23,0.0,9.38,1.0,15,114.59,18.42,0.0,35.58,298080.5,35.58,97.43,34.63,-14.24,58.4
2026-05-22 09:00:00,-46.13,0.0,11.18,1.0,15,116.82,18.78,0.0,74.98,298056.39,74.98,60.62,24.12,-11.97,33.8
2026-05-22 10:00:00,-44.81,0.0,8.68,1.0,15,113.28,18.97,0.0,25.11,298019.41,25.11,107.13,36.98,-10.23,54.5
2026-05-22 11:00:00,-45.53,0.0,8.76,1.0,15,116.96,20.78,0.0,26.28,297980.98,26.28,111.46,38.43,-9.14,45.5
2026-05-22 12:00:00,-45.12,0.0,6.83,1.0,15,112.63,19.45,0.0,7.68,297938.99,7.68,124.4,41.99,-8.77,47.1
2026-05-22 13:00:00,-44.15,0.0,7.25,1.0,15,113.73,18.03,0.0,10.51,297898.19,10.51,121.25,40.8,-9.14,54.0
2026-05-22 14:00:00,-42.75,0.0,9.5,1.0,15,112.19,21.79,0.0,37.7,297864.93,37.7,96.28,33.26,-10.23,64.6
2026-05-22 15:00:00,-43.01,0.0,8.79,1.0,15,113.43,22.51,0.0,26.69,297827.89,26.69,109.25,37.04,-11.97,56.2
2026-05-22 16:00:00,-42.77,0.0,11.09,1.0,15,112.77,21.85,0.0,72.74,297804.42,72.74,61.87,23.47,-14.24,47.8
2026-05-22 17:00:00,-42.52,0.0,10.89,1.0,15,108.92,14.6,0.0,67.26,297782.63,67.26,56.25,21.79,-16.93,52.9
2026-05-22 18:00:00,-42.54,0.0,12.61,1.0,15,111.08,19.52,0.0,100.0,297768.15,100.0,30.6,14.48,-19.85,51.7
2026-05-22 19:00:00,-42.75,0.0,12.52,1.0,15,111.04,20.11,0.0,100.0,297753.45,100.0,31.15,14.7,-22.83,42.6
2026-05-22 20:00:00,-42.66,0.0,9.95,1.0,15,108.82,11.1,0.0,46.08,297726.6,46.08,73.84,26.84,-25.66,53.3
2026-05-22 21:00:00,-44.37,0.0,8.65,1.0,15,113.72,10.64,0.0,24.8,297691.92,24.8,99.56,34.69,-28.15,48.4
2026-05-22 22:00:00,-44.12,0.0,8.3,1.0,15,110.32,9.13,0.0,20.42,297657.46,20.42,99.03,34.46,-30.1,55.6
2026-05-22 23:00:00,-44.2,0.0,7.24,1.0,15,114.04,9.61,0.0,10.43,297618.93,10.43,113.21,38.53,-31.35,50.3
2026-05-23 00:00:00,-44.87,0.0,7.63,1.0,15,117.21,17.19,0.0,13.64,297578.05,13.64,120.76,40.88,-31.97,59.1
2026-05-23 01:00:00,-43.75,0.0,7.83,1.0,15,115.01,10.19,0.0,15.49,297540.66,15.49,109.7,37.39,-31.54,53.9
2026-05-23 02:00:00,-44.26,0.0,10.77,1.0,15,114.46,15.05,0.0,64.4,297515.83,64.4,65.11,24.83,-30.3,52.9
2026-05-23 03:00:00,-44.56,0.0,9.95,1.0,15,114.64,8.69,0.0,46.0,297487.42,46.0,77.33,28.41,-28.35,61.4
2026-05-23 04:00:00,-43.38,0.0,10.77,1.0,15,111.98,10.16,0.0,64.3,297464.92,64.3,57.84,22.5,-25.86,54.0
2026-05-23 05:00:00,-43.88,0.0,12.63,1.0,15,117.77,12.94,0.0,100.0,297450.01,100.0,30.71,14.92,-23.02,60.3
2026-05-23 06:00:00,-44.17,0.0,13.28,1.0,15,113.0,18.25,0.0,100.0,297434.85,100.0,31.24,15.16,-20.04,46.2
2026-05-23 07:00:00,-44.19,0.0,10.95,1.0,15,110.6,17.07,0.0,68.85,297411.83,68.85,58.82,23.02,-17.12,41.8
2026-05-23 08:00:00,-43.6,0.0,10.29,1.0,15,114.25,18.54,0.0,53.08,297383.03,53.08,79.72,28.8,-14.44,53.4
2026-05-23 09:00:00,-43.38,0.0,9.31,1.0,15,113.25,17.32,0.0,34.42,297349.61,34.42,96.15,33.42,-12.16,58.5
2026-05-23 10:00:00,-44.07,0.0,8.79,1.0,15,110.88,18.76,0.0,26.57,297314.02,26.57,103.07,35.6,-10.43,46.2
2026-05-23 11:00:00,-44.3,0.0,8.28,1.0,15,112.79,17.41,0.0,20.19,297276.37,20.19,110.01,37.64,-9.34,49.6
2026-05-23 12:00:00,-44.59,0.0,9.81,1.0,15,114.48,23.06,0.0,43.39,297243.17,43.39,94.15,33.21,-8.97,43.2
2026-05-23 13:00:00,-44.57,0.0,9.33,1.0,15,112.84,21.89,0.0,34.72,297208.29,34.72,100.01,34.87,-9.34,51.4
2026-05-23 14:00:00,-44.28,0.0,9.23,1.0,15,115.66,19.49,0.0,33.1,297172.92,33.1,102.05,35.37,-10.43,51.7
2026-05-23 15:00:00,-44.04,0.0,12.45,1.0,15,111.55,18.68,0.0,100.0,297158.1,100.0,30.23,14.83,-12.16,55.0
2026-05-23 16:00:00,-45.16,0.0,9.66,1.0,15,114.44,19.56,0.0,40.52,297124.91,40.52,93.48,33.19,-14.44,48.6
2026-05-23 17:00:00,-44.58,0.0,9.34,1.0,15,113.17,20.51,0.0,34.95,297090.39,34.95,98.74,34.51,-17.12,50.2
2026-05-23 18:00:00,-44.53,0.0,10.27,1.0,15,115.01,14.58,0.0,52.76,297062.13,52.76,76.84,28.26,-20.04,54.7
2026-05-23 19:00:00,-43.83,0.0,8.57,1.0,15,114.32,17.36,0.0,23.64,297025.19,23.64,108.04,36.94,-23.02,53.2
2026-05-23 20:00:00,-43.72,0.0,9.01,1.0,15,113.75,12.33,0.0,29.71,296991.61,29.71,96.38,33.58,-25.86,54.2
2026-05-23 21:00:00,-43.23,0.0,8.01,1.0,15,107.94,12.63,0.0,17.24,296956.19,17.24,103.33,35.42,-28.35,56.8
2026-05-23 22:00:00,-43.13,0.0,9.9,1.0,15,112.21,12.31,0.0,45.11,296927.62,45.11,79.41,28.57,-30.3,56.3
2026-05-23 23:00:00,-42.5,0.0,8.96,1.0,15,111.92,16.24,0.0,29.07,296893.63,29.07,99.1,33.99,-31.54,63.7
2026-05-24 00:00:00,-42.74,0.0,8.3,1.0,15,112.56,11.45,0.0,20.39,296858.28,20.39,103.61,35.35,-32.17,55.2
2026-05-24 01:00:00,-42.95,0.0,8.76,1.0,15,111.19,8.0,0.0,26.25,296825.9,26.25,92.94,32.37,-31.74,55.0
2026-05-24 02:00:00,-41.7,0.0,7.62,1.0,15,109.69,10.0,0.0,13.54,296790.14,13.54,106.14,35.76,-30.49,52.2
2026-05-24 03:00:00,-41.27,0.0,7.19,1.0,15,107.71,19.15,0.0,10.06,296751.47,10.06,116.81,38.67,-28.54,54.4
2026-05-24 04:00:00,-40.99,0.0,7.33,1.0,15,111.35,9.29,0.0,11.11,296714.96,11.11,109.53,36.51,-26.05,47.8
2026-05-24 05:00:00,-41.81,0.0,7.21,1.0,15,106.85,9.7,0.0,10.26,296679.13,10.26,106.28,35.83,-23.21,50.6
2026-05-24 06:00:00,-42.58,0.0,7.72,1.0,15,112.0,18.93,0.0,14.44,296640.16,14.44,116.49,38.97,-20.23,58.7
2026-05-24 07:00:00,-42.37,0.0,8.36,1.0,15,108.48,19.73,0.0,21.09,296603.92,21.09,107.12,36.24,-17.31,45.5
2026-05-24 08:00:00,-42.22,0.0,8.69,1.0,15,109.39,17.65,0.0,25.25,296569.24,25.25,101.79,34.68,-14.63,60.3
2026-05-24 09:00:00,-42.53,0.0,9.26,1.0,15,110.83,21.27,0.0,33.67,296535.43,33.67,98.43,33.81,-12.35,51.6
2026-05-24 10:00:00,-42.37,0.0,8.44,1.0,15,106.31,19.08,0.0,22.05,296500.26,22.05,103.34,35.16,-10.62,48.7
2026-05-24 11:00:00,-41.35,0.0,7.14,1.0,15,106.03,17.93,0.0,9.76,296462.31,9.76,114.19,37.95,-9.54,52.6
2026-05-24 12:00:00,-40.9,0.0,8.64,1.0,15,104.88,26.1,0.0,24.56,296426.71,24.56,106.41,35.6,-9.17,57.3
2026-05-24 13:00:00,-41.59,0.0,10.23,1.0,15,110.4,18.84,0.0,51.83,296399.17,51.83,77.41,27.54,-9.54,54.2
2026-05-24 14:00:00,-41.68,0.0,8.95,1.0,15,111.85,16.35,0.0,28.86,296365.36,28.86,99.34,33.81,-10.62,63.3
2026-05-24 15:00:00,-42.22,0.0,8.55,1.0,15,106.92,14.63,0.0,23.5,296331.75,23.5,98.05,33.61,-12.35,55.5
2026-05-24 16:00:00,-42.53,0.0,8.59,1.0,15,110.53,22.68,0.0,23.91,296294.84,23.91,109.3,36.91,-14.63,55.7
2026-05-24 17:00:00,-42.89,0.0,8.73,1.0,15,112.08,18.18,0.0,25.83,296259.21,25.83,104.43,35.63,-17.31,55.5
2026-05-24 18:00:00,-43.31,0.0,9.31,1.0,15,112.73,19.02,0.0,34.53,296225.51,34.53,97.22,33.7,-20.23,53.2
2026-05-24 19:00:00,-44.23,0.0,7.29,1.0,15,117.97,20.91,0.0,10.82,296182.74,10.82,128.07,42.77,-23.21,50.6
2026-05-24 20:00:00,-44.47,0.0,8.55,1.0,15,114.26,12.72,0.0,23.46,296146.89,23.46,103.53,35.84,-26.05,52.2
2026-05-24 21:00:00,-44.97,0.0,6.88,1.0,15,112.67,19.68,0.0,8.04,296104.97,8.04,124.31,41.92,-28.54,52.4
2026-05-24 22:00:00,-46.91,0.0,7.29,1.0,15,119.35,12.54,0.0,10.82,296063.39,10.82,121.07,41.58,-30.49,49.5
2026-05-24 23:00:00,-45.8,0.0,9.11,1.0,15,119.48,13.12,0.0,31.34,296027.8,31.34,101.26,35.6,-31.74,56.9
2026-05-25 00:00:00,-45.65,0.0,8.82,1.0,15,112.9,17.09,0.0,27.08,295991.77,27.08,102.91,36.03,-32.35,56.5
2026-05-25 01:00:00,-45.99,0.0,7.52,1.0,15,117.46,13.02,0.0,12.67,295951.4,12.67,117.81,40.37,-31.92,44.6
2026-05-25 02:00:00,-46.06,0.0,11.35,1.0,15,116.45,15.41,0.0,79.82,295929.75,79.82,52.04,21.65,-30.68,55.3
2026-05-25 03:00:00,-46.81,0.0,12.47,1.0,15,115.46,11.87,0.0,100.0,295914.92,100.0,27.33,14.83,-28.72,49.8
2026-05-25 04:00:00,-45.78,0.0,12.49,1.0,15,114.55,15.45,0.0,100.0,295899.63,100.0,30.0,15.29,-26.23,49.1
2026-05-25 05:00:00,-44.61,0.0,11.1,1.0,15,117.65,19.54,0.0,72.89,295874.92,72.89,64.3,24.71,-23.39,55.1
2026-05-25 06:00:00,-44.48,0.0,9.29,1.0,15,115.64,18.3,0.0,34.17,295840.14,34.17,99.78,34.78,-20.42,53.1
2026-05-25 07:00:00,-43.8,0.0,11.57,1.0,15,113.82,16.43,0.0,86.39,295821.5,86.39,43.86,18.64,-17.5,47.7
2026-05-25 08:00:00,-43.62,0.0,10.86,1.0,15,109.33,18.99,0.0,66.63,295797.84,66.63,61.69,23.67,-14.81,56.3
2026-05-25 09:00:00,-44.35,0.0,11.83,1.0,15,115.23,18.46,0.0,94.42,295780.34,94.42,39.27,17.5,-12.54,51.3
2026-05-25 10:00:00,-44.51,0.0,10.39,1.0,15,116.44,20.16,0.0,55.36,295750.83,55.36,81.24,29.51,-10.81,55.6
2026-05-25 11:00:00,-44.34,0.0,9.34,1.0,15,110.72,25.37,0.0,34.93,295715.7,34.93,101.16,35.13,-9.72,51.7
2026-05-25 12:00:00,-44.54,0.0,12.67,1.0,15,114.09,21.4,0.0,100.0,295699.22,100.0,35.49,16.48,-9.35,55.6
2026-05-25 13:00:00,-44.63,0.0,11.61,1.0,15,116.39,23.42,0.0,87.51,295677.93,87.51,52.3,21.29,-9.72,56.3
2026-05-25 14:00:00,-44.66,0.0,9.47,1.0,15,116.15,21.9,0.0,37.22,295642.8,37.22,100.82,35.13,-10.81,57.5
2026-05-25 15:00:00,-44.72,0.0,8.27,1.0,15,115.73,23.58,0.0,20.08,295602.4,20.08,119.23,40.4,-12.54,48.4
2026-05-25 16:00:00,-44.74,0.0,8.33,1.0,15,114.44,15.61,0.0,20.72,295564.82,20.72,109.33,37.58,-14.81,60.6
2026-05-25 17:00:00,-45.46,0.0,6.59,1.0,15,117.85,18.29,0.0,6.34,295521.19,6.34,129.8,43.63,-17.5,50.2
2026-05-25 18:00:00,-46.0,0.0,7.06,1.0,15,116.65,22.07,0.0,9.17,295477.47,9.17,129.55,43.72,-20.42,44.5
2026-05-25 19:00:00,-46.9,0.0,7.24,1.0,15,118.9,13.37,0.0,10.49,295435.69,10.49,121.78,41.78,-23.39,50.7
2026-05-25 20:00:00,-46.43,0.0,8.8,1.0,15,117.73,20.82,0.0,26.81,295396.92,26.81,111.73,38.77,-26.23,49.3
2026-05-25 21:00:00,-47.85,0.0,8.27,1.0,15,116.83,10.78,0.0,20.11,295358.92,20.11,107.5,37.99,-28.72,46.2
2026-05-25 22:00:00,-47.28,0.0,11.78,1.0,15,116.26,12.08,0.0,92.79,295341.61,92.79,35.55,17.32,-30.68,49.8
2026-05-25 23:00:00,-46.57,0.0,9.76,1.0,15,113.99,15.32,0.0,42.45,295309.88,42.45,86.86,31.73,-31.92,53.8
2026-05-26 00:00:00,-47.26,0.0,9.78,1.0,15,117.4,13.36,0.0,42.82,295277.64,42.82,87.94,32.24,-32.54,51.2
2026-05-26 01:00:00,-48.92,0.0,7.92,1.0,15,122.61,8.0,0.0,16.38,295237.41,16.38,114.23,40.23,-32.11,55.0
2026-05-26 02:00:00,-49.18,0.0,9.06,1.0,15,121.97,14.13,0.0,30.57,295199.58,30.57,105.53,37.83,-30.86,47.5
2026-05-26 03:00:00,-49.22,0.0,13.14,1.0,15,121.22,13.72,0.0,100.0,295181.86,100.0,34.94,17.73,-28.9,50.2
2026-05-26 04:00:00,-49.8,0.0,13.24,1.0,15,125.17,12.63,0.0,100.0,295163.14,100.0,37.8,18.71,-26.41,48.9
2026-05-26 05:00:00,-50.03,0.0,12.13,1.0,15,121.88,14.58,0.0,100.0,295144.74,100.0,36.46,18.4,-23.57,56.8
2026-05-26 06:00:00,-48.99,0.0,11.1,1.0,15,122.17,10.31,0.0,72.79,295120.03,72.79,59.69,24.71,-20.59,43.2
2026-05-26 07:00:00,-48.47,0.0,11.88,1.0,15,119.37,16.02,0.0,96.06,295101.28,96.06,39.33,18.75,-17.67,45.8
2026-05-26 08:00:00,-48.89,0.0,13.34,1.0,15,117.48,20.94,0.0,100.0,295082.67,100.0,38.42,18.62,-14.99,58.7
2026-05-26 09:00:00,-49.7,0.0,15.73,1.0,15,120.38,20.2,0.0,100.0,295063.19,100.0,40.58,19.48,-12.72,46.6
2026-05-26 10:00:00,-49.73,0.0,13.36,1.0,15,120.37,23.43,0.0,100.0,295042.79,100.0,43.8,20.4,-10.99,39.8
2026-05-26 11:00:00,-49.7,0.0,15.86,1.0,15,118.91,26.42,0.0,100.0,295021.96,100.0,45.33,20.83,-9.9,57.6
2026-05-26 12:00:00,-49.26,0.0,12.58,1.0,15,121.01,18.53,0.0,100.0,295002.91,100.0,39.54,19.05,-9.54,43.2
2026-05-26 13:00:00,-49.47,0.0,10.61,1.0,15,120.04,18.18,0.0,60.49,294972.92,60.49,77.73,29.99,-9.9,48.4
2026-05-26 14:00:00,-49.07,0.0,8.51,1.0,15,124.35,23.25,0.0,22.97,294929.68,22.97,124.63,43.24,-10.99,53.6
2026-05-26 15:00:00,-47.85,0.0,7.77,1.0,15,118.66,19.22,0.0,14.93,294887.28,14.93,122.94,42.4,-12.72,53.6
2026-05-26 16:00:00,-47.37,0.0,9.12,1.0,15,116.58,18.2,0.0,31.49,294850.63,31.49,103.3,36.65,-14.99,45.1
2026-05-26 17:00:00,-47.45,0.0,10.59,1.0,15,116.15,25.78,0.0,60.02,294820.06,60.02,81.9,30.58,-17.67,61.3
2026-05-26 18:00:00,-47.63,0.0,11.19,1.0,15,116.37,20.25,0.0,75.42,294795.33,75.42,61.19,24.73,-20.59,51.9
2026-05-26 19:00:00,-47.95,0.0,10.96,1.0,15,121.26,15.81,0.0,69.12,294768.58,69.12,67.95,26.75,-23.57,48.8
2026-05-26 20:00:00,-47.36,0.0,10.36,1.0,15,120.53,15.79,0.0,54.63,294738.09,54.63,81.69,30.49,-26.41,44.5
2026-05-26 21:00:00,-47.87,0.0,10.68,1.0,15,114.81,13.96,0.0,62.25,294711.77,62.25,66.51,26.32,-28.9,51.5
2026-05-26 22:00:00,-47.98,0.0,9.74,1.0,15,124.13,8.96,0.0,41.98,294678.41,41.98,91.1,33.36,-30.86,56.5
2026-05-26 23:00:00,-48.07,0.0,10.95,1.0,15,119.68,13.96,0.0,68.98,294652.56,68.98,64.66,25.85,-32.11,47.5
2026-05-27 00:00:00,-48.85,0.0,10.97,1.0,15,122.97,12.48,0.0,69.53,294626.12,69.53,65.92,26.44,-32.71,39.6
2026-05-27 01:00:00,-49.76,0.0,11.08,1.0,15,120.36,10.94,0.0,72.28,294601.37,72.28,59.02,24.75,-32.28,44.2
2026-05-27 02:00:00,-49.6,0.0,10.52,1.0,15,119.71,11.76,0.0,58.34,294572.65,58.34,73.13,28.72,-31.03,46.1
2026-05-27 03:00:00,-49.63,0.0,11.84,1.0,15,121.39,9.57,0.0,94.73,294554.44,94.73,36.22,18.21,-29.07,40.2
2026-05-27 04:00:00,-49.3,0.0,10.08,1.0,15,122.24,9.63,0.0,48.68,294522.94,48.68,83.19,31.5,-26.58,50.6
2026-05-27 05:00:00,-49.55,0.0,9.27,1.0,15,122.29,13.26,0.0,33.87,294486.1,33.87,101.67,36.84,-23.74,51.5
2026-05-27 06:00:00,-48.72,0.0,10.24,1.0,15,123.08,13.99,0.0,52.15,294454.28,52.15,84.92,31.82,-20.76,44.9
2026-05-27 07:00:00,-49.13,0.0,9.77,1.0,15,117.26,23.43,0.0,42.63,294418.59,42.63,98.07,35.69,-17.84,52.4
2026-05-27 08:00:00,-47.96,0.0,11.34,1.0,15,121.33,22.96,0.0,79.57,294392.76,79.57,64.72,25.83,-15.16,44.5
2026-05-27 09:00:00,-48.88,0.0,10.06,1.0,15,121.9,18.32,0.0,48.17,294358.86,48.17,92.04,33.9,-12.89,41.7
2026-05-27 10:00:00,-48.47,0.0,9.22,1.0,15,120.81,21.99,0.0,32.95,294320.01,32.95,109.85,38.85,-11.16,43.4
2026-05-27 11:00:00,-48.05,0.0,10.94,1.0,15,116.51,20.83,0.0,68.6,294293.01,68.6,68.73,27.0,-10.08,44.8
2026-05-27 12:00:00,-48.41,0.0,10.17,1.0,15,118.28,19.41,0.0,50.57,294260.66,50.57,87.11,32.35,-9.71,52.6
2026-05-27 13:00:00,-48.06,0.0,9.8,1.0,15,120.9,18.03,0.0,43.18,294225.96,43.18,95.74,34.7,-10.08,51.7
2026-05-27 14:00:00,-47.23,0.0,8.91,1.0,15,112.8,19.44,0.0,28.32,294189.17,28.32,103.92,36.79,-11.16,45.0
2026-05-27 15:00:00,-48.55,0.0,8.08,1.0,15,116.08,18.23,0.0,17.95,294148.44,17.95,116.37,40.73,-12.89,45.2
2026-05-27 16:00:00,-48.25,0.0,8.83,1.0,15,120.8,18.28,0.0,27.2,294109.08,27.2,111.88,39.36,-15.16,57.7
2026-05-27 17:00:00,-49.8,0.0,7.4,1.0,15,123.42,23.83,0.0,11.65,294062.49,11.65,135.6,46.59,-17.84,51.7
2026-05-27 18:00:00,-50.43,0.0,9.56,1.0,15,121.53,16.22,0.0,38.68,294026.13,38.68,99.07,36.36,-20.76,40.1
2026-05-27 19:00:00,-49.51,0.0,10.46,1.0,15,120.1,11.6,0.0,56.84,293996.94,56.84,74.86,29.19,-23.74,54.5
2026-05-27 20:00:00,-49.96,0.0,8.86,1.0,15,124.53,13.64,0.0,27.59,293957.43,27.59,110.59,39.51,-26.58,58.8
2026-05-27 21:00:00,-50.78,0.0,9.55,1.0,15,125.65,16.81,0.0,38.55,293919.58,38.55,103.92,37.85,-29.07,46.8
2026-05-27 22:00:00,-50.99,0.0,9.67,1.0,15,123.29,19.02,0.0,40.79,293882.36,40.79,101.51,37.23,-31.03,45.2
2026-05-27 23:00:00,-49.82,0.0,8.28,1.0,15,119.52,8.84,0.0,20.16,293843.57,20.16,108.21,38.79,-32.28,45.5
2026-05-28 00:00:00,-51.38,0.0,7.61,1.0,15,127.89,13.03,0.0,13.45,293798.83,13.45,127.47,44.74,-32.88,44.9
2026-05-28 01:00:00,-52.06,0.0,7.61,1.0,15,122.87,13.98,0.0,13.4,293755.03,13.4,123.44,43.8,-32.45,49.8
2026-05-28 02:00:00,-51.16,0.0,8.68,1.0,15,125.79,15.92,0.0,25.11,293713.45,25.11,116.6,41.58,-31.2,43.5
2026-05-28 03:00:00,-50.02,0.0,9.19,1.0,15,125.18,12.8,0.0,32.56,293675.4,32.56,105.41,38.05,-29.24,51.3
2026-05-28 04:00:00,-50.05,0.0,9.16,1.0,15,122.56,14.27,0.0,32.07,293637.53,32.07,104.77,37.87,-26.75,47.5
2026-05-28 05:00:00,-50.73,0.0,10.12,1.0,15,122.33,14.08,0.0,49.41,293604.51,49.41,87.0,33.01,-23.91,44.0
2026-05-28 06:00:00,-49.35,0.0,10.74,1.0,15,117.94,12.59,0.0,63.71,293577.66,63.71,66.82,26.85,-20.93,49.8
2026-05-28 07:00:00,-48.27,0.0,10.59,1.0,15,119.95,20.5,0.0,59.88,293547.22,59.88,80.57,30.44,-18.01,47.7
2026-05-28 08:00:00,-47.74,0.0,11.23,1.0,15,115.77,15.9,0.0,76.51,293524.18,76.51,55.16,23.04,-15.33,46.0
2026-05-28 09:00:00,-48.1,0.0,9.94,1.0,15,120.24,14.97,0.0,45.77,293491.26,45.77,89.44,32.92,-13.06,48.8
2026-05-28 10:00:00,-48.0,0.0,11.39,1.0,15,114.94,18.99,0.0,80.97,293468.76,80.97,52.97,22.5,-11.33,48.9
2026-05-28 11:00:00,-47.97,0.0,11.03,1.0,15,115.67,15.81,0.0,71.15,293444.17,71.15,60.33,24.59,-10.25,46.6
2026-05-28 12:00:00,-47.67,0.0,11.76,1.0,15,119.17,19.79,0.0,92.1,293423.52,92.1,46.86,20.66,-9.88,45.2
2026-05-28 13:00:00,-46.71,0.0,11.04,1.0,15,119.25,19.47,0.0,71.37,293397.31,71.37,67.35,26.21,-10.25,50.4
2026-05-28 14:00:00,-46.15,0.0,9.39,1.0,15,115.9,20.12,0.0,35.73,293361.88,35.73,100.3,35.43,-11.33,51.4
2026-05-28 15:00:00,-46.8,0.0,9.34,1.0,15,119.86,18.25,0.0,34.89,293325.42,34.89,103.22,36.46,-13.06,51.9
2026-05-28 16:00:00,-46.01,0.0,8.71,1.0,15,115.08,18.92,0.0,25.51,293287.7,25.51,108.48,37.72,-15.33,52.3
2026-05-28 17:00:00,-45.9,0.0,9.46,1.0,15,120.93,23.29,0.0,36.94,293250.36,36.94,107.28,37.35,-18.01,57.2
2026-05-28 18:00:00,-45.6,0.0,9.15,1.0,15,112.75,9.01,0.0,31.95,293218.08,31.95,89.81,32.27,-20.93,45.4
2026-05-28 19:00:00,-44.85,0.0,10.5,1.0,15,112.96,19.92,0.0,57.85,293190.24,57.85,75.03,27.84,-23.91,59.3
2026-05-28 20:00:00,-45.7,0.0,10.65,1.0,15,118.81,9.94,0.0,61.5,293164.37,61.5,67.25,25.88,-26.75,44.0
2026-05-28 21:00:00,-45.9,0.0,10.79,1.0,15,115.57,14.67,0.0,64.88,293138.97,64.88,65.37,25.4,-29.24,56.8
2026-05-28 22:00:00,-46.39,0.0,9.2,1.0,15,118.99,16.71,0.0,32.72,293102.7,32.72,102.99,36.27,-31.2,52.7
2026-05-28 23:00:00,-47.49,0.0,12.51,1.0,15,115.71,12.32,0.0,100.0,293087.46,100.0,28.03,15.24,-32.45,46.8
2026-05-29 00:00:00,-47.77,0.0,12.94,1.0,15,116.95,13.51,0.0,100.0,293071.45,100.0,30.46,16.01,-33.04,37.1
2026-05-29 01:00:00,-46.36,0.0,12.92,1.0,15,118.17,15.11,0.0,100.0,293055.06,100.0,33.28,16.39,-32.61,42.8
2026-05-29 02:00:00,-47.57,0.0,11.13,1.0,15,115.56,16.04,0.0,73.69,293031.28,73.69,57.91,23.77,-31.36,46.2
2026-05-29 03:00:00,-47.63,0.0,10.56,1.0,15,116.16,9.8,0.0,59.19,293004.96,59.19,66.77,26.32,-29.4,51.5
2026-05-29 04:00:00,-47.25,0.0,8.71,1.0,15,117.99,15.51,0.0,25.49,292967.01,25.49,108.0,37.96,-26.91,46.9
2026-05-29 05:00:00,-47.15,0.0,8.84,1.0,15,120.98,15.15,0.0,27.27,292928.84,27.27,108.86,38.17,-24.07,49.4
2026-05-29 06:00:00,-47.17,0.0,7.52,1.0,15,118.92,17.99,0.0,12.64,292886.27,12.64,124.26,42.56,-21.09,47.4
2026-05-29 07:00:00,-47.87,0.0,8.04,1.0,15,118.74,19.13,0.0,17.55,292844.62,17.55,120.33,41.65,-18.17,49.9
2026-05-29 08:00:00,-47.62,0.0,8.78,1.0,15,119.17,18.57,0.0,26.42,292805.61,26.42,111.32,39.01,-15.49,42.4
2026-05-29 09:00:00,-47.96,0.0,8.37,1.0,15,115.51,19.71,0.0,21.27,292765.74,21.27,113.95,39.86,-13.22,47.7
2026-05-29 10:00:00,-49.16,0.0,8.46,1.0,15,119.92,22.02,0.0,22.29,292723.9,22.29,119.65,41.85,-11.49,50.8
2026-05-29 11:00:00,-48.3,0.0,10.29,1.0,15,120.84,19.51,0.0,53.07,292691.53,53.07,87.28,32.36,-10.41,61.4
2026-05-29 12:00:00,-47.62,0.0,8.38,1.0,15,119.33,23.27,0.0,21.36,292649.69,21.36,121.24,41.84,-10.04,53.5
2026-05-29 13:00:00,-47.51,0.0,9.68,1.0,15,119.99,18.63,0.0,40.93,292614.6,40.93,97.69,35.1,-10.41,48.4
2026-05-29 14:00:00,-47.33,0.0,8.23,1.0,15,119.91,26.35,0.0,19.58,292571.3,19.58,126.68,43.3,-11.49,46.3
2026-05-29 15:00:00,-46.68,0.0,6.47,1.0,15,117.85,21.15,0.0,5.75,292526.32,5.75,133.25,44.98,-13.22,52.3
2026-05-29 16:00:00,-46.58,0.0,5.99,1.0,15,111.67,19.51,0.0,3.68,292483.0,3.68,127.5,43.31,-15.49,45.9
2026-05-29 17:00:00,-46.11,0.0,7.84,1.0,15,117.22,15.96,0.0,15.52,292442.63,15.52,117.66,40.37,-18.17,51.1
2026-05-29 18:00:00,-46.41,0.0,7.75,1.0,15,115.86,16.15,0.0,14.73,292402.29,14.73,117.28,40.35,-21.09,51.8
2026-05-29 19:00:00,-45.76,0.0,9.76,1.0,15,115.07,16.62,0.0,42.35,292370.1,42.35,89.34,32.19,-24.07,49.7
2026-05-29 20:00:00,-45.73,0.0,9.54,1.0,15,115.06,17.97,0.0,38.35,292336.39,38.35,94.68,33.7,-26.91,55.6
2026-05-29 21:00:00,-45.79,0.0,7.28,1.0,15,116.62,9.88,0.0,10.75,292296.67,10.75,115.74,39.72,-29.4,50.2
2026-05-29 22:00:00,-46.74,0.0,8.52,1.0,15,114.21,8.87,0.0,23.11,292261.16,23.11,99.97,35.51,-31.36,47.7
2026-05-29 23:00:00,-46.72,0.0,7.13,1.0,15,113.64,11.52,0.0,9.65,292221.22,9.65,115.51,39.94,-32.61,47.4
2026-05-30 00:00:00,-47.72,0.0,8.78,1.0,15,116.25,11.69,0.0,26.42,292184.97,26.42,101.52,36.25,-33.2,42.8
2026-05-30 01:00:00,-48.22,0.0,7.57,1.0,15,121.76,11.57,0.0,13.07,292143.23,13.07,120.26,41.74,-32.77,41.7
2026-05-30 02:00:00,-48.78,0.0,7.36,1.0,15,119.65,14.33,0.0,11.35,292100.64,11.35,122.64,42.59,-31.51,51.4
2026-05-30 03:00:00,-49.46,0.0,8.79,1.0,15,122.77,14.02,0.0,26.64,292061.41,26.64,110.15,39.23,-29.55,55.3
2026-05-30 04:00:00,-48.16,0.0,11.42,1.0,15,120.7,13.56,0.0,81.85,292039.03,81.85,52.41,22.38,-27.06,59.6
2026-05-30 05:00:00,-47.32,0.0,10.2,1.0,15,119.22,19.42,0.0,51.14,292006.89,51.14,87.5,32.14,-24.22,55.1
2026-05-30 06:00:00,-46.11,0.0,11.2,1.0,15,117.63,23.4,0.0,75.69,291981.44,75.69,65.34,25.46,-21.24,53.0
2026-05-30 07:00:00,-46.79,0.0,9.39,1.0,15,116.38,19.31,0.0,35.84,291945.94,35.84,99.85,35.49,-18.32,51.4
2026-05-30 08:00:00,-46.66,0.0,10.49,1.0,15,118.8,20.08,0.0,57.7,291915.81,57.7,81.17,30.13,-15.64,56.6
2026-05-30 09:00:00,-47.34,0.0,10.56,1.0,15,119.22,19.91,0.0,59.36,291885.87,59.36,79.78,29.94,-13.37,47.6
2026-05-30 10:00:00,-47.65,0.0,8.94,1.0,15,115.38,17.05,0.0,28.81,291849.05,28.81,103.61,36.83,-11.64,58.3
2026-05-30 11:00:00,-48.1,0.0,8.19,1.0,15,119.69,23.82,0.0,19.2,291806.19,19.2,124.31,42.86,-10.56,48.7
2026-05-30 12:00:00,-47.25,0.0,6.99,1.0,15,117.92,20.3,0.0,8.74,291762.11,8.74,129.47,44.08,-10.2,50.9
2026-05-30 13:00:00,-47.43,0.0,7.08,1.0,15,119.54,20.67,0.0,9.29,291717.57,9.29,130.92,44.54,-10.56,49.5
2026-05-30 14:00:00,-46.75,0.0,6.5,1.0,15,117.52,20.81,0.0,5.86,291672.79,5.86,132.47,44.78,-11.64,55.6
2026-05-30 15:00:00,-46.4,0.0,7.65,1.0,15,116.39,16.08,0.0,13.83,291632.06,13.83,118.64,40.73,-13.37,50.1
2026-05-30 16:00:00,-45.06,0.0,12.1,1.0,15,118.26,22.7,0.0,100.0,291613.87,100.0,40.96,18.19,-15.64,53.2
2026-05-30 17:00:00,-46.05,0.0,8.99,1.0,15,117.72,20.19,0.0,29.45,291576.14,29.45,108.46,37.73,-18.32,44.4
2026-05-30 18:00:00,-45.42,0.0,9.05,1.0,15,115.48,14.04,0.0,30.32,291541.24,30.32,99.21,34.9,-21.24,50.0
2026-05-30 19:00:00,-44.88,0.0,9.21,1.0,15,112.11,12.21,0.0,32.79,291508.69,32.79,91.52,32.55,-24.22,56.6
2026-05-30 20:00:00,-45.65,0.0,11.18,1.0,15,116.03,11.89,0.0,74.95,291486.9,74.95,52.97,21.79,-27.06,46.5
2026-05-30 21:00:00,-45.23,0.0,10.48,1.0,15,113.23,10.92,0.0,57.51,291461.34,57.51,66.63,25.56,-29.55,50.9
2026-05-30 22:00:00,-45.22,0.0,10.13,1.0,15,111.46,9.53,0.0,49.62,291434.43,49.62,71.37,26.91,-31.51,50.9
2026-05-30 23:00:00,-45.55,0.0,9.62,1.0,15,114.7,13.84,0.0,39.71,291402.45,39.71,88.83,31.98,-32.77,47.9
2026-05-31 00:00:00,-46.56,0.0,8.55,1.0,15,116.41,13.81,0.0,23.48,291365.06,23.48,106.74,37.39,-33.35,55.2
2026-05-31 01:00:00,-47.13,0.0,6.85,1.0,15,120.31,9.16,0.0,7.81,291323.25,7.81,121.67,41.81,-32.91,52.1
2026-05-31 02:00:00,-45.98,0.0,7.06,1.0,15,118.42,19.03,0.0,9.17,291279.89,9.17,128.28,43.35,-31.66,55.0
2026-05-31 03:00:00,-46.06,0.0,5.76,1.0,15,117.86,10.31,0.0,2.87,291237.37,2.87,125.3,42.53,-29.7,55.7
2026-05-31 04:00:00,-45.63,0.0,6.77,1.0,15,115.53,8.18,0.0,7.36,291197.52,7.36,116.35,39.85,-27.2,50.9
2026-05-31 05:00:00,-46.12,0.0,6.66,1.0,15,116.32,17.26,0.0,6.71,291154.53,6.71,126.87,42.99,-24.36,58.3
2026-05-31 06:00:00,-46.56,0.0,7.35,1.0,15,118.39,16.46,0.0,11.33,291112.35,11.33,123.52,42.17,-21.39,44.0
2026-05-31 07:00:00,-45.85,0.0,6.41,1.0,15,117.48,16.5,0.0,5.43,291068.96,5.43,128.56,43.39,-18.47,49.9
2026-05-31 08:00:00,-46.59,0.0,9.39,1.0,15,118.0,19.16,0.0,35.81,291033.1,35.81,101.35,35.86,-15.79,50.8
2026-05-31 09:00:00,-46.75,0.0,11.11,1.0,15,118.59,19.54,0.0,73.29,291007.59,73.29,64.84,25.51,-13.52,41.2
2026-05-31 10:00:00,-46.64,0.0,9.33,1.0,15,117.14,22.49,0.0,34.74,290970.71,34.74,104.89,36.88,-11.79,57.1
2026-05-31 11:00:00,-46.48,0.0,8.61,1.0,15,116.43,20.24,0.0,24.18,290931.7,24.18,112.49,39.0,-10.71,45.8
2026-05-31 12:00:00,-46.52,0.0,9.04,1.0,15,112.22,19.52,0.0,30.27,290895.83,30.27,101.47,35.88,-10.35,50.4
2026-05-31 13:00:00,-46.24,0.0,7.43,1.0,15,115.92,21.49,0.0,11.9,290853.18,11.9,125.51,42.64,-10.71,54.1
2026-05-31 14:00:00,-45.81,0.0,7.29,1.0,15,114.41,22.78,0.0,10.82,290810.42,10.82,126.37,42.76,-11.79,62.2
2026-05-31 15:00:00,-45.39,0.0,6.83,1.0,15,115.57,19.39,0.0,7.68,290767.53,7.68,127.28,42.89,-13.52,42.6
2026-05-31 16:00:00,-46.06,0.0,9.49,1.0,15,114.9,18.6,0.0,37.47,290733.35,37.47,96.03,34.19,-15.79,53.4
2026-05-31 17:00:00,-46.33,0.0,10.85,1.0,15,117.11,21.55,0.0,66.36,290705.84,66.36,72.29,27.5,-18.47,48.9
2026-05-31 18:00:00,-45.73,0.0,10.52,1.0,15,111.77,16.64,0.0,58.29,290679.14,58.29,70.13,26.7,-21.39,53.9
2026-05-31 19:00:00,-45.35,0.0,10.07,1.0,15,113.16,10.95,0.0,48.39,290650.95,48.39,75.73,28.19,-24.36,55.7
2026-05-31 20:00:00,-46.36,0.0,11.98,1.0,15,115.28,14.49,0.0,99.34,290635.37,99.34,30.43,15.58,-27.2,52.3
2026-05-31 21:00:00,-46.33,0.0,13.37,1.0,15,114.49,13.34,0.0,100.0,290620.54,100.0,27.84,14.83,-29.7,50.7
2026-05-31 22:00:00,-47.7,0.0,15.0,1.0,15,125.8,13.67,0.0,100.0,290601.98,100.0,39.47,18.56,-31.66,43.9
2026-05-31 23:00:00,-47.83,0.0,11.83,1.0,15,114.67,13.59,0.0,94.45,290585.0,94.45,33.81,16.98,-32.91,44.2
2026-06-01 00:00:00,-47.17,0.0,9.72,1.0,15,119.59,12.95,0.0,41.6,290551.93,41.6,90.94,33.07,-33.49,53.7
2026-06-01 01:00:00,-47.87,0.0,10.09,1.0,15,121.38,13.88,0.0,48.89,290519.95,48.89,86.37,31.98,-33.06,44.8
2026-06-01 02:00:00,-48.46,0.0,9.84,1.0,15,119.14,9.27,0.0,43.8,290488.3,43.8,84.61,31.65,-31.8,50.8
2026-06-01 03:00:00,-48.04,0.0,7.45,1.0,15,120.19,20.1,0.0,12.09,290444.35,12.09,128.21,43.95,-29.84,55.5
2026-06-01 04:00:00,-48.99,0.0,6.1,1.0,15,122.28,14.47,0.0,4.08,290398.84,4.08,132.66,45.51,-27.34,41.8
2026-06-01 05:00:00,-49.34,0.0,8.7,1.0,15,121.77,12.13,0.0,25.47,290360.14,25.47,108.44,38.71,-24.5,54.5
2026-06-01 06:00:00,-48.91,0.0,10.41,1.0,15,116.92,12.08,0.0,55.82,290331.61,55.82,73.18,28.53,-21.53,54.7
2026-06-01 07:00:00,-49.2,0.0,9.43,1.0,15,122.16,19.05,0.0,36.44,290293.99,36.44,104.77,37.62,-18.61,49.8
2026-06-01 08:00:00,-49.23,0.0,11.11,1.0,15,123.44,17.56,0.0,73.16,290266.89,73.16,67.84,27.1,-15.93,45.0
2026-06-01 09:00:00,-48.65,0.0,10.75,1.0,15,124.95,20.58,0.0,63.97,290236.05,63.97,81.56,30.84,-13.66,51.2
2026-06-01 10:00:00,-48.28,0.0,11.46,1.0,15,116.8,26.75,0.0,83.01,290211.31,83.01,60.54,24.74,-11.94,47.9
2026-06-01 11:00:00,-48.01,0.0,10.42,1.0,15,119.04,20.92,0.0,55.95,290179.96,55.95,84.02,31.35,-10.86,45.5
2026-06-01 12:00:00,-48.13,0.0,8.5,1.0,15,119.54,24.26,0.0,22.78,290138.03,22.78,121.03,41.93,-10.49,49.6
2026-06-01 13:00:00,-47.84,0.0,8.32,1.0,15,118.94,17.91,0.0,20.68,290097.57,20.68,116.17,40.46,-10.86,44.7
2026-06-01 14:00:00,-47.89,0.0,8.28,1.0,15,115.54,21.18,0.0,20.17,290056.98,20.17,116.56,40.59,-11.94,43.2
2026-06-01 15:00:00,-47.61,0.0,8.57,1.0,15,121.23,17.12,0.0,23.77,290017.04,23.77,114.58,39.94,-13.66,46.6
2026-06-01 16:00:00,-47.96,0.0,7.14,1.0,15,121.52,15.28,0.0,9.75,289973.45,9.75,127.05,43.6,-15.93,40.4
2026-06-01 17:00:00,-48.14,0.0,11.45,1.0,15,120.44,18.23,0.0,82.8,289950.08,82.8,55.88,23.37,-18.61,54.9
2026-06-01 18:00:00,-48.84,0.0,9.77,1.0,15,119.76,20.95,0.0,42.63,289914.48,42.63,98.08,35.6,-21.53,51.0
2026-06-01 19:00:00,-48.98,0.0,8.4,1.0,15,120.44,18.24,0.0,21.64,289873.43,21.64,117.04,41.05,-24.5,44.0
2026-06-01 20:00:00,-49.6,0.0,8.58,1.0,15,121.25,22.41,0.0,23.81,289831.39,23.81,119.85,42.04,-27.34,45.3
2026-06-01 21:00:00,-50.41,0.0,8.74,1.0,15,120.07,13.16,0.0,25.94,289792.69,25.94,107.3,38.7,-29.84,51.0
2026-06-01 22:00:00,-50.38,0.0,8.52,1.0,15,124.63,13.92,0.0,23.03,289751.65,23.03,115.52,41.04,-31.8,53.6
2026-06-01 23:00:00,-50.37,0.0,9.67,1.0,15,123.13,14.9,0.0,40.76,289715.82,40.76,97.26,35.83,-33.06,47.8
2026-06-02 00:00:00,-50.34,0.0,9.45,1.0,15,124.54,13.24,0.0,36.8,289678.94,36.8,100.99,36.88,-33.63,46.0
2026-06-02 01:00:00,-50.69,0.0,9.63,1.0,15,124.13,15.56,0.0,39.97,289642.31,39.97,99.73,36.63,-33.19,38.8
2026-06-02 02:00:00,-50.49,0.0,10.23,1.0,15,121.05,11.28,0.0,51.91,289611.24,51.91,80.41,31.07,-31.94,45.5
2026-06-02 03:00:00,-50.18,0.0,7.8,1.0,15,120.74,11.24,0.0,15.2,289569.91,15.2,116.78,41.34,-29.98,41.7
2026-06-02 04:00:00,-49.9,0.0,8.31,1.0,15,125.23,12.71,0.0,20.51,289528.47,20.51,117.43,41.44,-27.48,41.7
2026-06-02 05:00:00,-50.36,0.0,10.25,1.0,15,124.28,12.31,0.0,52.28,289496.34,52.28,84.32,32.14,-24.64,53.4
2026-06-02 06:00:00,-50.19,0.0,7.73,1.0,15,121.95,11.46,0.0,14.56,289454.41,14.56,118.85,41.93,-21.66,46.8
2026-06-02 07:00:00,-49.86,0.0,7.68,1.0,15,123.52,17.2,0.0,14.06,289410.35,14.06,126.65,44.05,-18.74,48.3
2026-06-02 08:00:00,-49.74,0.0,10.22,1.0,15,120.18,12.05,0.0,51.65,289379.47,51.65,80.58,30.89,-16.06,49.7
2026-06-02 09:00:00,-50.87,0.0,9.28,1.0,15,126.24,18.48,0.0,33.96,289339.64,33.96,110.76,39.83,-13.8,46.0
2026-06-02 10:00:00,-50.63,0.0,8.97,1.0,15,120.48,14.19,0.0,29.13,289301.38,29.13,105.54,38.27,-12.07,47.4
2026-06-02 11:00:00,-49.15,0.0,12.23,1.0,15,121.62,25.65,0.0,100.0,289280.16,100.0,47.27,21.22,-10.99,48.2
2026-06-02 12:00:00,-49.27,0.0,10.16,1.0,15,121.07,19.8,0.0,50.42,289246.6,50.42,90.45,33.56,-10.63,45.9
2026-06-02 13:00:00,-49.63,0.0,8.06,1.0,15,121.96,12.41,0.0,17.73,289205.46,17.73,116.64,41.13,-10.99,49.1
2026-06-02 14:00:00,-49.36,0.0,9.88,1.0,15,122.94,20.49,0.0,44.6,289169.49,44.6,98.82,35.97,-12.07,47.5
2026-06-02 15:00:00,-49.15,0.0,11.24,1.0,15,123.39,20.48,0.0,76.86,289142.65,76.86,67.01,26.84,-13.8,48.6
2026-06-02 16:00:00,-48.46,0.0,10.42,1.0,15,119.2,16.95,0.0,55.95,289112.25,55.95,80.2,30.39,-16.06,48.7
2026-06-02 17:00:00,-49.29,0.0,9.97,1.0,15,117.01,22.5,0.0,46.47,289077.95,46.47,93.05,34.3,-18.74,57.8
2026-06-02 18:00:00,-48.93,0.0,11.08,1.0,15,117.07,18.27,0.0,72.41,289052.34,72.41,62.93,25.61,-21.66,53.2
2026-06-02 19:00:00,-48.7,0.0,11.34,1.0,15,119.64,14.6,0.0,79.58,289029.15,79.58,54.66,23.19,-24.64,52.4
2026-06-02 20:00:00,-48.93,0.0,9.77,1.0,15,120.91,15.83,0.0,42.58,288994.63,42.58,94.17,34.52,-27.48,50.7
2026-06-02 21:00:00,-48.88,0.0,7.39,1.0,15,121.58,17.97,0.0,11.57,288950.49,11.57,127.97,44.14,-29.98,50.5
2026-06-02 22:00:00,-48.41,0.0,7.69,1.0,15,120.45,9.26,0.0,14.12,288910.03,14.12,115.59,40.47,-31.94,47.3
2026-06-02 23:00:00,-48.04,0.0,9.61,1.0,15,121.41,10.44,0.0,39.6,288876.33,39.6,92.26,33.7,-33.19,54.6
2026-06-03 00:00:00,-49.2,0.0,11.28,1.0,15,125.23,12.98,0.0,77.91,288851.38,77.91,60.29,24.94,-33.76,49.7
2026-06-03 01:00:00,-48.82,0.0,13.23,1.0,15,120.88,8.0,0.0,100.0,288835.51,100.0,28.88,15.87,-33.32,51.3
2026-06-03 02:00:00,-48.94,0.0,13.73,1.0,15,121.65,13.76,0.0,100.0,288817.73,100.0,35.41,17.77,-32.07,46.8
2026-06-03 03:00:00,-48.94,0.0,12.58,1.0,15,119.18,18.26,0.0,100.0,288799.38,100.0,37.44,18.35,-30.11,43.9
2026-06-03 04:00:00,-48.91,0.0,11.27,1.0,15,120.93,13.87,0.0,77.67,288775.43,77.67,57.13,23.96,-27.61,54.0
2026-06-03 05:00:00,-48.98,0.0,13.97,1.0,15,121.37,10.58,0.0,100.0,288758.62,100.0,31.96,16.8,-24.76,48.9
2026-06-03 06:00:00,-48.21,0.0,16.33,1.0,15,120.06,18.91,0.0,100.0,288740.06,100.0,38.96,18.57,-21.79,46.5
2026-06-03 07:00:00,-48.19,0.0,17.76,1.0,15,118.04,22.6,0.0,100.0,288721.02,100.0,40.63,19.04,-18.87,50.6
2026-06-03 08:00:00,-48.77,0.0,17.57,1.0,15,120.96,10.59,0.0,100.0,288704.4,100.0,31.55,16.62,-16.19,47.9
2026-06-03 09:00:00,-48.9,0.0,21.64,1.0,15,121.0,21.28,0.0,100.0,288684.68,100.0,42.28,19.72,-13.93,56.1
2026-06-03 10:00:00,-48.68,0.0,22.46,1.0,15,121.15,22.34,0.0,100.0,288664.68,100.0,43.49,20.0,-12.2,46.7
2026-06-03 11:00:00,-47.84,0.0,22.95,1.0,15,118.27,22.28,0.0,100.0,288645.77,100.0,40.55,18.91,-11.12,51.4
2026-06-03 12:00:00,-47.4,0.0,24.36,1.0,15,118.49,21.7,0.0,100.0,288627.09,100.0,40.2,18.68,-10.76,54.9
2026-06-03 13:00:00,-47.87,0.0,25.57,1.0,15,123.99,21.21,0.0,0.0,288578.35,0.0,145.19,48.74,-11.12,52.4
2026-06-03 14:00:00,-46.35,0.0,24.67,1.0,15,116.96,19.61,0.0,100.0,288561.02,100.0,36.57,17.33,-12.2,52.9
2026-06-03 15:00:00,-46.22,0.0,26.35,1.0,15,119.0,24.12,0.0,0.0,288513.37,0.0,143.13,47.66,-13.93,47.8
2026-06-03 16:00:00,-45.53,0.0,25.05,1.0,15,118.7,19.02,0.0,0.0,288467.46,0.0,137.72,45.91,-16.19,51.4
2026-06-03 17:00:00,-45.74,0.0,23.37,1.0,15,112.7,24.89,0.0,100.0,288450.02,100.0,37.59,17.44,-18.87,53.0
2026-06-03 18:00:00,-45.56,0.0,22.49,1.0,15,115.18,19.34,0.0,100.0,288433.51,100.0,34.52,16.51,-21.79,51.7
2026-06-03 19:00:00,-45.23,0.0,22.56,1.0,15,114.77,15.67,0.0,100.0,288418.27,100.0,30.44,15.24,-24.76,58.5
2026-06-03 20:00:00,-44.7,0.0,23.99,1.0,15,118.71,11.5,0.0,100.0,288403.25,100.0,30.21,15.02,-27.61,50.6
2026-06-03 21:00:00,-44.28,0.0,22.8,1.0,15,117.77,15.01,0.0,100.0,288387.62,100.0,32.78,15.63,-30.11,52.0
2026-06-03 22:00:00,-43.98,0.0,22.39,1.0,15,109.97,10.4,0.0,100.0,288375.62,100.0,20.37,12.0,-32.07,64.9
2026-06-03 23:00:00,-44.4,0.0,17.65,1.0,15,111.6,10.93,0.0,100.0,288362.89,100.0,22.53,12.74,-33.32,55.9
2026-06-04 00:00:00,-45.27,0.0,13.2,1.0,15,117.87,11.81,0.0,100.0,288347.84,100.0,29.68,15.04,-33.88,46.2
2026-06-04 01:00:00,-45.24,0.0,11.16,1.0,15,113.98,9.06,0.0,74.4,288327.41,74.4,48.64,20.43,-33.45,53.6
2026-06-04 02:00:00,-44.82,0.0,8.08,1.0,15,115.9,18.18,0.0,17.96,288287.87,17.96,116.12,39.54,-32.19,55.3
2026-06-04 03:00:00,-45.07,0.0,11.88,1.0,15,114.38,9.71,0.0,96.13,288273.38,96.13,27.96,14.49,-30.23,47.2
2026-06-04 04:00:00,-44.5,0.0,14.39,1.0,15,111.62,15.07,0.0,100.0,288259.42,100.0,26.69,13.96,-27.73,50.1
2026-06-04 05:00:00,-43.68,0.0,19.06,1.0,15,115.57,12.95,0.0,100.0,288245.19,100.0,28.51,14.23,-24.88,46.3
2026-06-04 06:00:00,-44.26,0.0,18.95,1.0,15,112.0,12.21,0.0,100.0,288232.02,100.0,24.21,13.18,-21.91,53.3
2026-06-04 07:00:00,-44.76,0.0,20.01,1.0,15,114.09,16.98,0.0,100.0,288216.73,100.0,31.07,15.28,-18.99,43.3
2026-06-04 08:00:00,-44.81,0.0,21.06,1.0,15,111.96,18.33,0.0,100.0,288201.66,100.0,30.29,15.07,-16.31,47.5
2026-06-04 09:00:00,-44.58,0.0,21.03,1.0,15,111.66,24.24,0.0,100.0,288185.05,100.0,35.9,16.6,-14.05,44.6
2026-06-04 10:00:00,-44.85,0.0,22.26,1.0,15,114.65,21.65,0.0,100.0,288168.25,100.0,36.3,16.8,-12.32,53.0
2026-06-04 11:00:00,-44.0,0.0,22.52,1.0,15,111.1,21.49,0.0,100.0,288152.76,100.0,32.59,15.49,-11.25,50.3
2026-06-04 12:00:00,-43.73,0.0,22.53,1.0,15,116.1,23.29,0.0,100.0,288135.42,100.0,39.38,17.34,-10.88,54.2
2026-06-04 13:00:00,-43.72,0.0,21.95,1.0,15,114.29,20.0,0.0,100.0,288119.53,100.0,34.29,15.89,-11.25,43.0
2026-06-04 14:00:00,-44.64,0.0,19.55,1.0,15,115.93,18.56,0.0,100.0,288103.3,100.0,34.5,16.22,-12.32,47.6
2026-06-04 15:00:00,-45.5,0.0,19.5,1.0,15,114.88,17.71,0.0,100.0,288087.37,100.0,32.58,15.94,-14.05,54.8
2026-06-04 16:00:00,-45.42,0.0,18.28,1.0,15,114.81,16.59,0.0,100.0,288071.79,100.0,31.41,15.58,-16.31,45.2
2026-06-04 17:00:00,-46.83,0.0,14.99,1.0,15,118.56,18.55,0.0,100.0,288054.17,100.0,37.12,17.63,-18.99,55.0
2026-06-04 18:00:00,-46.35,0.0,13.69,1.0,15,110.9,12.12,0.0,100.0,288040.7,100.0,23.02,13.47,-21.91,49.5
2026-06-04 19:00:00,-46.62,0.0,11.98,1.0,15,116.26,14.64,0.0,99.37,288024.72,99.37,31.53,15.97,-24.88,45.9
2026-06-04 20:00:00,-44.85,0.0,10.46,1.0,15,110.51,18.23,0.0,56.92,287997.81,56.92,71.81,26.92,-27.73,47.5
2026-06-04 21:00:00,-43.67,0.0,7.71,1.0,15,113.2,14.24,0.0,14.32,287959.46,14.32,113.12,38.34,-30.23,53.3
2026-06-04 22:00:00,-44.03,0.0,6.44,1.0,15,110.7,12.6,0.0,5.59,287919.71,5.59,117.71,39.76,-32.19,63.0
2026-06-04 23:00:00,-44.32,0.0,7.82,1.0,15,113.43,11.33,0.0,15.32,287882.22,15.32,109.44,37.49,-33.45,65.3
2026-06-05 00:00:00,-44.25,0.0,8.54,1.0,15,111.64,10.32,0.0,23.36,287847.85,23.36,98.6,34.38,-34.0,45.1
2026-06-05 01:00:00,-43.41,0.0,9.87,1.0,15,115.43,16.68,0.0,44.39,287816.82,44.39,87.72,31.02,-33.56,55.8
2026-06-05 02:00:00,-44.58,0.0,9.36,1.0,15,119.07,13.21,0.0,35.33,287782.82,35.33,96.95,34.0,-32.31,59.9
2026-06-05 03:00:00,-45.78,0.0,9.24,1.0,15,117.98,11.79,0.0,33.26,287748.59,33.26,96.5,34.24,-30.34,44.4
2026-06-05 04:00:00,-46.23,0.0,10.4,1.0,15,118.79,13.34,0.0,55.58,287719.9,55.58,76.55,28.69,-27.84,47.2
2026-06-05 05:00:00,-45.9,0.0,9.66,1.0,15,116.05,12.68,0.0,40.53,287687.99,40.53,88.19,31.91,-25.0,52.0
2026-06-05 06:00:00,-45.6,0.0,10.16,1.0,15,114.3,16.84,0.0,50.26,287658.26,50.26,80.87,29.73,-22.02,51.0
2026-06-05 07:00:00,-44.94,0.0,9.51,1.0,15,110.41,17.99,0.0,37.85,287625.98,37.85,90.55,32.29,-19.1,44.4
2026-06-05 08:00:00,-45.63,0.0,8.99,1.0,15,116.13,20.59,0.0,29.5,287588.73,29.5,107.21,37.24,-16.43,54.5
2026-06-05 09:00:00,-46.98,0.0,9.95,1.0,15,117.15,15.12,0.0,46.1,287557.08,46.1,86.17,31.65,-14.16,51.9
2026-06-05 10:00:00,-46.38,0.0,8.44,1.0,15,117.39,20.8,0.0,22.04,287517.07,22.04,116.15,40.02,-12.44,54.9
2026-06-05 11:00:00,-46.83,0.0,7.95,1.0,15,116.02,22.53,0.0,16.68,287475.28,16.68,121.87,41.78,-11.36,52.5
2026-06-05 12:00:00,-48.0,0.0,7.2,1.0,15,116.11,20.52,0.0,10.18,287431.85,10.18,126.46,43.44,-11.0,51.6
2026-06-05 13:00:00,-47.87,0.0,7.14,1.0,15,116.64,24.89,0.0,9.75,287386.93,9.75,131.78,44.92,-11.36,49.2
2026-06-05 14:00:00,-47.38,0.0,6.65,1.0,15,121.8,22.35,0.0,6.64,287340.53,6.64,137.5,46.4,-12.44,55.5
2026-06-05 15:00:00,-47.48,0.0,7.51,1.0,15,122.85,22.94,0.0,12.61,287295.32,12.61,133.19,45.2,-14.16,42.8
2026-06-05 16:00:00,-47.82,0.0,9.1,1.0,15,115.67,15.54,0.0,31.11,287259.45,31.11,100.09,35.87,-16.43,43.6
2026-06-05 17:00:00,-48.01,0.0,10.17,1.0,15,117.94,12.2,0.0,50.5,287229.35,50.5,79.64,30.1,-19.1,54.5
2026-06-05 18:00:00,-48.36,0.0,9.28,1.0,15,116.11,17.35,0.0,33.96,287193.48,33.96,99.5,35.87,-22.02,47.3
2026-06-05 19:00:00,-49.32,0.0,12.8,1.0,15,121.58,9.25,0.0,100.0,287176.9,100.0,30.82,16.58,-25.0,43.5
2026-06-05 20:00:00,-49.9,0.0,11.96,1.0,15,122.53,12.46,0.0,98.77,287158.61,98.77,36.22,18.29,-27.84,51.8
2026-06-05 21:00:00,-49.73,0.0,10.68,1.0,15,121.83,13.23,0.0,62.16,287129.91,62.16,72.9,28.7,-30.34,51.1
2026-06-05 22:00:00,-49.7,0.0,11.59,1.0,15,120.92,15.14,0.0,86.86,287107.98,86.86,49.2,21.93,-32.31,37.8
2026-06-05 23:00:00,-49.74,0.0,11.66,1.0,15,122.64,13.18,0.0,89.09,287086.74,89.09,46.73,21.24,-33.56,51.1
2026-06-06 00:00:00,-50.79,0.0,11.8,1.0,15,125.16,17.26,0.0,93.63,287064.6,93.63,48.79,22.14,-34.11,43.7
2026-06-06 01:00:00,-51.0,0.0,9.84,1.0,15,125.58,10.81,0.0,43.98,287029.96,43.98,92.41,34.64,-33.67,49.2
2026-06-06 02:00:00,-52.38,0.0,9.4,1.0,15,128.88,10.17,0.0,36.01,286991.88,36.01,103.03,38.08,-32.42,45.3
2026-06-06 03:00:00,-52.28,0.0,10.86,1.0,15,125.27,20.11,0.0,66.52,286960.72,66.52,78.87,31.16,-30.45,48.9
2026-06-06 04:00:00,-51.4,0.0,10.25,1.0,15,123.38,13.79,0.0,52.27,286928.1,52.27,84.9,32.62,-27.95,46.4
2026-06-06 05:00:00,-52.24,0.0,10.5,1.0,15,128.08,15.73,0.0,57.83,286894.93,57.83,85.97,33.17,-25.11,39.6
2026-06-06 06:00:00,-52.51,0.0,10.3,1.0,15,125.15,14.81,0.0,53.29,286861.47,53.29,86.67,33.45,-22.13,37.6
2026-06-06 07:00:00,-52.19,0.0,11.36,1.0,15,125.43,15.02,0.0,80.08,286835.61,80.08,60.36,25.86,-19.21,39.1
2026-06-06 08:00:00,-51.3,0.0,9.85,1.0,15,123.31,18.28,0.0,44.14,286799.45,44.14,97.45,36.16,-16.54,41.0
2026-06-06 09:00:00,-51.44,0.0,9.79,1.0,15,128.46,22.83,0.0,42.93,286760.13,42.93,108.37,39.32,-14.27,48.6
2026-06-06 10:00:00,-51.72,0.0,8.1,1.0,15,126.45,19.73,0.0,18.15,286715.13,18.15,128.04,45.01,-12.55,51.0
2026-06-06 11:00:00,-52.78,0.0,8.99,1.0,15,124.31,13.37,0.0,29.45,286675.45,29.45,108.22,39.68,-11.47,43.9
2026-06-06 12:00:00,-52.58,0.0,9.81,1.0,15,126.5,17.69,0.0,43.39,286637.95,43.39,100.8,37.5,-11.11,41.1
2026-06-06 13:00:00,-51.24,0.0,7.65,1.0,15,125.31,26.51,0.0,13.83,286590.25,13.83,137.99,47.7,-11.47,46.7
2026-06-06 14:00:00,-51.02,0.0,8.61,1.0,15,121.6,12.8,0.0,24.25,286550.55,24.25,110.16,39.7,-12.55,36.9
2026-06-06 15:00:00,-51.01,0.0,8.34,1.0,15,124.84,17.5,0.0,20.88,286507.63,20.88,121.46,42.92,-14.27,49.8
2026-06-06 16:00:00,-50.83,0.0,7.06,1.0,15,123.46,20.07,0.0,9.21,286461.1,9.21,134.32,46.53,-16.54,46.5
2026-06-06 17:00:00,-50.89,0.0,7.25,1.0,15,121.19,19.06,0.0,10.54,286415.87,10.54,129.7,45.23,-19.21,47.2
2026-06-06 18:00:00,-51.47,0.0,6.58,1.0,15,121.81,17.96,0.0,6.32,286369.39,6.32,133.45,46.47,-22.13,43.7
2026-06-06 19:00:00,-51.07,0.0,6.89,1.0,15,127.17,18.02,0.0,8.1,286322.0,8.1,137.09,47.39,-25.11,43.6
2026-06-06 20:00:00,-51.06,0.0,7.01,1.0,15,122.3,13.59,0.0,8.84,286277.47,8.84,127.05,44.53,-27.95,38.5
2026-06-06 21:00:00,-51.19,0.0,8.43,1.0,15,126.56,10.25,0.0,21.97,286236.38,21.97,114.85,41.09,-30.45,50.9
2026-06-06 22:00:00,-51.92,0.0,9.62,1.0,15,126.92,12.24,0.0,39.86,286199.51,39.86,99.3,36.88,-32.42,39.8
2026-06-06 23:00:00,-51.25,0.0,9.74,1.0,15,123.07,16.48,0.0,42.08,286163.35,42.08,97.48,36.16,-33.67,43.0
2026-06-07 00:00:00,-51.28,0.0,7.43,1.0,15,125.58,8.0,0.0,11.93,286120.3,11.93,121.64,43.05,-34.21,41.8
2026-06-07 01:00:00,-51.71,0.0,10.1,1.0,15,125.87,11.52,0.0,49.13,286086.63,49.13,88.26,33.67,-33.78,50.4
2026-06-07 02:00:00,-51.16,0.0,10.4,1.0,15,126.29,12.96,0.0,55.68,286054.47,55.68,83.57,32.16,-32.52,43.7
2026-06-07 03:00:00,-51.49,0.0,8.01,1.0,15,125.2,11.35,0.0,17.23,286012.01,17.23,119.32,42.45,-30.55,51.2
2026-06-07 04:00:00,-51.96,0.0,9.57,1.0,15,124.81,12.68,0.0,38.96,285975.34,38.96,98.53,36.67,-28.05,48.9
2026-06-07 05:00:00,-52.37,0.0,8.27,1.0,15,129.09,16.56,0.0,20.04,285930.84,20.04,125.6,44.51,-25.21,41.0
2026-06-07 06:00:00,-53.35,0.0,8.67,1.0,15,129.31,16.9,0.0,25.01,285887.29,25.01,121.2,43.55,-22.23,44.5
2026-06-07 07:00:00,-52.94,0.0,8.56,1.0,15,125.64,20.51,0.0,23.56,285843.47,23.56,122.59,43.82,-19.31,36.8
2026-06-07 08:00:00,-53.91,0.0,8.32,1.0,15,128.17,20.41,0.0,20.64,285797.83,20.64,127.94,45.63,-16.64,46.6
2026-06-07 09:00:00,-54.48,0.0,10.31,1.0,15,132.31,22.79,0.0,53.48,285759.53,53.48,101.61,38.3,-14.37,40.9
2026-06-07 10:00:00,-55.56,0.0,9.63,1.0,15,134.41,18.46,0.0,39.91,285717.67,39.91,112.95,41.86,-12.65,38.1
2026-06-07 11:00:00,-55.42,0.0,7.73,1.0,15,130.51,28.66,0.0,14.54,285666.82,14.54,144.64,50.85,-11.57,42.1
2026-06-07 12:00:00,-55.35,0.0,10.54,1.0,15,131.86,15.96,0.0,58.72,285631.83,58.72,89.1,35.0,-11.21,41.2
2026-06-07 13:00:00,-55.4,0.0,12.19,1.0,15,131.66,23.26,0.0,100.0,285606.55,100.0,54.92,25.27,-11.57,44.9
2026-06-07 14:00:00,-55.91,0.0,11.89,1.0,15,129.25,17.35,0.0,96.43,285582.48,96.43,50.17,24.07,-12.65,52.6
2026-06-07 15:00:00,-56.53,0.0,10.86,1.0,15,133.75,14.76,0.0,66.71,285549.21,66.71,81.8,33.27,-14.37,49.2
2026-06-07 16:00:00,-56.19,0.0,8.71,1.0,15,127.36,23.76,0.0,25.58,285503.57,25.58,125.54,45.64,-16.64,36.9
2026-06-07 17:00:00,-56.5,0.0,9.91,1.0,15,134.58,16.55,0.0,45.34,285463.47,45.34,105.78,40.1,-19.31,50.3
2026-06-07 18:00:00,-56.32,0.0,7.94,1.0,15,133.43,12.67,0.0,16.53,285416.65,16.53,129.58,46.83,-22.23,43.0
2026-06-07 19:00:00,-56.88,0.0,6.49,1.0,15,126.51,14.12,0.0,5.82,285368.16,5.82,134.82,48.49,-25.21,29.6
2026-06-07 20:00:00,-56.82,0.0,7.25,1.0,15,130.95,12.21,0.0,10.51,285320.31,10.51,132.64,47.85,-28.05,41.2
2026-06-07 21:00:00,-56.09,0.0,6.44,1.0,15,128.07,12.83,0.0,5.6,285271.92,5.6,135.3,48.39,-30.55,35.1
2026-06-07 22:00:00,-55.81,0.0,4.88,1.0,15,129.24,11.92,0.0,0.91,285222.21,0.91,140.25,49.71,-32.52,41.0
2026-06-07 23:00:00,-56.12,0.0,5.7,1.0,15,132.28,8.82,0.0,2.71,285172.93,2.71,138.4,49.28,-33.78,52.5
2026-06-08 00:00:00,-56.32,0.0,5.24,1.0,15,136.12,13.09,0.0,1.54,285120.95,1.54,147.67,51.98,-34.3,36.2
2026-06-08 01:00:00,-56.49,0.0,5.01,1.0,15,133.69,12.86,0.0,1.11,285069.55,1.11,145.44,51.4,-33.87,35.9
2026-06-08 02:00:00,-56.47,0.0,4.44,1.0,15,131.7,17.77,0.0,0.41,285017.13,0.41,149.06,52.42,-32.61,42.2
2026-06-08 03:00:00,-56.63,0.0,4.62,1.0,15,134.35,17.66,0.0,0.59,284963.98,0.59,151.42,53.14,-30.65,38.4
2026-06-08 04:00:00,-56.65,0.0,6.62,1.0,15,134.17,14.27,0.0,6.5,284913.53,6.5,141.94,50.45,-28.15,41.2
2026-06-08 05:00:00,-56.41,0.0,8.52,1.0,15,135.61,16.72,0.0,23.09,284866.78,23.09,129.24,46.76,-25.3,43.2
2026-06-08 06:00:00,-56.86,0.0,8.4,1.0,15,134.98,13.36,0.0,21.65,284820.61,21.65,126.69,46.17,-22.32,34.9
2026-06-08 07:00:00,-57.3,0.0,8.51,1.0,15,133.83,19.64,0.0,22.91,284773.21,22.91,130.56,47.4,-19.41,43.2
2026-06-08 08:00:00,-57.94,0.0,6.64,1.0,15,131.49,26.95,0.0,6.62,284719.56,6.62,151.82,53.65,-16.73,37.7
2026-06-08 09:00:00,-58.68,0.0,5.56,1.0,15,138.93,16.25,0.0,2.31,284665.39,2.31,152.86,54.17,-14.47,46.3
2026-06-08 10:00:00,-59.18,0.0,5.62,1.0,15,136.46,18.56,0.0,2.46,284611.16,2.46,152.56,54.24,-12.75,36.2
2026-06-08 11:00:00,-58.85,0.0,6.65,1.0,15,134.26,21.58,0.0,6.67,284557.99,6.67,149.18,53.17,-11.67,37.3
2026-06-08 12:00:00,-59.17,0.0,8.18,1.0,15,132.35,21.55,0.0,19.05,284508.8,19.05,134.86,49.19,-11.3,36.0
2026-06-08 13:00:00,-58.67,0.0,8.7,1.0,15,133.41,21.19,0.0,25.46,284461.4,25.46,129.14,47.4,-11.67,38.9
2026-06-08 14:00:00,-58.49,0.0,8.33,1.0,15,136.54,18.34,0.0,20.75,284412.62,20.75,134.12,48.77,-12.75,33.9
2026-06-08 15:00:00,-59.55,0.0,7.03,1.0,15,136.45,15.48,0.0,8.97,284361.01,8.97,142.96,51.61,-14.47,42.9
2026-06-08 16:00:00,-59.06,0.0,8.66,1.0,15,138.72,16.18,0.0,24.84,284313.23,24.84,130.06,47.78,-16.73,38.1
2026-06-08 17:00:00,-58.5,0.0,8.2,1.0,15,139.25,20.16,0.0,19.27,284262.74,19.27,140.13,50.49,-19.41,45.2
2026-06-08 18:00:00,-59.08,0.0,9.27,1.0,15,131.88,22.6,0.0,33.79,284217.62,33.79,120.69,45.12,-22.32,41.0
2026-06-08 19:00:00,-58.83,0.0,9.15,1.0,15,133.94,16.95,0.0,31.87,284173.05,31.87,119.02,44.57,-25.3,49.4
2026-06-08 20:00:00,-59.37,0.0,9.96,1.0,15,137.32,13.24,0.0,46.22,284132.5,46.22,104.34,40.55,-28.15,39.2
2026-06-08 21:00:00,-59.33,0.0,11.64,1.0,15,140.22,15.8,0.0,88.51,284102.46,88.51,67.51,30.04,-30.65,38.7
2026-06-08 22:00:00,-60.12,0.0,12.99,1.0,15,136.34,8.83,0.0,100.0,284078.55,100.0,45.17,23.91,-32.61,42.9
2026-06-08 23:00:00,-61.21,0.0,11.88,1.0,15,140.37,12.81,0.0,96.16,284050.94,96.16,57.02,27.61,-33.87,28.7
2026-06-09 00:00:00,-61.71,0.0,11.01,1.0,15,138.26,11.11,0.0,70.49,284016.95,70.49,78.88,33.99,-34.39,36.3
2026-06-09 01:00:00,-61.73,0.0,9.54,1.0,15,140.5,12.05,0.0,38.31,283972.87,38.31,114.24,44.08,-33.96,38.3
2026-06-09 02:00:00,-61.89,0.0,11.67,1.0,15,141.24,11.21,0.0,89.35,283943.32,89.35,63.09,29.55,-32.7,42.2
2026-06-09 03:00:00,-62.0,0.0,10.67,1.0,15,140.39,9.99,0.0,61.9,283906.51,61.9,88.47,36.81,-30.74,43.2
2026-06-09 04:00:00,-62.0,0.0,8.74,1.0,15,144.7,19.35,0.0,26.01,283855.56,26.01,138.05,50.94,-28.23,44.1
2026-06-09 05:00:00,-62.0,0.0,8.5,1.0,15,143.72,13.47,0.0,22.77,283805.65,22.77,134.42,49.91,-25.39,37.0
2026-06-09 06:00:00,-62.0,0.0,7.19,1.0,15,140.4,14.62,0.0,10.08,283752.75,10.08,144.93,52.91,-22.41,34.8
2026-06-09 07:00:00,-61.65,0.0,7.63,1.0,15,139.99,17.49,0.0,13.57,283700.24,13.57,143.9,52.51,-19.49,39.1
2026-06-09 08:00:00,-61.79,0.0,8.15,1.0,15,142.53,19.37,0.0,18.7,283647.89,18.7,143.21,52.35,-16.82,37.3
2026-06-09 09:00:00,-60.81,0.0,7.74,1.0,15,139.36,24.53,0.0,14.65,283594.11,14.65,149.24,53.78,-14.56,31.0
2026-06-09 10:00:00,-61.26,0.0,6.37,1.0,15,139.98,20.91,0.0,5.23,283538.38,5.23,155.65,55.74,-12.84,39.9
2026-06-09 11:00:00,-60.7,0.0,9.51,1.0,15,137.57,22.51,0.0,37.9,283492.34,37.9,122.18,46.03,-11.76,34.9
2026-06-09 12:00:00,-59.75,0.0,10.39,1.0,15,138.93,15.46,0.0,55.42,283453.22,55.42,98.96,39.13,-11.39,39.1
2026-06-09 13:00:00,-59.26,0.0,11.4,1.0,15,135.44,21.76,0.0,81.39,283420.83,81.39,75.81,32.38,-11.76,39.1
2026-06-09 14:00:00,-59.21,0.0,10.17,1.0,15,135.37,18.12,0.0,50.57,283380.74,50.57,102.92,40.1,-12.84,51.3
2026-06-09 15:00:00,-59.4,0.0,10.8,1.0,15,137.71,17.46,0.0,65.05,283344.23,65.05,90.13,36.51,-14.56,44.9
2026-06-09 16:00:00,-58.68,0.0,10.14,1.0,15,136.27,15.18,0.0,50.0,283304.71,50.0,101.45,39.52,-16.82,44.2
2026-06-09 17:00:00,-59.49,0.0,8.68,1.0,15,137.29,16.66,0.0,25.1,283257.14,25.1,128.85,47.57,-19.49,45.2
2026-06-09 18:00:00,-60.05,0.0,7.31,1.0,15,134.08,17.65,0.0,10.95,283206.01,10.95,140.77,51.13,-22.41,38.2
2026-06-09 19:00:00,-60.27,0.0,7.17,1.0,15,138.95,16.63,0.0,9.94,283153.42,9.94,145.64,52.59,-25.39,33.6
2026-06-09 20:00:00,-59.53,0.0,6.29,1.0,15,132.85,14.85,0.0,4.88,283101.86,4.88,142.82,51.56,-28.23,29.5
2026-06-09 21:00:00,-59.33,0.0,11.81,1.0,15,139.2,11.45,0.0,93.73,283074.83,93.73,56.93,27.02,-30.74,43.2
2026-06-09 22:00:00,-59.94,0.0,9.13,1.0,15,136.69,10.73,0.0,31.52,283030.82,31.52,115.89,44.01,-32.7,42.8
2026-06-09 23:00:00,-60.14,0.0,8.8,1.0,15,138.57,11.65,0.0,26.71,282984.58,26.71,123.51,46.24,-33.96,36.1
2026-06-10 00:00:00,-60.8,0.0,8.6,1.0,15,137.96,13.22,0.0,24.08,282937.12,24.08,127.11,47.46,-34.48,36.2
2026-06-10 01:00:00,-61.19,0.0,7.94,1.0,15,140.53,8.19,0.0,16.52,282888.08,16.52,132.19,49.03,-34.04,35.1
2026-06-10 02:00:00,-60.53,0.0,8.41,1.0,15,136.17,12.13,0.0,21.68,282840.84,21.68,126.62,47.25,-32.79,35.6
2026-06-10 03:00:00,-61.27,0.0,7.23,1.0,15,144.04,12.2,0.0,10.37,282787.88,10.37,145.87,52.95,-30.82,36.5
2026-06-10 04:00:00,-60.16,0.0,8.82,1.0,15,136.73,15.31,0.0,26.99,282741.2,26.99,125.05,46.69,-28.31,41.6
2026-06-10 05:00:00,-59.5,0.0,8.2,1.0,15,139.15,23.83,0.0,19.34,282689.41,19.34,143.64,51.79,-25.47,45.7
2026-06-10 06:00:00,-58.66,0.0,8.67,1.0,15,133.47,16.47,0.0,25.02,282643.21,25.02,124.92,46.2,-22.49,40.9
2026-06-10 07:00:00,-58.74,0.0,9.51,1.0,15,135.19,17.7,0.0,37.87,282599.81,37.87,115.02,43.4,-19.57,47.3
2026-06-10 08:00:00,-58.62,0.0,11.15,1.0,15,134.21,20.73,0.0,74.3,282566.24,74.3,80.64,33.57,-16.9,52.9
2026-06-10 09:00:00,-59.26,0.0,11.92,1.0,15,135.54,19.07,0.0,97.52,282539.19,97.52,57.1,27.05,-14.64,42.6
2026-06-10 10:00:00,-59.34,0.0,11.39,1.0,15,137.91,21.69,0.0,81.09,282506.01,81.09,78.51,33.18,-12.92,40.2
2026-06-10 11:00:00,-58.81,0.0,10.24,1.0,15,137.19,24.77,0.0,51.98,282464.02,51.98,109.98,41.99,-11.84,29.3
2026-06-10 12:00:00,-57.83,0.0,9.8,1.0,15,135.53,20.12,0.0,43.21,282421.63,43.21,112.44,42.39,-11.48,44.7
2026-06-10 13:00:00,-58.33,0.0,10.58,1.0,15,133.49,25.42,0.0,59.66,282382.84,59.66,99.24,38.78,-11.84,41.6
2026-06-10 14:00:00,-58.4,0.0,11.82,1.0,15,135.81,20.98,0.0,93.99,282354.42,93.99,62.8,28.42,-12.92,41.6
2026-06-10 15:00:00,-58.38,0.0,9.45,1.0,15,133.63,22.07,0.0,36.79,282310.02,36.79,118.91,44.41,-14.64,40.1
2026-06-10 16:00:00,-59.15,0.0,8.84,1.0,15,139.91,21.83,0.0,27.26,282260.95,27.26,134.48,49.07,-16.9,38.5
2026-06-10 17:00:00,-58.74,0.0,9.92,1.0,15,134.01,21.64,0.0,45.52,282218.94,45.52,110.12,42.01,-19.57,36.0
2026-06-10 18:00:00,-59.16,0.0,9.33,1.0,15,135.66,19.91,0.0,34.86,282173.79,34.86,120.71,45.15,-22.49,44.7
2026-06-10 19:00:00,-59.28,0.0,8.57,1.0,15,137.02,19.51,0.0,23.75,282125.17,23.75,132.78,48.63,-25.47,27.0
2026-06-10 20:00:00,-59.58,0.0,8.3,1.0,15,135.1,14.76,0.0,20.43,282077.4,20.43,129.43,47.76,-28.31,42.5
2026-06-10 21:00:00,-60.08,0.0,8.78,1.0,15,139.52,11.21,0.0,26.53,282030.98,26.53,124.2,46.42,-30.82,32.4
2026-06-10 22:00:00,-60.11,0.0,14.72,1.0,15,140.62,13.2,0.0,100.0,282004.61,100.0,53.83,26.37,-32.79,46.3
2026-06-10 23:00:00,-60.26,0.0,12.97,1.0,15,136.46,9.67,0.0,100.0,281980.38,100.0,46.13,24.22,-34.04,38.1
2026-06-11 00:00:00,-60.76,0.0,10.73,1.0,15,137.69,11.91,0.0,63.28,281944.55,63.28,86.32,35.83,-34.55,42.2
2026-06-11 01:00:00,-61.17,0.0,8.94,1.0,15,142.45,11.12,0.0,28.74,281897.62,28.74,124.83,46.93,-34.12,40.1
2026-06-11 02:00:00,-60.92,0.0,7.03,1.0,15,139.74,8.42,0.0,8.96,281846.68,8.96,139.2,50.95,-32.86,45.3
2026-06-11 03:00:00,-59.82,0.0,7.71,1.0,15,137.24,16.08,0.0,14.33,281796.12,14.33,138.99,50.56,-30.89,49.4
2026-06-11 04:00:00,-59.62,0.0,8.15,1.0,15,135.74,18.25,0.0,18.69,281746.67,18.69,135.3,49.45,-28.39,46.1
2026-06-11 05:00:00,-58.88,0.0,7.27,1.0,15,135.45,13.15,0.0,10.65,281696.69,10.65,137.94,49.98,-25.54,43.9
2026-06-11 06:00:00,-59.55,0.0,8.42,1.0,15,136.98,18.42,0.0,21.82,281647.76,21.82,133.58,48.93,-22.57,38.9
2026-06-11 07:00:00,-59.25,0.0,9.45,1.0,15,138.25,25.64,0.0,36.8,281600.76,36.8,127.08,46.99,-19.65,43.0
2026-06-11 08:00:00,-59.7,0.0,8.4,1.0,15,137.52,22.32,0.0,21.58,281550.45,21.58,138.26,50.31,-16.98,45.4
2026-06-11 09:00:00,-60.35,0.0,7.95,1.0,15,136.54,16.6,0.0,16.6,281500.43,16.6,136.55,50.02,-14.72,37.8
2026-06-11 10:00:00,-60.55,0.0,11.96,1.0,15,137.7,23.09,0.0,98.6,281471.54,98.6,62.19,28.89,-13.0,39.9
2026-06-11 11:00:00,-59.59,0.0,10.59,1.0,15,134.9,20.33,0.0,60.02,281433.53,60.02,95.21,38.01,-11.92,36.5
2026-06-11 12:00:00,-58.8,0.0,11.1,1.0,15,135.85,23.62,0.0,72.87,281398.21,72.87,86.6,35.32,-11.55,45.2
2026-06-11 13:00:00,-58.48,0.0,10.25,1.0,15,140.6,27.78,0.0,52.18,281354.55,52.18,116.2,43.66,-11.92,43.6
2026-06-11 14:00:00,-59.26,0.0,11.02,1.0,15,142.3,20.19,0.0,70.85,281317.65,70.85,91.64,36.9,-13.0,34.2
2026-06-11 15:00:00,-59.26,0.0,11.45,1.0,15,137.57,23.92,0.0,82.74,281284.43,82.74,78.75,33.22,-14.72,42.2
2026-06-11 16:00:00,-58.99,0.0,11.29,1.0,15,132.8,16.49,0.0,78.12,281253.45,78.12,71.17,30.98,-16.98,39.8
2026-06-11 17:00:00,-58.84,0.0,12.15,1.0,15,138.23,16.22,0.0,100.0,281227.28,100.0,54.45,26.17,-19.65,41.5
2026-06-11 18:00:00,-59.94,0.0,13.58,1.0,15,139.37,10.57,0.0,100.0,281202.07,100.0,49.94,25.21,-22.57,36.5
2026-06-11 19:00:00,-60.47,0.0,12.47,1.0,15,144.64,20.21,0.0,100.0,281172.45,100.0,64.85,29.62,-25.54,46.2
2026-06-11 20:00:00,-60.52,0.0,10.48,1.0,15,138.97,9.27,0.0,57.35,281135.39,57.35,90.89,37.06,-28.39,36.3
2026-06-11 21:00:00,-60.21,0.0,9.62,1.0,15,137.4,9.92,0.0,39.75,281093.66,39.75,107.57,41.72,-30.89,50.5
2026-06-11 22:00:00,-61.57,0.0,10.39,1.0,15,138.23,13.58,0.0,55.37,281054.71,55.37,96.44,38.96,-32.86,39.6
2026-06-11 23:00:00,-61.66,0.0,10.46,1.0,15,142.39,19.05,0.0,57.03,281013.45,57.03,104.41,41.25,-34.12,37.3
2026-06-12 00:00:00,-61.83,0.0,8.81,1.0,15,140.43,8.0,0.0,26.95,280967.28,26.95,121.48,46.17,-34.62,40.9
2026-06-12 01:00:00,-61.28,0.0,7.0,1.0,15,139.42,14.01,0.0,8.78,280914.67,8.78,144.64,52.61,-34.19,40.6
2026-06-12 02:00:00,-60.8,0.0,8.18,1.0,15,138.13,8.63,0.0,19.01,280867.03,19.01,127.75,47.65,-32.93,49.3
2026-06-12 03:00:00,-60.36,0.0,7.46,1.0,15,143.39,18.35,0.0,12.16,280813.29,12.16,149.58,53.74,-30.96,42.1
2026-06-12 04:00:00,-60.72,0.0,7.81,1.0,15,138.21,14.76,0.0,15.25,280762.82,15.25,137.73,50.47,-28.46,30.2
2026-06-12 05:00:00,-61.72,0.0,9.04,1.0,15,142.2,20.0,0.0,30.24,280713.7,30.24,131.96,49.12,-25.61,35.5
2026-06-12 06:00:00,-61.75,0.0,9.16,1.0,15,141.73,14.21,0.0,32.1,280666.88,32.1,123.84,46.82,-22.63,42.7
2026-06-12 07:00:00,-60.91,0.0,7.45,1.0,15,134.52,16.3,0.0,12.06,280616.06,12.06,138.76,50.82,-19.72,38.4
2026-06-12 08:00:00,-59.83,0.0,6.69,1.0,15,142.61,15.95,0.0,6.89,280561.88,6.89,151.67,54.18,-17.05,37.6
2026-06-12 09:00:00,-59.17,0.0,6.28,1.0,15,132.64,24.03,0.0,4.84,280507.86,4.84,151.82,54.02,-14.78,37.3
2026-06-12 10:00:00,-58.68,0.0,6.13,1.0,15,133.98,24.66,0.0,4.21,280453.24,4.21,154.43,54.62,-13.06,36.4
2026-06-12 11:00:00,-58.24,0.0,7.09,1.0,15,134.16,18.88,0.0,9.41,280401.83,9.41,143.63,51.41,-11.99,42.6
2026-06-12 12:00:00,-58.39,0.0,7.56,1.0,15,133.91,23.93,0.0,13.02,280350.05,13.02,144.81,51.79,-11.62,37.9
2026-06-12 13:00:00,-58.3,0.0,6.84,1.0,15,134.86,20.54,0.0,7.77,280297.48,7.77,147.63,52.56,-11.99,48.0
2026-06-12 14:00:00,-57.16,0.0,5.7,1.0,15,131.89,14.57,0.0,2.69,280246.36,2.69,143.77,51.12,-13.06,38.0
2026-06-12 15:00:00,-57.64,0.0,5.38,1.0,15,137.33,21.19,0.0,1.86,280191.42,1.86,156.66,54.94,-14.78,35.3
2026-06-12 16:00:00,-56.61,0.0,9.79,1.0,15,134.04,21.32,0.0,42.97,280149.41,42.97,112.39,42.01,-17.05,42.4
2026-06-12 17:00:00,-56.8,0.0,9.37,1.0,15,131.67,20.97,0.0,35.4,280105.95,35.4,117.24,43.45,-19.72,32.2
2026-06-12 18:00:00,-56.02,0.0,10.87,1.0,15,129.99,16.72,0.0,66.9,280073.4,66.9,79.8,32.55,-22.63,31.0
2026-06-12 19:00:00,-56.93,0.0,11.81,1.0,15,131.99,14.31,0.0,93.85,280048.38,93.85,52.45,25.03,-25.61,45.4
2026-06-12 20:00:00,-56.64,0.0,10.96,1.0,15,130.8,12.76,0.0,69.15,280017.18,69.15,74.41,31.2,-28.46,42.8
2026-06-12 21:00:00,-57.17,0.0,11.11,1.0,15,130.97,16.03,0.0,73.05,279985.95,73.05,73.95,31.23,-30.96,31.7
2026-06-12 22:00:00,-58.1,0.0,9.33,1.0,15,137.11,14.16,0.0,34.82,279942.33,34.82,116.45,43.62,-32.93,41.9
2026-06-12 23:00:00,-58.02,0.0,9.86,1.0,15,134.07,10.99,0.0,44.35,279903.22,44.35,100.71,39.11,-34.19,40.0
2026-06-13 00:00:00,-57.72,0.0,8.74,1.0,15,135.33,13.75,0.0,25.97,279857.82,25.97,123.11,45.4,-34.69,34.1
2026-06-13 01:00:00,-58.25,0.0,10.18,1.0,15,135.44,15.07,0.0,50.77,279818.92,50.77,99.74,38.9,-34.25,45.0
2026-06-13 02:00:00,-59.15,0.0,8.18,1.0,15,139.86,15.13,0.0,19.01,279769.42,19.01,135.99,49.5,-32.99,48.2
2026-06-13 03:00:00,-59.14,0.0,9.44,1.0,15,138.64,13.31,0.0,36.57,279725.79,36.57,115.39,43.63,-31.02,50.3
2026-06-13 04:00:00,-59.1,0.0,7.73,1.0,15,137.4,17.98,0.0,14.51,279674.92,14.51,140.87,50.88,-28.52,42.3
2026-06-13 05:00:00,-58.64,0.0,9.81,1.0,15,140.94,12.97,0.0,43.36,279632.82,43.36,110.55,42.1,-25.67,41.1
2026-06-13 06:00:00,-57.91,0.0,8.82,1.0,15,133.21,16.65,0.0,27.01,279587.44,27.01,122.84,45.38,-22.69,50.4
2026-06-13 07:00:00,-57.77,0.0,9.35,1.0,15,134.14,20.46,0.0,35.2,279543.07,35.2,119.4,44.36,-19.78,42.9
2026-06-13 08:00:00,-56.47,0.0,9.12,1.0,15,133.96,19.68,0.0,31.44,279498.31,31.44,122.2,44.77,-17.11,40.9
2026-06-13 09:00:00,-56.15,0.0,8.54,1.0,15,133.89,19.93,0.0,23.29,279451.26,23.29,130.53,47.05,-14.85,39.6
2026-06-13 10:00:00,-56.18,0.0,9.12,1.0,15,130.15,18.16,0.0,31.41,279408.09,31.41,116.9,43.17,-13.13,45.6
2026-06-13 11:00:00,-56.99,0.0,11.54,1.0,15,133.26,16.98,0.0,85.44,279379.52,85.44,64.8,28.56,-12.05,34.1
2026-06-13 12:00:00,-56.98,0.0,8.88,1.0,15,133.37,18.95,0.0,27.83,279333.95,27.83,124.48,45.57,-11.69,48.1
2026-06-13 13:00:00,-57.04,0.0,10.99,1.0,15,138.54,24.36,0.0,69.96,279297.35,69.96,92.94,36.6,-12.05,35.3
2026-06-13 14:00:00,-56.35,0.0,10.73,1.0,15,133.8,18.44,0.0,63.3,279262.1,63.3,88.93,35.25,-13.13,38.5
2026-06-13 15:00:00,-56.0,0.0,11.45,1.0,15,134.18,19.69,0.0,82.68,279232.02,82.68,71.18,30.09,-14.85,44.5
2026-06-13 16:00:00,-56.68,0.0,10.26,1.0,15,132.0,24.72,0.0,52.48,279192.3,52.48,104.24,39.71,-17.11,51.2
2026-06-13 17:00:00,-56.57,0.0,9.71,1.0,15,131.04,20.75,0.0,41.48,279150.89,41.48,110.31,41.41,-19.78,41.2
2026-06-13 18:00:00,-56.2,0.0,11.13,1.0,15,131.18,16.05,0.0,73.71,279120.08,73.71,73.52,30.81,-22.69,37.6
2026-06-13 19:00:00,-55.34,0.0,10.14,1.0,15,131.98,14.6,0.0,49.9,279082.93,49.9,96.68,37.15,-25.67,48.8
2026-06-13 20:00:00,-54.9,0.0,9.85,1.0,15,133.33,18.57,0.0,44.0,279042.71,44.0,107.9,40.22,-28.52,41.6
2026-06-13 21:00:00,-54.55,0.0,7.48,1.0,15,126.42,12.29,0.0,12.31,278997.32,12.31,126.4,45.39,-31.02,35.7
2026-06-13 22:00:00,-54.63,0.0,6.6,1.0,15,134.04,12.92,0.0,6.4,278947.87,6.4,140.56,49.45,-32.99,47.1
2026-06-13 23:00:00,-54.51,0.0,7.72,1.0,15,131.44,12.33,0.0,14.42,278901.65,14.42,129.35,46.22,-34.25,43.0
2026-06-14 00:00:00,-54.11,0.0,8.84,1.0,15,131.07,17.82,0.0,27.29,278857.77,27.29,121.6,43.89,-34.74,43.2
2026-06-14 01:00:00,-55.0,0.0,9.09,1.0,15,132.3,12.88,0.0,31.0,278815.73,31.0,114.18,42.04,-34.31,47.4
2026-06-14 02:00:00,-55.25,0.0,7.69,1.0,15,129.74,11.93,0.0,14.13,278769.8,14.13,127.54,45.92,-33.05,47.7
2026-06-14 03:00:00,-55.72,0.0,7.78,1.0,15,131.08,15.4,0.0,15.02,278722.62,15.02,131.46,47.18,-31.08,39.5
2026-06-14 04:00:00,-55.45,0.0,7.54,1.0,15,132.44,20.09,0.0,12.88,278673.18,12.88,139.66,49.44,-28.57,44.0
2026-06-14 05:00:00,-54.63,0.0,7.86,1.0,15,129.13,11.67,0.0,15.7,278628.14,15.7,125.1,45.04,-25.73,36.2
2026-06-14 06:00:00,-54.9,0.0,9.82,1.0,15,130.62,17.54,0.0,43.42,278588.82,43.42,104.73,39.32,-22.75,42.5
2026-06-14 07:00:00,-56.23,0.0,10.62,1.0,15,130.69,15.18,0.0,60.73,278554.69,60.73,85.14,34.13,-19.83,38.4
2026-06-14 08:00:00,-56.31,0.0,8.49,1.0,15,133.99,23.06,0.0,22.72,278506.51,22.72,134.32,48.18,-17.16,41.7
2026-06-14 09:00:00,-55.59,0.0,10.43,1.0,15,130.85,16.34,0.0,56.36,278470.95,56.36,90.83,35.56,-14.9,41.3
2026-06-14 10:00:00,-55.1,0.0,9.84,1.0,15,129.52,22.83,0.0,43.83,278430.49,43.83,108.51,40.46,-13.18,42.8
2026-06-14 11:00:00,-54.69,0.0,10.48,1.0,15,127.96,18.64,0.0,57.31,278395.64,57.31,89.28,34.85,-12.11,35.6
2026-06-14 12:00:00,-54.73,0.0,8.66,1.0,15,128.37,25.93,0.0,24.9,278349.34,24.9,129.4,46.3,-11.74,37.4
2026-06-14 13:00:00,-55.4,0.0,9.31,1.0,15,127.97,28.1,0.0,34.47,278305.06,34.47,121.59,44.27,-12.11,42.4
2026-06-14 14:00:00,-55.01,0.0,8.22,1.0,15,131.19,24.09,0.0,19.46,278256.86,19.46,135.81,48.21,-13.18,51.2
2026-06-14 15:00:00,-55.46,0.0,8.14,1.0,15,129.65,19.55,0.0,18.6,278209.99,18.6,130.61,46.86,-14.9,47.1
2026-06-14 16:00:00,-54.13,0.0,6.22,1.0,15,128.81,15.14,0.0,4.58,278161.04,4.58,139.37,48.96,-17.16,46.6
2026-06-14 17:00:00,-53.82,0.0,5.67,1.0,15,131.1,18.24,0.0,2.62,278110.07,2.62,146.72,50.96,-19.83,41.7
2026-06-14 18:00:00,-54.25,0.0,5.0,1.0,15,128.82,17.28,0.0,1.1,278059.47,1.1,145.0,50.6,-22.75,39.6
2026-06-14 19:00:00,-54.71,0.0,5.15,1.0,15,129.46,22.32,0.0,1.36,278007.19,1.36,150.42,52.28,-25.73,47.1
2026-06-14 20:00:00,-54.87,0.0,4.67,1.0,15,129.94,14.65,0.0,0.64,277956.7,0.64,143.96,50.49,-28.57,38.0
2026-06-14 21:00:00,-55.14,0.0,6.55,1.0,15,131.1,11.18,0.0,6.13,277908.35,6.13,136.16,48.35,-31.08,51.8
2026-06-14 22:00:00,-54.58,0.0,5.21,1.0,15,128.56,13.51,0.0,1.48,277858.91,1.48,140.6,49.44,-33.05,43.9
2026-06-14 23:00:00,-54.58,0.0,6.63,1.0,15,131.47,11.75,0.0,6.57,277810.59,6.57,136.65,48.32,-34.31,54.1
2026-06-15 00:00:00,-55.37,0.0,5.92,1.0,15,131.12,12.62,0.0,3.41,277760.99,3.41,140.32,49.6,-34.79,52.0
2026-06-15 01:00:00,-54.3,0.0,9.22,1.0,15,127.97,19.39,0.0,32.99,277719.1,32.99,114.37,41.89,-34.36,46.4
2026-06-15 02:00:00,-54.32,0.0,11.41,1.0,15,128.45,10.36,0.0,81.46,277693.46,81.46,57.35,25.64,-33.1,46.2
2026-06-15 03:00:00,-53.88,0.0,9.67,1.0,15,131.03,16.2,0.0,40.74,277653.94,40.74,106.49,39.51,-31.13,41.4
2026-06-15 04:00:00,-54.24,0.0,9.81,1.0,15,127.62,13.31,0.0,43.26,277616.84,43.26,97.67,37.11,-28.62,50.9
2026-06-15 05:00:00,-53.97,0.0,7.53,1.0,15,129.58,15.23,0.0,12.73,277570.0,12.73,132.08,46.83,-25.78,42.6
2026-06-15 06:00:00,-53.7,0.0,10.18,1.0,15,129.29,16.46,0.0,50.78,277533.82,50.78,94.98,36.18,-22.8,36.3
2026-06-15 07:00:00,-54.75,0.0,9.83,1.0,15,127.49,14.76,0.0,43.78,277496.33,43.78,98.47,37.49,-19.88,49.7
2026-06-15 08:00:00,-53.39,0.0,7.67,1.0,15,124.58,20.52,0.0,13.99,277449.95,13.99,131.11,46.38,-17.21,47.7
2026-06-15 09:00:00,-52.49,0.0,7.42,1.0,15,125.65,12.91,0.0,11.86,277405.09,11.86,126.7,44.86,-14.95,43.1
2026-06-15 10:00:00,-52.62,0.0,6.17,1.0,15,128.33,19.5,0.0,4.36,277355.42,4.36,143.47,49.67,-13.23,46.9
2026-06-15 11:00:00,-53.17,0.0,6.52,1.0,15,124.18,21.73,0.0,5.98,277306.59,5.98,139.94,48.83,-12.16,45.3
2026-06-15 12:00:00,-52.86,0.0,7.78,1.0,15,125.02,22.73,0.0,14.95,277259.88,14.95,132.8,46.71,-11.79,52.7
2026-06-15 13:00:00,-52.74,0.0,7.93,1.0,15,128.22,22.44,0.0,16.45,277212.81,16.45,134.21,47.07,-12.16,40.4
2026-06-15 14:00:00,-52.48,0.0,7.75,1.0,15,123.99,17.01,0.0,14.68,277168.06,14.68,126.32,44.75,-13.23,53.1
2026-06-15 15:00:00,-52.36,0.0,6.62,1.0,15,128.41,18.43,0.0,6.5,277119.36,6.5,140.35,48.71,-14.95,52.4
2026-06-15 16:00:00,-52.09,0.0,6.32,1.0,15,131.57,19.17,0.0,5.04,277069.21,5.04,145.7,50.15,-17.21,42.7
2026-06-15 17:00:00,-51.29,0.0,5.51,1.0,15,122.7,15.41,0.0,2.16,277022.07,2.16,135.95,47.13,-19.88,48.6
2026-06-15 18:00:00,-51.06,0.0,7.72,1.0,15,127.39,17.03,0.0,14.42,276976.71,14.42,129.99,45.37,-22.8,49.4
2026-06-15 19:00:00,-51.84,0.0,6.67,1.0,15,126.08,16.96,0.0,6.79,276929.33,6.79,136.24,47.38,-25.78,61.0
2026-06-15 20:00:00,-51.17,0.0,7.59,1.0,15,122.58,12.62,0.0,13.28,276886.23,13.28,121.92,43.1,-28.62,42.7
2026-06-15 21:00:00,-50.36,0.0,7.37,1.0,15,126.56,15.25,0.0,11.41,276840.96,11.41,130.39,45.27,-31.13,37.6
2026-06-15 22:00:00,-48.64,0.0,6.79,1.0,15,121.29,12.14,0.0,7.45,276797.46,7.45,125.98,43.5,-33.1,38.5
2026-06-15 23:00:00,-49.53,0.0,7.84,1.0,15,124.39,10.45,0.0,15.6,276755.62,15.6,119.24,41.84,-34.36,48.9
2026-06-16 00:00:00,-49.81,0.0,7.94,1.0,15,127.37,16.86,0.0,16.5,276711.27,16.5,127.73,44.35,-34.83,52.8
2026-06-16 01:00:00,-51.22,0.0,7.81,1.0,15,124.16,11.45,0.0,15.24,276668.6,15.24,120.37,42.67,-34.4,42.1
2026-06-16 02:00:00,-50.99,0.0,8.39,1.0,15,125.25,8.59,0.0,21.51,276628.29,21.51,112.33,40.31,-33.14,45.8
2026-06-16 03:00:00,-51.4,0.0,8.45,1.0,15,122.21,11.78,0.0,22.15,276587.99,22.15,111.84,40.29,-31.17,44.2
2026-06-16 04:00:00,-50.27,0.0,7.84,1.0,15,121.89,14.99,0.0,15.55,276545.33,15.55,121.33,42.66,-28.66,41.6
2026-06-16 05:00:00,-50.75,0.0,8.29,1.0,15,123.48,16.35,0.0,20.32,276503.05,20.32,119.51,42.28,-25.82,50.0
2026-06-16 06:00:00,-51.74,0.0,9.04,1.0,15,125.67,13.23,0.0,30.23,276463.55,30.23,108.67,39.49,-22.84,37.5
2026-06-16 07:00:00,-51.96,0.0,6.97,1.0,15,120.86,19.53,0.0,8.57,276417.39,8.57,131.82,46.16,-19.92,49.2
2026-06-16 08:00:00,-53.07,0.0,7.34,1.0,15,130.66,18.62,0.0,11.21,276369.12,11.21,138.07,48.27,-17.25,43.0
2026-06-16 09:00:00,-52.5,0.0,5.99,1.0,15,127.76,15.33,0.0,3.67,276320.64,3.67,139.42,48.48,-14.99,50.6
2026-06-16 10:00:00,-53.63,0.0,5.65,1.0,15,129.27,15.38,0.0,2.56,276271.06,2.56,142.09,49.58,-13.27,45.6
2026-06-16 11:00:00,-53.5,0.0,6.73,1.0,15,132.42,21.48,0.0,7.15,276220.18,7.15,146.76,50.88,-12.2,37.1
2026-06-16 12:00:00,-54.65,0.0,8.98,1.0,15,133.27,20.04,0.0,29.38,276175.47,29.38,123.93,44.71,-11.83,45.6
2026-06-16 13:00:00,-54.75,0.0,10.72,1.0,15,129.52,18.19,0.0,63.13,276141.94,63.13,84.58,33.53,-12.2,42.0
2026-06-16 14:00:00,-53.69,0.0,8.48,1.0,15,126.96,18.54,0.0,22.61,276097.81,22.61,122.89,44.13,-13.27,50.2
2026-06-16 15:00:00,-53.45,0.0,8.26,1.0,15,129.22,19.39,0.0,19.99,276052.12,19.99,128.62,45.69,-14.99,48.5
2026-06-16 16:00:00,-53.99,0.0,8.68,1.0,15,132.1,18.38,0.0,25.15,276007.2,25.15,125.33,44.92,-17.25,50.2
2026-06-16 17:00:00,-54.06,0.0,7.41,1.0,15,128.47,17.3,0.0,11.77,275959.79,11.77,133.99,47.41,-19.92,42.7
2026-06-16 18:00:00,-54.13,0.0,8.85,1.0,15,130.85,16.05,0.0,27.47,275916.51,27.47,119.44,43.28,-22.84,39.8
2026-06-16 19:00:00,-53.95,0.0,9.77,1.0,15,132.37,21.25,0.0,42.63,275875.7,42.63,111.0,40.82,-25.82,44.5
2026-06-16 20:00:00,-54.9,0.0,11.47,1.0,15,132.27,12.72,0.0,83.35,275848.66,83.35,61.64,27.04,-28.66,47.5
2026-06-16 21:00:00,-54.66,0.0,8.48,1.0,15,126.22,15.51,0.0,22.61,275805.31,22.61,119.11,43.35,-31.17,39.2
2026-06-16 22:00:00,-56.43,0.0,7.55,1.0,15,129.83,14.72,0.0,12.93,275757.87,12.93,131.63,47.44,-33.14,44.2
2026-06-16 23:00:00,-56.9,0.0,9.3,1.0,15,137.56,11.16,0.0,34.27,275715.18,34.27,114.45,42.69,-34.4,44.2
2026-06-17 00:00:00,-57.51,0.0,9.76,1.0,15,134.38,8.0,0.0,42.45,275676.45,42.45,99.93,38.73,-34.87,48.7
2026-06-17 01:00:00,-57.17,0.0,11.38,1.0,15,134.34,11.64,0.0,80.71,275647.7,80.71,65.27,28.75,-34.43,36.9
2026-06-17 02:00:00,-57.17,0.0,8.87,1.0,15,134.87,8.0,0.0,27.79,275604.75,27.79,115.07,42.95,-33.17,44.6
2026-06-17 03:00:00,-58.01,0.0,9.17,1.0,15,138.06,8.0,0.0,32.22,275561.91,32.22,113.84,42.85,-31.2,39.0
2026-06-17 04:00:00,-58.54,0.0,9.28,1.0,15,134.01,12.72,0.0,33.94,275519.2,33.94,112.79,42.71,-28.7,37.3
2026-06-17 05:00:00,-58.31,0.0,7.22,1.0,15,134.47,15.57,0.0,10.28,275468.87,10.28,139.77,50.33,-25.85,51.0
2026-06-17 06:00:00,-58.22,0.0,7.68,1.0,15,133.04,15.86,0.0,14.09,275419.98,14.09,134.81,48.89,-22.87,43.6
2026-06-17 07:00:00,-58.41,0.0,8.37,1.0,15,131.0,12.77,0.0,21.21,275374.53,21.21,122.56,45.45,-19.96,48.9
2026-06-17 08:00:00,-58.52,0.0,7.37,1.0,15,136.61,15.11,0.0,11.45,275324.0,11.45,140.27,50.53,-17.29,37.4
2026-06-17 09:00:00,-57.91,0.0,6.96,1.0,15,132.85,20.13,0.0,8.55,275272.46,8.55,144.44,51.54,-15.03,50.0
2026-06-17 10:00:00,-58.03,0.0,7.97,1.0,15,137.07,22.26,0.0,16.88,275221.46,16.88,142.44,51.0,-13.31,39.4
2026-06-17 11:00:00,-57.9,0.0,8.07,1.0,15,133.41,18.34,0.0,17.85,275172.92,17.85,133.91,48.53,-12.23,45.5
2026-06-17 12:00:00,-56.43,0.0,9.87,1.0,15,129.5,20.92,0.0,44.56,275132.82,44.56,105.85,40.1,-11.87,38.0
2026-06-17 13:00:00,-57.17,0.0,8.99,1.0,15,135.93,21.46,0.0,29.55,275086.24,29.55,127.85,46.59,-12.23,36.8
2026-06-17 14:00:00,-58.19,0.0,8.1,1.0,15,136.34,25.58,0.0,18.2,275034.82,18.2,143.71,51.41,-13.31,41.2
2026-06-17 15:00:00,-57.63,0.0,11.76,1.0,15,133.96,24.43,0.0,92.06,275005.63,92.06,66.33,29.19,-15.03,49.5
2026-06-17 16:00:00,-58.0,0.0,12.96,1.0,15,134.66,20.54,0.0,100.0,274979.5,100.0,55.2,26.13,-17.29,47.8
2026-06-17 17:00:00,-58.19,0.0,9.79,1.0,15,136.51,11.52,0.0,42.96,274939.1,42.96,105.07,40.4,-19.96,42.1
2026-06-17 18:00:00,-58.68,0.0,10.58,1.0,15,139.69,20.94,0.0,59.68,274899.72,59.68,100.95,39.37,-22.87,39.4
2026-06-17 19:00:00,-58.87,0.0,8.6,1.0,15,137.14,16.75,0.0,24.05,274852.06,24.05,129.84,47.67,-25.85,42.4
2026-06-17 20:00:00,-57.97,0.0,6.66,1.0,15,135.88,12.3,0.0,6.71,274801.35,6.71,141.47,50.71,-28.7,36.3
2026-06-17 21:00:00,-57.56,0.0,6.46,1.0,15,133.22,19.23,0.0,5.67,274749.25,5.67,146.78,52.1,-31.2,42.5
2026-06-17 22:00:00,-57.13,0.0,6.3,1.0,15,133.03,11.95,0.0,4.92,274699.19,4.92,140.06,50.06,-33.17,42.4
2026-06-17 23:00:00,-58.07,0.0,8.35,1.0,15,127.72,19.35,0.0,21.06,274652.85,21.06,126.02,46.34,-34.43,41.7
2026-06-18 00:00:00,-59.06,0.0,9.26,1.0,15,134.47,9.51,0.0,33.7,274610.71,33.7,110.28,42.15,-34.9,43.0
2026-06-18 01:00:00,-60.8,0.0,12.45,1.0,15,136.89,11.62,0.0,100.0,274585.64,100.0,48.51,25.06,-34.46,43.4
2026-06-18 02:00:00,-61.25,0.0,12.19,1.0,15,137.54,8.0,0.0,100.0,274561.29,100.0,45.54,24.36,-33.2,27.1
2026-06-18 03:00:00,-60.6,0.0,10.91,1.0,15,138.09,11.93,0.0,67.84,274526.69,67.84,82.18,34.6,-31.23,35.4
2026-06-18 04:00:00,-60.19,0.0,11.04,1.0,15,137.69,17.86,0.0,71.17,274491.58,71.17,84.39,35.11,-28.72,36.6
2026-06-18 05:00:00,-60.2,0.0,15.82,1.0,15,135.96,13.66,0.0,100.0,274466.38,100.0,49.63,25.2,-25.88,39.1
2026-06-18 06:00:00,-60.05,0.0,14.59,1.0,15,140.85,13.99,0.0,100.0,274439.73,100.0,54.84,26.64,-22.9,39.6
2026-06-18 07:00:00,-60.28,0.0,13.96,1.0,15,139.76,21.42,0.0,100.0,274411.21,100.0,61.17,28.52,-19.98,43.0
2026-06-18 08:00:00,-59.95,0.0,14.86,1.0,15,138.38,19.22,0.0,100.0,274383.81,100.0,57.6,27.4,-17.31,41.6
2026-06-18 09:00:00,-59.28,0.0,11.68,1.0,15,138.3,20.09,0.0,89.56,274353.41,89.56,68.83,30.4,-15.05,46.5
2026-06-18 10:00:00,-60.05,0.0,11.61,1.0,15,134.29,17.11,0.0,87.52,274324.19,87.52,63.88,29.22,-13.34,38.5
2026-06-18 11:00:00,-59.66,0.0,12.35,1.0,15,133.62,17.81,0.0,100.0,274298.63,100.0,51.44,25.56,-12.26,36.9
2026-06-18 12:00:00,-58.91,0.0,13.97,1.0,15,138.99,20.26,0.0,100.0,274271.07,100.0,59.25,27.56,-11.9,40.1
2026-06-18 13:00:00,-59.01,0.0,11.45,1.0,15,141.7,15.05,0.0,82.63,274239.25,82.63,74.12,31.83,-12.26,40.9
2026-06-18 14:00:00,-58.46,0.0,10.67,1.0,15,135.73,22.8,0.0,61.91,274201.17,61.91,96.62,38.07,-13.34,41.7
2026-06-18 15:00:00,-56.68,0.0,10.79,1.0,15,137.8,21.52,0.0,64.75,274164.22,64.75,94.56,36.95,-15.05,41.2
2026-06-18 16:00:00,-56.72,0.0,9.31,1.0,15,132.92,20.0,0.0,34.48,274120.45,34.48,118.44,43.77,-17.31,47.9
2026-06-18 17:00:00,-56.49,0.0,9.5,1.0,15,131.01,13.72,0.0,37.6,274079.97,37.6,107.13,40.48,-19.98,47.6
2026-06-18 18:00:00,-56.99,0.0,8.43,1.0,15,135.49,18.61,0.0,21.91,274032.2,21.91,132.19,47.77,-22.9,47.7
2026-06-18 19:00:00,-56.95,0.0,7.93,1.0,15,128.54,12.77,0.0,16.43,273986.53,16.43,124.88,45.68,-25.88,37.4
2026-06-18 20:00:00,-56.76,0.0,7.94,1.0,15,131.68,17.97,0.0,16.57,273938.57,16.57,133.09,47.96,-28.72,46.1
2026-06-18 21:00:00,-56.74,0.0,8.26,1.0,15,131.13,12.4,0.0,19.94,273893.32,19.94,123.59,45.25,-31.23,50.5
2026-06-18 22:00:00,-57.46,0.0,8.21,1.0,15,131.43,13.13,0.0,19.34,273847.39,19.34,125.22,45.93,-33.2,47.5
2026-06-18 23:00:00,-57.43,0.0,8.32,1.0,15,132.91,14.79,0.0,20.64,273800.95,20.64,127.07,46.44,-34.46,39.4
2026-06-19 00:00:00,-56.84,0.0,7.73,1.0,15,133.74,13.8,0.0,14.53,273752.99,14.53,133.01,47.96,-34.92,40.7
2026-06-19 01:00:00,-56.63,0.0,6.78,1.0,15,135.66,8.0,0.0,7.43,273704.17,7.43,136.23,48.81,-34.48,34.7
2026-06-19 02:00:00,-56.08,0.0,5.52,1.0,15,134.22,8.0,0.0,2.2,273654.45,2.2,140.01,49.73,-33.22,49.4
2026-06-19 03:00:00,-56.23,0.0,5.36,1.0,15,128.65,10.96,0.0,1.8,273605.3,1.8,137.82,49.15,-31.25,37.9
2026-06-19 04:00:00,-55.75,0.0,6.6,1.0,15,136.45,15.47,0.0,6.41,273554.1,6.41,145.51,51.19,-28.75,40.8
2026-06-19 05:00:00,-55.52,0.0,8.38,1.0,15,133.8,20.49,0.0,21.38,273506.56,21.38,132.92,47.54,-25.9,46.2
2026-06-19 06:00:00,-56.01,0.0,7.29,1.0,15,131.91,15.58,0.0,10.84,273457.82,10.84,136.65,48.75,-22.92,43.7
2026-06-19 07:00:00,-55.7,0.0,6.24,1.0,15,134.29,20.1,0.0,4.67,273405.44,4.67,149.72,52.38,-20.0,45.0
2026-06-19 08:00:00,-56.16,0.0,7.93,1.0,15,130.03,20.79,0.0,16.47,273357.3,16.47,134.34,48.14,-17.34,40.0
2026-06-19 09:00:00,-56.39,0.0,7.48,1.0,15,134.27,15.66,0.0,12.33,273308.17,12.33,137.6,49.13,-15.07,36.4
2026-06-19 10:00:00,-56.12,0.0,10.43,1.0,15,127.73,20.38,0.0,56.37,273272.19,56.37,91.74,35.98,-13.36,44.0
2026-06-19 11:00:00,-55.79,0.0,10.77,1.0,15,130.8,19.04,0.0,64.24,273238.05,64.24,85.61,34.14,-12.28,38.8
2026-06-19 12:00:00,-56.39,0.0,9.58,1.0,15,135.4,18.24,0.0,39.03,273195.47,39.03,114.61,42.58,-11.92,45.3
2026-06-19 13:00:00,-55.64,0.0,8.6,1.0,15,130.23,25.95,0.0,24.07,273148.13,24.07,132.11,47.34,-12.28,38.8
2026-06-19 14:00:00,-55.22,0.0,8.71,1.0,15,129.68,21.54,0.0,25.49,273102.73,25.49,125.73,45.4,-13.36,42.8
2026-06-19 15:00:00,-55.62,0.0,7.1,1.0,15,129.88,17.18,0.0,9.44,273053.82,9.44,137.62,48.91,-15.07,51.9
2026-06-19 16:00:00,-56.54,0.0,6.15,1.0,15,132.21,16.96,0.0,4.27,273002.56,4.27,144.9,51.26,-17.34,43.7
2026-06-19 17:00:00,-56.65,0.0,5.72,1.0,15,130.58,18.05,0.0,2.77,272950.99,2.77,145.87,51.57,-20.0,38.5
2026-06-19 18:00:00,-56.97,0.0,7.69,1.0,15,136.79,17.61,0.0,14.17,272900.93,14.17,140.24,50.06,-22.92,44.8
2026-06-19 19:00:00,-56.98,0.0,8.02,1.0,15,130.67,9.46,0.0,17.39,272855.86,17.39,122.74,45.07,-25.9,41.6
2026-06-19 20:00:00,-57.29,0.0,6.05,1.0,15,134.51,18.24,0.0,3.91,272803.25,3.91,148.84,52.6,-28.75,38.1
2026-06-19 21:00:00,-58.6,0.0,7.46,1.0,15,137.68,13.93,0.0,12.17,272752.93,12.17,139.45,50.32,-31.25,41.2
2026-06-19 22:00:00,-58.91,0.0,7.55,1.0,15,134.69,10.13,0.0,12.9,272704.66,12.9,131.93,48.27,-33.22,47.0
2026-06-19 23:00:00,-59.16,0.0,7.91,1.0,15,133.5,20.15,0.0,16.24,272654.75,16.24,137.41,49.91,-34.48,43.6
2026-06-20 00:00:00,-59.05,0.0,7.13,1.0,15,135.25,14.21,0.0,9.68,272604.2,9.68,139.78,50.55,-34.93,39.8
2026-06-20 01:00:00,-59.5,0.0,7.76,1.0,15,136.35,17.55,0.0,14.79,272553.7,14.79,139.11,50.5,-34.5,34.3
2026-06-20 02:00:00,-58.48,0.0,11.28,1.0,15,137.66,16.63,0.0,77.99,272521.41,77.99,76.3,32.29,-33.24,44.8
2026-06-20 03:00:00,-59.61,0.0,8.91,1.0,15,137.07,19.37,0.0,28.26,272474.0,28.26,128.18,47.42,-31.27,42.7
2026-06-20 04:00:00,-58.74,0.0,8.1,1.0,15,136.05,17.43,0.0,18.19,272424.82,18.19,135.29,49.18,-28.76,32.8
2026-06-20 05:00:00,-58.78,0.0,7.38,1.0,15,133.01,18.17,0.0,11.49,272374.37,11.49,139.69,50.44,-25.91,33.5
2026-06-20 06:00:00,-58.12,0.0,6.88,1.0,15,134.67,18.8,0.0,8.0,272322.48,8.0,145.46,51.89,-22.93,49.3
2026-06-20 07:00:00,-57.93,0.0,6.98,1.0,15,137.95,21.98,0.0,8.64,272268.98,8.64,151.29,53.5,-20.02,43.2
2026-06-20 08:00:00,-57.08,0.0,8.83,1.0,15,135.88,17.06,0.0,27.23,272223.03,27.23,125.71,45.95,-17.35,35.2
2026-06-20 09:00:00,-57.15,0.0,10.89,1.0,15,132.47,20.93,0.0,67.49,272188.4,67.49,85.91,34.63,-15.09,47.8
2026-06-20 10:00:00,-57.64,0.0,9.22,1.0,15,136.17,18.75,0.0,32.98,272143.36,32.98,121.95,45.05,-13.37,47.9
2026-06-20 11:00:00,-56.62,0.0,9.22,1.0,15,132.45,23.64,0.0,32.97,272098.28,32.97,123.12,45.08,-12.3,39.0
2026-06-20 12:00:00,-56.55,0.0,9.57,1.0,15,133.76,20.1,0.0,38.9,272055.55,38.9,114.97,42.73,-11.93,38.0
2026-06-20 13:00:00,-56.31,0.0,9.39,1.0,15,131.63,20.17,0.0,35.85,272012.61,35.85,115.95,42.94,-12.3,43.2
2026-06-20 14:00:00,-55.48,0.0,8.96,1.0,15,128.87,14.68,0.0,29.1,271970.35,29.1,114.45,42.26,-13.37,44.2
2026-06-20 15:00:00,-56.08,0.0,7.8,1.0,15,129.68,25.66,0.0,15.16,271920.57,15.16,140.18,49.77,-15.09,42.2
2026-06-20 16:00:00,-55.71,0.0,8.01,1.0,15,132.51,15.03,0.0,17.26,271873.73,17.26,130.28,46.84,-17.35,37.9
2026-06-20 17:00:00,-56.1,0.0,7.86,1.0,15,126.14,18.95,0.0,15.79,271827.05,15.79,129.3,46.68,-20.02,41.2
2026-06-20 18:00:00,-56.25,0.0,9.33,1.0,15,134.52,18.34,0.0,34.87,271783.55,34.87,117.99,43.5,-22.93,40.7
2026-06-20 19:00:00,-56.29,0.0,10.22,1.0,15,131.72,19.57,0.0,51.53,271745.23,51.53,99.76,38.32,-25.91,35.3
2026-06-20 20:00:00,-57.3,0.0,8.45,1.0,15,132.4,12.77,0.0,22.19,271699.99,22.19,122.98,45.24,-28.76,47.0
2026-06-20 21:00:00,-57.87,0.0,6.96,1.0,15,136.9,9.24,0.0,8.55,271650.42,8.55,137.59,49.57,-31.27,36.3
2026-06-20 22:00:00,-57.15,0.0,9.51,1.0,15,127.49,15.78,0.0,37.87,271610.23,37.87,105.41,40.19,-33.24,48.7
2026-06-20 23:00:00,-56.71,0.0,9.4,1.0,15,133.92,16.39,0.0,35.97,271567.63,35.97,114.34,42.6,-34.5,43.2
2026-06-21 00:00:00,-57.05,0.0,10.82,1.0,15,137.04,14.0,0.0,65.72,271533.2,65.72,85.32,34.43,-34.94,39.0
2026-06-21 01:00:00,-56.97,0.0,8.48,1.0,15,130.28,13.04,0.0,22.62,271488.71,22.62,120.7,44.49,-34.5,44.2
2026-06-21 02:00:00,-57.18,0.0,8.63,1.0,15,132.63,12.79,0.0,24.54,271444.11,24.54,120.88,44.6,-33.24,41.5
2026-06-21 03:00:00,-56.36,0.0,8.79,1.0,15,133.35,10.0,0.0,26.6,271400.92,26.6,116.75,43.18,-31.27,49.4
2026-06-21 04:00:00,-56.45,0.0,10.41,1.0,15,129.04,8.0,0.0,55.78,271367.83,55.78,81.26,33.09,-28.77,53.3
2026-06-21 05:00:00,-56.25,0.0,8.41,1.0,15,132.73,20.31,0.0,21.75,271320.54,21.75,131.28,47.29,-25.92,44.8
2026-06-21 06:00:00,-55.47,0.0,7.59,1.0,15,136.89,16.54,0.0,13.26,271270.95,13.26,140.16,49.59,-22.94,42.5
2026-06-21 07:00:00,-55.83,0.0,7.58,1.0,15,132.26,20.13,0.0,13.19,271221.53,13.19,139.2,49.42,-20.03,51.1
2026-06-21 08:00:00,-54.76,0.0,9.59,1.0,15,130.52,17.69,0.0,39.17,271181.03,39.17,109.05,40.51,-17.36,42.9
2026-06-21 09:00:00,-55.56,0.0,11.75,1.0,15,128.47,18.63,0.0,91.75,271155.58,91.75,55.35,25.44,-15.1,40.7
2026-06-21 10:00:00,-54.43,0.0,14.85,1.0,15,132.3,19.0,0.0,100.0,271131.63,100.0,51.3,23.95,-13.38,50.3
2026-06-21 11:00:00,-54.54,0.0,15.84,1.0,15,123.55,20.26,0.0,100.0,271109.79,100.0,43.81,21.85,-12.3,48.3
2026-06-21 12:00:00,-54.59,0.0,11.56,1.0,15,129.53,24.38,0.0,85.91,271081.03,85.91,68.01,28.76,-11.94,41.5
2026-06-21 13:00:00,-55.65,0.0,8.93,1.0,15,133.28,21.25,0.0,28.67,271035.46,28.67,125.85,45.56,-12.3,44.8
2026-06-21 14:00:00,-55.86,0.0,7.59,1.0,15,126.09,25.44,0.0,13.3,270986.31,13.3,138.23,49.15,-13.38,41.4
2026-06-21 15:00:00,-56.46,0.0,7.39,1.0,15,128.08,16.28,0.0,11.59,270938.53,11.59,132.77,47.78,-15.1,45.7
2026-06-21 16:00:00,-56.82,0.0,9.2,1.0,15,129.82,18.22,0.0,32.68,270895.61,32.68,115.36,42.92,-17.36,44.9
2026-06-21 17:00:00,-56.92,0.0,10.96,1.0,15,136.25,17.51,0.0,69.19,270861.43,69.19,84.57,34.18,-20.03,35.9
2026-06-21 18:00:00,-56.4,0.0,9.2,1.0,15,131.02,18.69,0.0,32.76,270818.18,32.76,116.94,43.25,-22.94,42.9
2026-06-21 19:00:00,-56.36,0.0,9.49,1.0,15,134.33,13.24,0.0,37.55,270776.92,37.55,110.01,41.26,-25.92,35.3
2026-06-21 20:00:00,-56.28,0.0,11.41,1.0,15,133.85,17.71,0.0,81.71,270747.13,81.71,69.85,29.79,-28.77,35.7
2026-06-21 21:00:00,-57.06,0.0,10.51,1.0,15,129.79,15.23,0.0,58.07,270712.23,58.07,86.95,34.9,-31.27,39.7
2026-06-21 22:00:00,-57.7,0.0,8.51,1.0,15,133.58,17.7,0.0,23.0,270665.36,23.0,128.29,46.87,-33.24,38.7
2026-06-21 23:00:00,-56.71,0.0,8.42,1.0,15,132.4,11.38,0.0,21.8,270620.58,21.8,121.97,44.78,-34.5,33.9
2026-06-22 00:00:00,-57.45,0.0,8.07,1.0,15,135.17,8.0,0.0,17.85,270574.63,17.85,125.32,45.95,-34.94,36.0
2026-06-22 01:00:00,-56.51,0.0,8.52,1.0,15,133.09,15.8,0.0,23.1,270528.83,23.1,125.78,45.8,-34.5,34.9
2026-06-22 02:00:00,-56.7,0.0,8.36,1.0,15,132.74,16.18,0.0,21.09,270482.39,21.09,127.83,46.44,-33.24,38.8
2026-06-22 03:00:00,-56.71,0.0,6.38,1.0,15,135.46,8.0,0.0,5.31,270433.0,5.31,138.15,49.39,-31.27,45.1
2026-06-22 04:00:00,-56.03,0.0,11.14,1.0,15,134.38,15.95,0.0,73.91,270401.41,73.91,76.42,31.59,-28.77,50.4
2026-06-22 05:00:00,-55.21,0.0,10.59,1.0,15,127.39,16.27,0.0,59.99,270368.0,59.99,83.67,33.41,-25.92,48.9
2026-06-22 06:00:00,-55.21,0.0,9.95,1.0,15,129.58,14.87,0.0,46.14,270330.42,46.14,98.31,37.58,-22.94,45.8
2026-06-22 07:00:00,-55.34,0.0,12.26,1.0,15,130.85,22.33,0.0,100.0,270305.66,100.0,53.18,24.76,-20.03,45.4
2026-06-22 08:00:00,-55.26,0.0,10.0,1.0,15,130.83,17.48,0.0,47.11,270267.24,47.11,101.2,38.42,-17.36,43.0
2026-06-22 09:00:00,-54.92,0.0,8.53,1.0,15,131.34,24.79,0.0,23.2,270219.88,23.2,132.93,47.36,-15.1,43.3
2026-06-22 10:00:00,-54.26,0.0,9.88,1.0,15,129.92,23.21,0.0,44.7,270179.7,44.7,108.43,40.18,-13.38,51.2
2026-06-22 11:00:00,-54.15,0.0,8.71,1.0,15,130.24,23.0,0.0,25.58,270134.08,25.58,127.65,45.62,-12.3,47.5
2026-06-22 12:00:00,-53.68,0.0,9.96,1.0,15,129.77,22.46,0.0,46.29,270094.78,46.29,105.95,39.3,-11.94,45.7
2026-06-22 13:00:00,-52.63,0.0,8.81,1.0,15,125.95,23.04,0.0,26.89,270051.19,26.89,122.1,43.59,-12.3,36.8
2026-06-22 14:00:00,-52.38,0.0,6.86,1.0,15,125.45,18.61,0.0,7.89,270003.67,7.89,136.17,47.52,-13.38,49.4
2026-06-22 15:00:00,-52.22,0.0,7.44,1.0,15,129.0,16.09,0.0,12.02,269957.07,12.02,133.08,46.59,-15.1,49.5
2026-06-22 16:00:00,-53.19,0.0,6.73,1.0,15,126.36,23.85,0.0,7.12,269907.34,7.12,143.09,49.74,-17.36,42.0
2026-06-22 17:00:00,-54.86,0.0,8.33,1.0,15,131.66,15.96,0.0,20.72,269861.71,20.72,126.91,45.63,-20.03,45.0
2026-06-22 18:00:00,-54.71,0.0,8.95,1.0,15,128.14,15.86,0.0,28.89,269819.49,28.89,115.11,42.22,-22.94,43.3
2026-06-22 19:00:00,-54.89,0.0,11.1,1.0,15,130.81,11.31,0.0,72.81,269790.27,72.81,69.31,29.22,-25.92,41.1
2026-06-22 20:00:00,-55.33,0.0,11.57,1.0,15,131.66,16.1,0.0,86.48,269763.2,86.48,61.28,27.06,-28.77,45.6
2026-06-22 21:00:00,-55.32,0.0,9.62,1.0,15,132.17,10.13,0.0,39.78,269724.39,39.78,102.53,38.82,-31.27,38.1
2026-06-22 22:00:00,-55.49,0.0,10.61,1.0,15,134.52,14.14,0.0,60.55,269689.63,60.55,88.11,34.76,-33.24,53.6
2026-06-22 23:00:00,-54.94,0.0,10.59,1.0,15,127.96,11.93,0.0,59.9,269657.35,59.9,79.99,32.28,-34.5,46.4
2026-06-23 00:00:00,-55.21,0.0,10.68,1.0,15,130.9,13.59,0.0,62.08,269624.3,62.08,82.41,33.05,-34.93,43.0
2026-06-23 01:00:00,-55.75,0.0,11.56,1.0,15,132.88,17.97,0.0,86.15,269596.13,86.15,64.7,28.17,-34.5,48.0
2026-06-23 02:00:00,-55.22,0.0,11.01,1.0,15,132.05,9.5,0.0,70.37,269566.28,70.37,71.17,29.85,-33.24,47.5
2026-06-23 03:00:00,-55.38,0.0,10.22,1.0,15,130.16,11.77,0.0,51.72,269530.96,51.72,90.2,35.32,-31.27,39.7
2026-06-23 04:00:00,-55.06,0.0,10.29,1.0,15,131.18,11.94,0.0,53.1,269495.79,53.1,90.02,35.17,-28.76,41.2
2026-06-23 05:00:00,-55.31,0.0,9.14,1.0,15,130.69,16.82,0.0,31.69,269453.19,31.69,115.82,42.6,-25.91,32.1
2026-06-23 06:00:00,-55.63,0.0,7.88,1.0,15,132.86,17.74,0.0,15.98,269405.13,15.98,134.62,48.06,-22.94,37.9
2026-06-23 07:00:00,-55.48,0.0,8.54,1.0,15,130.82,17.02,0.0,23.3,269360.0,23.3,124.53,45.14,-20.02,46.7
2026-06-23 08:00:00,-55.35,0.0,7.66,1.0,15,130.66,22.27,0.0,13.84,269310.75,13.84,139.09,49.25,-17.35,44.4
2026-06-23 09:00:00,-54.93,0.0,6.35,1.0,15,130.75,19.77,0.0,5.16,269259.85,5.16,145.35,50.91,-15.09,41.3
2026-06-23 10:00:00,-54.97,0.0,4.61,1.0,15,129.11,18.57,0.0,0.58,269208.43,0.58,147.1,51.42,-13.37,45.5
2026-06-23 11:00:00,-55.96,0.0,6.17,1.0,15,130.07,24.81,0.0,4.37,269155.75,4.37,150.51,52.69,-12.3,40.4
2026-06-23 12:00:00,-56.11,0.0,6.42,1.0,15,129.05,20.28,0.0,5.47,269104.91,5.47,143.87,50.84,-11.93,35.7
2026-06-23 13:00:00,-55.54,0.0,8.07,1.0,15,130.78,20.34,0.0,17.92,269057.29,17.92,133.21,47.62,-12.3,38.6
2026-06-23 14:00:00,-55.66,0.0,7.82,1.0,15,129.65,20.14,0.0,15.37,269009.28,15.37,134.43,48.01,-13.37,54.7
2026-06-23 15:00:00,-55.78,0.0,8.02,1.0,15,130.81,20.35,0.0,17.34,268961.4,17.34,133.82,47.87,-15.09,42.4
2026-06-23 16:00:00,-55.2,0.0,7.89,1.0,15,133.28,22.31,0.0,16.04,268912.07,16.04,139.55,49.33,-17.35,43.1
2026-06-23 17:00:00,-55.68,0.0,8.68,1.0,15,130.72,20.34,0.0,25.09,268866.47,25.09,125.97,45.61,-20.02,45.9
2026-06-23 18:00:00,-56.69,0.0,8.19,1.0,15,135.63,18.36,0.0,19.13,268818.02,19.13,134.86,48.44,-22.94,47.4
2026-06-23 19:00:00,-56.87,0.0,11.17,1.0,15,134.0,12.43,0.0,74.9,268787.57,74.9,71.53,30.45,-25.91,41.2
2026-06-23 20:00:00,-57.27,0.0,12.84,1.0,15,133.15,14.18,0.0,100.0,268763.9,100.0,47.33,23.67,-28.76,47.6
2026-06-23 21:00:00,-57.97,0.0,13.21,1.0,15,132.6,12.9,0.0,100.0,268740.55,100.0,45.5,23.36,-31.27,40.4
2026-06-23 22:00:00,-58.17,0.0,14.1,1.0,15,134.92,14.58,0.0,100.0,268715.99,100.0,49.5,24.56,-33.24,41.3
2026-06-23 23:00:00,-57.97,0.0,12.38,1.0,15,133.97,12.32,0.0,100.0,268692.41,100.0,46.29,23.58,-34.5,39.1
2026-06-24 00:00:00,-58.24,0.0,11.45,1.0,15,137.88,17.21,0.0,82.86,268661.35,82.86,72.23,31.06,-34.92,45.2
2026-06-24 01:00:00,-58.11,0.0,11.62,1.0,15,139.4,14.83,0.0,87.93,268632.02,87.93,66.31,29.33,-34.48,34.5
2026-06-24 02:00:00,-57.04,0.0,11.53,1.0,15,135.68,14.67,0.0,85.23,268603.34,85.23,65.12,28.67,-33.22,43.4
2026-06-24 03:00:00,-57.26,0.0,12.61,1.0,15,132.12,10.39,0.0,100.0,268581.05,100.0,42.5,22.29,-31.25,45.0
2026-06-24 04:00:00,-57.06,0.0,12.33,1.0,15,133.56,12.1,0.0,100.0,268557.92,100.0,45.66,23.13,-28.75,47.3
2026-06-24 05:00:00,-57.3,0.0,16.01,1.0,15,133.32,13.76,0.0,100.0,268534.32,100.0,47.08,23.61,-25.9,44.8
2026-06-24 06:00:00,-57.72,0.0,13.4,1.0,15,133.16,16.53,0.0,100.0,268509.84,100.0,49.69,24.48,-22.92,37.1
2026-06-24 07:00:00,-57.94,0.0,13.51,1.0,15,134.61,21.24,0.0,100.0,268483.54,100.0,55.84,26.3,-20.01,44.4
2026-06-24 08:00:00,-58.08,0.0,12.89,1.0,15,134.73,16.47,0.0,100.0,268458.53,100.0,51.19,25.01,-17.34,45.1
2026-06-24 09:00:00,-57.69,0.0,12.42,1.0,15,138.46,14.82,0.0,100.0,268433.04,100.0,53.28,25.49,-15.08,45.0
2026-06-24 10:00:00,-56.11,0.0,10.75,1.0,15,132.69,24.7,0.0,63.94,268396.57,63.94,93.45,36.47,-13.36,41.7
2026-06-24 11:00:00,-56.41,0.0,11.34,1.0,15,134.25,19.46,0.0,79.68,268365.55,79.68,74.04,31.02,-12.28,41.9
2026-06-24 12:00:00,-56.54,0.0,12.56,1.0,15,134.95,20.81,0.0,100.0,268339.69,100.0,55.76,25.85,-11.92,47.6
2026-06-24 13:00:00,-56.48,0.0,10.47,1.0,15,134.21,23.87,0.0,57.24,268301.01,57.24,100.84,38.68,-12.28,42.6
2026-06-24 14:00:00,-56.18,0.0,10.42,1.0,15,135.07,23.91,0.0,56.07,268261.82,56.07,102.91,39.18,-13.36,38.1
2026-06-24 15:00:00,-55.99,0.0,9.56,1.0,15,130.96,16.94,0.0,38.64,268220.89,38.64,109.26,40.94,-15.08,41.0
2026-06-24 16:00:00,-55.22,0.0,13.05,1.0,15,132.7,19.56,0.0,100.0,268196.43,100.0,52.26,24.46,-17.34,51.0
2026-06-24 17:00:00,-56.74,0.0,11.73,1.0,15,137.26,21.84,0.0,91.15,268167.04,91.15,67.96,29.39,-20.01,35.7
2026-06-24 18:00:00,-58.25,0.0,9.91,1.0,15,133.7,16.63,0.0,45.29,268126.63,45.29,105.03,40.41,-22.92,47.8
2026-06-24 19:00:00,-58.61,0.0,9.16,1.0,15,135.1,18.66,0.0,32.0,268081.34,32.0,121.76,45.29,-25.9,41.2
2026-06-24 20:00:00,-58.03,0.0,9.59,1.0,15,134.04,14.75,0.0,39.33,268039.74,39.33,109.46,41.61,-28.75,34.8
2026-06-24 21:00:00,-59.08,0.0,7.71,1.0,15,141.32,16.62,0.0,14.37,267988.1,14.37,143.57,51.64,-31.25,44.7
2026-06-24 22:00:00,-60.99,0.0,8.37,1.0,15,137.19,16.89,0.0,21.2,267938.93,21.2,132.88,49.17,-33.22,35.7
2026-06-24 23:00:00,-60.69,0.0,10.77,1.0,15,139.32,18.1,0.0,64.42,267901.22,64.42,93.0,37.71,-34.48,39.9
2026-06-25 00:00:00,-60.77,0.0,11.75,1.0,15,140.27,14.32,0.0,91.97,267872.14,91.97,62.62,29.08,-34.9,30.2
2026-06-25 01:00:00,-61.44,0.0,9.21,1.0,15,139.03,11.72,0.0,32.79,267827.09,32.79,117.97,45.05,-34.46,45.6
2026-06-25 02:00:00,-62.0,0.0,13.09,1.0,15,138.92,13.73,0.0,100.0,267800.48,100.0,52.64,26.6,-33.2,37.0
2026-06-25 03:00:00,-62.0,0.0,12.6,1.0,15,139.3,14.32,0.0,100.0,267773.6,100.0,53.61,26.88,-31.23,35.4
2026-06-25 04:00:00,-62.0,0.0,10.27,1.0,15,140.55,14.28,0.0,52.75,267732.91,52.75,102.08,40.69,-28.73,39.5
2026-06-25 05:00:00,-62.0,0.0,7.69,1.0,15,139.92,17.54,0.0,14.12,267680.46,14.12,143.34,52.45,-25.88,42.9
2026-06-25 06:00:00,-62.0,0.0,6.8,1.0,15,144.28,18.2,0.0,7.55,267624.7,7.55,154.93,55.75,-22.9,37.6
2026-06-25 07:00:00,-62.0,0.0,8.83,1.0,15,139.94,18.52,0.0,27.25,267575.71,27.25,131.21,49.0,-19.99,42.8
2026-06-25 08:00:00,-62.0,0.0,6.77,1.0,15,139.92,25.35,0.0,7.35,267519.1,7.35,157.92,56.61,-17.32,38.4
2026-06-25 09:00:00,-62.0,0.0,6.39,1.0,15,141.97,17.24,0.0,5.34,267463.65,5.34,153.87,55.45,-15.06,38.9
2026-06-25 10:00:00,-62.0,0.0,8.08,1.0,15,141.74,21.5,0.0,17.98,267410.65,17.98,145.26,53.0,-13.34,34.5
2026-06-25 11:00:00,-62.0,0.0,8.56,1.0,15,134.09,20.88,0.0,23.61,267361.61,23.61,131.36,49.04,-12.26,43.8
2026-06-25 12:00:00,-62.0,0.0,9.76,1.0,15,139.19,15.46,0.0,42.44,267318.03,42.44,112.22,43.58,-11.9,41.9
2026-06-25 13:00:00,-62.0,0.0,10.43,1.0,15,139.99,18.96,0.0,56.37,267277.2,56.37,102.58,40.83,-12.26,41.2
2026-06-25 14:00:00,-62.0,0.0,8.15,1.0,15,138.88,16.16,0.0,18.78,267226.76,18.78,136.25,50.43,-13.34,43.8
2026-06-25 15:00:00,-62.0,0.0,10.21,1.0,15,143.22,22.19,0.0,51.47,267182.69,51.47,113.94,44.07,-15.06,33.3
2026-06-25 16:00:00,-62.0,0.0,8.83,1.0,15,137.81,14.98,0.0,27.12,267135.28,27.12,125.67,47.42,-17.32,38.9
2026-06-25 17:00:00,-62.0,0.0,8.97,1.0,15,143.41,13.54,0.0,29.26,267087.29,29.26,127.69,47.99,-19.99,44.0
2026-06-25 18:00:00,-62.0,0.0,9.43,1.0,15,136.45,15.88,0.0,36.4,267042.64,36.4,115.93,44.64,-22.9,38.3
2026-06-25 19:00:00,-62.0,0.0,8.03,1.0,15,141.28,14.29,0.0,17.5,266991.7,17.5,138.07,50.95,-25.88,39.2
2026-06-25 20:00:00,-62.0,0.0,11.39,1.0,15,144.54,13.06,0.0,80.87,266958.23,80.87,76.73,33.47,-28.73,39.1
2026-06-25 21:00:00,-62.0,0.0,10.57,1.0,15,139.79,10.05,0.0,59.56,266920.9,59.56,90.28,37.33,-31.23,40.9
2026-06-25 22:00:00,-62.0,0.0,8.3,1.0,15,141.15,15.59,0.0,20.42,266870.45,20.42,136.32,50.45,-33.2,28.9
2026-06-25 23:00:00,-62.0,0.0,10.8,1.0,15,143.36,12.38,0.0,65.22,266833.05,65.22,90.52,37.4,-34.46,39.1
2026-06-26 00:00:00,-62.0,0.0,10.51,1.0,15,143.3,15.82,0.0,58.09,266792.66,58.09,101.03,40.39,-34.87,40.5
2026-06-26 01:00:00,-62.0,0.0,10.75,1.0,15,141.77,9.95,0.0,63.89,266756.03,63.89,87.82,36.63,-34.44,40.5
2026-06-26 02:00:00,-62.0,0.0,10.25,1.0,15,140.7,10.98,0.0,52.27,266716.09,52.27,99.42,39.93,-33.18,46.5
2026-06-26 03:00:00,-62.0,0.0,11.27,1.0,15,140.68,10.7,0.0,77.69,266683.5,77.69,73.68,32.6,-31.21,35.6
2026-06-26 04:00:00,-62.0,0.0,8.62,1.0,15,138.04,14.17,0.0,24.35,266635.45,24.35,127.86,48.04,-28.7,46.7
2026-06-26 05:00:00,-62.0,0.0,7.84,1.0,15,138.85,13.31,0.0,15.55,266584.92,15.55,136.6,50.53,-25.86,36.7
2026-06-26 06:00:00,-62.0,0.0,7.98,1.0,15,141.18,19.73,0.0,16.9,266532.28,16.9,144.01,52.64,-22.88,31.8
2026-06-26 07:00:00,-62.0,0.0,6.56,1.0,15,141.7,10.9,0.0,6.19,266478.95,6.19,146.41,53.33,-19.96,46.0
2026-06-26 08:00:00,-62.0,0.0,7.96,1.0,15,146.76,23.82,0.0,16.75,266423.51,16.75,153.83,55.44,-17.29,43.8
2026-06-26 09:00:00,-62.0,0.0,7.8,1.0,15,142.82,18.78,0.0,15.2,266370.19,15.2,146.4,53.32,-15.03,39.2
2026-06-26 10:00:00,-62.0,0.0,7.27,1.0,15,140.33,18.07,0.0,10.69,266316.49,10.69,147.72,53.7,-13.31,35.6
2026-06-26 11:00:00,-62.0,0.0,5.38,1.0,15,142.22,26.37,0.0,1.85,266257.37,1.85,166.75,59.12,-12.24,37.5
2026-06-26 12:00:00,-62.0,0.0,7.18,1.0,15,137.22,20.7,0.0,10.01,266203.61,10.01,147.91,53.75,-11.87,39.8
2026-06-26 13:00:00,-62.0,0.0,9.07,1.0,15,141.29,19.95,0.0,30.75,266154.82,30.75,130.49,48.79,-12.24,45.4
2026-06-26 14:00:00,-61.15,0.0,8.6,1.0,15,141.29,18.55,0.0,24.13,266104.8,24.13,135.7,50.02,-13.31,32.6
2026-06-26 15:00:00,-61.1,0.0,8.86,1.0,15,141.23,18.89,0.0,27.54,266055.69,27.54,132.58,49.11,-15.03,38.1
2026-06-26 16:00:00,-62.0,0.0,7.86,1.0,15,140.95,20.21,0.0,15.73,266002.64,15.73,145.43,53.05,-17.29,37.2
2026-06-26 17:00:00,-61.56,0.0,8.54,1.0,15,141.68,19.22,0.0,23.34,265951.97,23.34,137.55,50.67,-19.96,36.4
2026-06-26 18:00:00,-61.92,0.0,6.45,1.0,15,140.38,12.93,0.0,5.62,265898.3,5.62,147.69,53.67,-22.88,35.3
2026-06-26 19:00:00,-61.51,0.0,7.05,1.0,15,141.22,11.83,0.0,9.09,265845.82,9.09,143.95,52.48,-25.86,46.9
2026-06-26 20:00:00,-61.54,0.0,8.05,1.0,15,138.32,17.33,0.0,17.65,265795.03,17.65,138.0,50.79,-28.7,34.8
2026-06-26 21:00:00,-62.0,0.0,10.39,1.0,15,138.62,11.73,0.0,55.39,265756.36,55.39,94.96,38.66,-31.21,39.2
2026-06-26 22:00:00,-62.0,0.0,9.5,1.0,15,143.88,12.73,0.0,37.62,265710.85,37.62,118.99,45.51,-33.18,32.6
2026-06-26 23:00:00,-61.18,0.0,10.34,1.0,15,139.42,13.26,0.0,54.23,265671.44,54.23,98.46,39.42,-34.44,43.5
2026-06-27 00:00:00,-61.09,0.0,10.22,1.0,15,140.66,17.3,0.0,51.62,265629.8,51.62,106.34,41.63,-34.84,36.7
2026-06-27 01:00:00,-61.14,0.0,12.04,1.0,15,138.04,16.87,0.0,100.0,265602.81,100.0,54.91,26.99,-34.4,28.1
2026-06-27 02:00:00,-60.48,0.0,10.74,1.0,15,136.26,13.93,0.0,63.5,265566.96,63.5,86.69,35.85,-33.14,44.5
2026-06-27 03:00:00,-60.32,0.0,9.53,1.0,15,137.29,11.29,0.0,38.18,265524.4,38.18,110.4,42.56,-31.17,37.0
2026-06-27 04:00:00,-60.12,0.0,11.15,1.0,15,139.12,21.19,0.0,74.2,265488.82,74.2,86.12,35.58,-28.67,46.5
2026-06-27 05:00:00,-60.68,0.0,8.65,1.0,15,134.52,17.44,0.0,24.8,265441.38,24.8,127.16,47.44,-25.82,44.9
2026-06-27 06:00:00,-60.4,0.0,7.34,1.0,15,139.07,20.6,0.0,11.25,265387.96,11.25,148.43,53.42,-22.84,39.1
2026-06-27 07:00:00,-59.61,0.0,6.14,1.0,15,138.89,16.95,0.0,4.26,265333.87,4.26,151.59,54.09,-19.93,42.3
2026-06-27 08:00:00,-59.94,0.0,8.4,1.0,15,135.97,15.28,0.0,21.55,265285.92,21.55,129.71,47.95,-17.26,40.5
2026-06-27 09:00:00,-58.9,0.0,6.32,1.0,15,136.82,21.21,0.0,5.02,265231.64,5.02,153.01,54.28,-15.0,33.8
2026-06-27 10:00:00,-58.78,0.0,8.65,1.0,15,136.47,20.45,0.0,24.78,265183.35,24.78,132.13,48.29,-13.28,48.0
2026-06-27 11:00:00,-59.15,0.0,8.49,1.0,15,134.78,25.8,0.0,22.75,265133.32,22.75,137.84,50.03,-12.2,39.4
2026-06-27 12:00:00,-58.4,0.0,6.27,1.0,15,135.19,20.7,0.0,4.79,265079.74,4.79,151.1,53.58,-11.84,41.3
2026-06-27 13:00:00,-58.45,0.0,6.62,1.0,15,135.57,19.51,0.0,6.51,265026.87,6.51,148.56,52.88,-12.2,41.4
2026-06-27 14:00:00,-57.9,0.0,6.1,1.0,15,132.83,24.25,0.0,4.11,264972.9,4.11,152.97,53.97,-13.28,40.4
2026-06-27 15:00:00,-58.03,0.0,7.3,1.0,15,134.18,18.43,0.0,10.89,264922.1,10.89,141.72,50.8,-15.0,44.7
2026-06-27 16:00:00,-58.05,0.0,8.37,1.0,15,134.93,17.92,0.0,21.27,264874.18,21.27,131.59,47.92,-17.26,41.0
2026-06-27 17:00:00,-57.78,0.0,8.42,1.0,15,135.18,13.03,0.0,21.82,264827.82,21.82,126.4,46.36,-19.93,39.1
2026-06-27 18:00:00,-57.66,0.0,6.64,1.0,15,138.52,19.88,0.0,6.62,264774.27,6.62,151.79,53.56,-22.84,39.7
2026-06-27 19:00:00,-58.95,0.0,7.81,1.0,15,134.24,14.8,0.0,15.23,264725.45,15.23,133.81,48.82,-25.82,49.1
2026-06-27 20:00:00,-59.71,0.0,9.58,1.0,15,140.53,10.72,0.0,39.02,264682.55,39.02,112.22,42.9,-28.67,40.5
2026-06-27 21:00:00,-59.23,0.0,10.18,1.0,15,134.83,16.79,0.0,50.77,264643.04,50.77,100.86,39.51,-31.17,48.7
2026-06-27 22:00:00,-59.4,0.0,11.19,1.0,15,137.07,12.1,0.0,75.45,264611.2,75.45,73.73,31.83,-33.14,35.7
2026-06-27 23:00:00,-59.81,0.0,9.42,1.0,15,139.72,18.35,0.0,36.38,264565.58,36.38,121.7,45.63,-34.4,36.9
2026-06-28 00:00:00,-60.84,0.0,11.09,1.0,15,140.28,16.73,0.0,72.58,264530.26,72.58,84.43,35.32,-34.8,37.0
2026-06-28 01:00:00,-61.52,0.0,9.79,1.0,15,135.18,9.28,0.0,42.98,264489.88,42.98,101.48,40.38,-34.36,38.4
2026-06-28 02:00:00,-62.0,0.0,7.36,1.0,15,143.49,15.07,0.0,11.35,264436.33,11.35,147.21,53.55,-33.1,34.9
2026-06-28 03:00:00,-62.0,0.0,9.27,1.0,15,141.81,16.47,0.0,33.73,264389.23,33.73,124.55,47.1,-31.13,37.9
2026-06-28 04:00:00,-62.0,0.0,11.56,1.0,15,139.88,9.22,0.0,86.0,264359.65,86.0,63.1,29.58,-28.63,39.5
2026-06-28 05:00:00,-62.0,0.0,11.32,1.0,15,140.81,14.56,0.0,78.92,264326.26,78.92,76.45,33.39,-25.78,43.5
2026-06-28 06:00:00,-62.0,0.0,9.63,1.0,15,142.04,14.89,0.0,39.99,264281.33,39.99,116.94,44.93,-22.8,31.8
2026-06-28 07:00:00,-62.0,0.0,8.5,1.0,15,142.39,20.93,0.0,22.84,264229.7,22.84,140.48,51.64,-19.89,43.1
2026-06-28 08:00:00,-61.38,0.0,8.44,1.0,15,141.35,16.04,0.0,22.06,264179.71,22.06,135.33,49.98,-17.22,42.7
2026-06-28 09:00:00,-62.0,0.0,10.46,1.0,15,139.53,20.48,0.0,57.03,264138.77,57.03,102.97,40.95,-14.96,33.6
2026-06-28 10:00:00,-61.17,0.0,8.7,1.0,15,139.79,26.2,0.0,25.34,264087.33,25.34,140.65,51.44,-13.24,35.2
2026-06-28 11:00:00,-60.38,0.0,10.11,1.0,15,136.74,14.76,0.0,49.26,264047.08,49.26,102.24,40.25,-12.16,41.5
2026-06-28 12:00:00,-60.69,0.0,8.98,1.0,15,140.75,21.29,0.0,29.39,263998.07,29.39,132.64,49.01,-11.8,36.3
2026-06-28 13:00:00,-60.41,0.0,10.21,1.0,15,138.1,21.23,0.0,51.39,263956.18,51.39,107.95,41.89,-12.16,46.5
2026-06-28 14:00:00,-60.57,0.0,11.96,1.0,15,139.85,12.97,0.0,98.59,263929.56,98.59,54.22,26.62,-13.24,39.5
2026-06-28 15:00:00,-60.37,0.0,10.77,1.0,15,137.45,14.66,0.0,64.42,263893.45,64.42,87.69,36.1,-14.96,33.7
2026-06-28 16:00:00,-59.42,0.0,9.71,1.0,15,137.28,21.35,0.0,41.52,263849.25,41.52,117.12,44.2,-17.22,34.9
2026-06-28 17:00:00,-59.05,0.0,10.69,1.0,15,136.11,17.5,0.0,62.47,263812.56,62.47,91.13,36.69,-19.89,33.3
2026-06-28 18:00:00,-58.78,0.0,10.22,1.0,15,133.45,17.09,0.0,51.7,263773.76,51.7,98.83,38.8,-22.8,40.4
2026-06-28 19:00:00,-59.11,0.0,10.48,1.0,15,139.03,14.9,0.0,57.49,263735.54,57.49,96.43,38.22,-25.78,40.4
2026-06-28 20:00:00,-60.1,0.0,10.42,1.0,15,139.62,17.98,0.0,56.02,263695.56,56.02,101.58,39.98,-28.63,42.5
2026-06-28 21:00:00,-60.3,0.0,8.68,1.0,15,135.68,20.53,0.0,25.11,263647.11,25.11,131.1,48.45,-31.13,46.1
2026-06-28 22:00:00,-59.65,0.0,10.22,1.0,15,135.66,16.24,0.0,51.58,263607.62,51.58,100.33,39.49,-33.1,40.3
2026-06-28 23:00:00,-60.66,0.0,8.71,1.0,15,137.71,8.0,0.0,25.53,263562.17,25.53,120.19,45.45,-34.36,45.8
2026-06-29 00:00:00,-61.5,0.0,11.03,1.0,15,143.22,12.79,0.0,71.05,263526.51,71.05,84.95,35.66,-34.75,35.2
2026-06-29 01:00:00,-61.44,0.0,9.5,1.0,15,142.13,17.14,0.0,37.62,263480.41,37.62,121.65,46.1,-34.31,31.6
2026-06-29 02:00:00,-62.0,0.0,10.19,1.0,15,141.58,11.61,0.0,50.9,263439.65,50.9,102.29,40.75,-33.05,42.5
2026-06-29 03:00:00,-62.0,0.0,9.02,1.0,15,137.62,17.58,0.0,29.87,263392.34,29.87,125.33,47.32,-31.09,42.1
2026-06-29 04:00:00,-62.0,0.0,8.3,1.0,15,142.1,13.24,0.0,20.38,263342.27,20.38,134.96,50.06,-28.58,39.8
2026-06-29 05:00:00,-62.0,0.0,7.76,1.0,15,141.47,11.58,0.0,14.75,263291.26,14.75,138.3,51.01,-25.73,41.9
2026-06-29 06:00:00,-62.0,0.0,9.01,1.0,15,140.34,18.66,0.0,29.76,263242.82,29.76,129.24,48.43,-22.76,27.0
2026-06-29 07:00:00,-62.0,0.0,9.12,1.0,15,144.01,19.04,0.0,31.42,263193.71,31.42,131.63,49.11,-19.84,36.2
2026-06-29 08:00:00,-62.0,0.0,10.82,1.0,15,140.66,16.95,0.0,65.56,263155.88,65.56,92.04,37.83,-17.17,44.1
2026-06-29 09:00:00,-62.0,0.0,9.55,1.0,15,143.7,23.58,0.0,38.51,263107.58,38.51,128.77,48.3,-14.91,37.2
2026-06-29 10:00:00,-62.0,0.0,10.03,1.0,15,140.29,14.83,0.0,47.73,263065.37,47.73,107.4,42.21,-13.19,41.8
2026-06-29 11:00:00,-62.0,0.0,10.66,1.0,15,139.22,24.0,0.0,61.67,263024.83,61.67,101.55,40.54,-12.11,51.5
2026-06-29 12:00:00,-62.0,0.0,8.84,1.0,15,138.36,19.36,0.0,27.38,262976.08,27.38,130.34,48.75,-11.75,43.6
2026-06-29 13:00:00,-62.0,0.0,8.46,1.0,15,140.92,26.12,0.0,22.3,262923.23,22.3,144.75,52.85,-12.11,36.7
2026-06-29 14:00:00,-62.0,0.0,8.46,1.0,15,141.2,22.85,0.0,22.36,262871.25,22.36,141.69,51.98,-13.19,29.7
2026-06-29 15:00:00,-62.0,0.0,8.03,1.0,15,139.0,18.65,0.0,17.48,262819.7,17.48,140.17,51.55,-14.91,42.1
2026-06-29 16:00:00,-62.0,0.0,7.61,1.0,15,139.1,15.85,0.0,13.43,262767.76,13.43,141.53,51.93,-17.17,28.4
2026-06-29 17:00:00,-62.0,0.0,8.62,1.0,15,143.69,12.8,0.0,24.4,262718.52,24.4,132.09,49.25,-19.84,34.6
2026-06-29 18:00:00,-62.0,0.0,7.65,1.0,15,142.73,16.27,0.0,13.78,262665.53,13.78,145.22,52.99,-22.76,34.8
2026-06-29 19:00:00,-62.0,0.0,8.75,1.0,15,145.13,15.5,0.0,26.12,262615.6,26.12,134.51,49.93,-25.73,37.9
2026-06-29 20:00:00,-62.0,0.0,11.1,1.0,15,137.54,17.41,0.0,72.87,262580.6,72.87,82.09,34.99,-28.58,39.9
2026-06-29 21:00:00,-62.0,0.0,10.64,1.0,15,144.86,11.15,0.0,61.21,262541.98,61.21,94.8,38.62,-31.09,34.2
2026-06-29 22:00:00,-62.0,0.0,10.49,1.0,15,139.37,13.99,0.0,57.59,262503.09,57.59,95.77,38.89,-33.05,43.8
2026-06-29 23:00:00,-62.0,0.0,8.31,1.0,15,138.21,11.83,0.0,20.54,262454.58,20.54,129.5,48.51,-34.31,45.6
2026-06-30 00:00:00,-62.0,0.0,10.1,1.0,15,141.65,17.4,0.0,49.0,262411.62,49.0,110.05,42.96,-34.69,37.3
2026-06-30 01:00:00,-62.0,0.0,8.95,1.0,15,137.01,12.52,0.0,28.96,262365.66,28.96,120.57,45.96,-34.26,43.9
2026-06-30 02:00:00,-62.0,0.0,9.3,1.0,15,143.48,10.71,0.0,34.24,262319.87,34.24,119.95,45.78,-33.0,35.0
2026-06-30 03:00:00,-62.0,0.0,12.38,1.0,15,141.48,9.72,0.0,100.0,262293.68,100.0,51.2,26.19,-31.03,33.3
2026-06-30 04:00:00,-62.0,0.0,11.67,1.0,15,139.55,12.89,0.0,89.39,262264.11,89.39,63.05,29.57,-28.53,43.9
2026-06-30 05:00:00,-62.0,0.0,11.7,1.0,15,143.3,14.63,0.0,90.17,262233.2,90.17,67.76,30.91,-25.68,39.8
2026-06-30 06:00:00,-62.0,0.0,10.65,1.0,15,140.8,15.91,0.0,61.32,262194.41,61.32,95.39,38.79,-22.7,40.5
2026-06-30 07:00:00,-62.0,0.0,8.37,1.0,15,141.18,18.94,0.0,21.25,262143.23,21.25,138.87,51.18,-19.79,47.7
2026-06-30 08:00:00,-61.44,0.0,9.71,1.0,15,141.62,17.75,0.0,41.4,262098.18,41.4,117.97,45.05,-17.12,42.3
2026-06-30 09:00:00,-61.48,0.0,7.52,1.0,15,138.91,17.19,0.0,12.65,262045.85,12.65,143.45,52.33,-14.85,50.9
2026-06-30 10:00:00,-60.87,0.0,8.62,1.0,15,137.02,19.14,0.0,24.36,261997.03,24.36,131.8,48.82,-13.13,39.8
2026-06-30 11:00:00,-61.37,0.0,6.63,1.0,15,139.84,20.19,0.0,6.57,261941.88,6.57,153.47,55.15,-12.06,46.5
2026-06-30 12:00:00,-60.74,0.0,8.88,1.0,15,136.17,19.3,0.0,27.88,261894.3,27.88,127.59,47.58,-11.69,39.2
2026-06-30 13:00:00,-60.47,0.0,7.6,1.0,15,137.78,16.02,0.0,13.34,261843.12,13.34,140.46,51.17,-12.06,33.9
2026-06-30 14:00:00,-60.07,0.0,7.96,1.0,15,135.91,15.84,0.0,16.72,261793.62,16.72,135.02,49.5,-13.13,44.1
2026-06-30 15:00:00,-60.39,0.0,8.52,1.0,15,137.91,13.81,0.0,23.04,261745.83,23.04,128.69,47.79,-14.85,39.5
2026-06-30 16:00:00,-61.35,0.0,8.42,1.0,15,138.12,19.26,0.0,21.82,261695.79,21.82,135.56,50.04,-17.12,49.4
2026-06-30 17:00:00,-61.02,0.0,7.95,1.0,15,138.83,19.02,0.0,16.63,261644.23,16.63,141.23,51.56,-19.79,42.1
2026-06-30 18:00:00,-62.0,0.0,8.05,1.0,15,143.36,13.98,0.0,17.64,261592.82,17.64,139.7,51.41,-22.7,43.3
2026-06-30 19:00:00,-62.0,0.0,7.58,1.0,15,139.47,16.79,0.0,13.2,261540.45,13.2,143.06,52.37,-25.68,30.7
2026-06-30 20:00:00,-61.97,0.0,7.68,1.0,15,141.89,13.1,0.0,14.1,261488.71,14.1,140.89,51.74,-28.53,42.2
2026-06-30 21:00:00,-61.91,0.0,7.49,1.0,15,136.98,12.88,0.0,12.39,261437.96,12.39,137.46,50.75,-31.03,38.2
2026-06-30 22:00:00,-60.79,0.0,8.07,1.0,15,138.5,8.99,0.0,17.83,261389.77,17.83,129.66,48.19,-33.0,35.5
2026-06-30 23:00:00,-60.24,0.0,7.33,1.0,15,136.56,16.64,0.0,11.15,261338.21,11.15,142.05,51.56,-34.26,46.8
2026-07-01 00:00:00,-60.83,0.0,11.4,1.0,15,139.41,17.68,0.0,81.4,261305.39,81.4,75.7,32.82,-34.63,32.9
2026-07-01 01:00:00,-60.85,0.0,10.63,1.0,15,138.1,13.87,0.0,60.92,261268.18,60.92,91.04,37.2,-34.2,41.1
2026-07-01 02:00:00,-60.88,0.0,9.0,1.0,15,141.26,10.62,0.0,29.59,261222.07,29.59,122.29,46.12,-32.94,36.3
2026-07-01 03:00:00,-61.8,0.0,8.83,1.0,15,140.01,13.6,0.0,27.16,261174.49,27.16,126.45,47.58,-30.97,40.0
2026-07-01 04:00:00,-62.0,0.0,10.48,1.0,15,143.57,11.92,0.0,57.41,261134.93,57.41,98.09,39.56,-28.47,37.1
2026-07-01 05:00:00,-62.0,0.0,7.95,1.0,15,136.5,11.32,0.0,16.61,261085.94,16.61,131.21,48.99,-25.62,37.6
2026-07-01 06:00:00,-62.0,0.0,8.84,1.0,15,141.19,18.61,0.0,27.28,261036.57,27.28,132.52,49.37,-22.64,38.8
2026-07-01 07:00:00,-62.0,0.0,8.96,1.0,15,141.4,14.68,0.0,29.09,260988.78,29.09,126.98,47.79,-19.73,33.7
2026-07-01 08:00:00,-62.0,0.0,7.71,1.0,15,139.04,16.2,0.0,14.31,260937.02,14.31,140.93,51.76,-17.06,43.6
2026-07-01 09:00:00,-62.0,0.0,9.35,1.0,15,141.1,13.03,0.0,35.13,260891.5,35.13,119.0,45.52,-14.79,41.8
2026-07-01 10:00:00,-62.0,0.0,8.71,1.0,15,142.16,23.59,0.0,25.55,260839.95,25.55,140.2,51.56,-13.07,33.6
2026-07-01 11:00:00,-62.0,0.0,7.99,1.0,15,143.49,25.37,0.0,17.09,260785.09,17.09,151.77,54.85,-12.0,45.6
2026-07-01 12:00:00,-62.0,0.0,9.62,1.0,15,140.47,23.21,0.0,39.81,260738.19,39.81,123.87,46.9,-11.63,42.3
2026-07-01 13:00:00,-62.0,0.0,9.86,1.0,15,140.13,23.28,0.0,44.37,260692.66,44.37,119.04,45.53,-12.0,39.0
2026-07-01 14:00:00,-62.0,0.0,11.49,1.0,15,139.78,16.38,0.0,83.85,260660.45,83.85,72.31,32.21,-13.07,31.4
2026-07-01 15:00:00,-61.58,0.0,11.16,1.0,15,140.56,18.9,0.0,74.62,260624.8,74.62,84.84,35.65,-14.79,35.6
2026-07-01 16:00:00,-61.34,0.0,11.41,1.0,15,138.01,20.93,0.0,81.56,260591.34,81.56,77.39,33.46,-17.06,29.6
2026-07-01 17:00:00,-61.81,0.0,12.11,1.0,15,142.46,14.74,0.0,100.0,260563.5,100.0,57.21,27.85,-19.73,39.5
2026-07-01 18:00:00,-61.65,0.0,9.38,1.0,15,136.99,15.28,0.0,35.64,260518.76,35.64,116.62,44.73,-22.64,43.0
2026-07-01 19:00:00,-60.96,0.0,10.31,1.0,15,139.35,10.43,0.0,53.64,260480.07,53.64,96.14,38.69,-25.62,35.7
2026-07-01 20:00:00,-61.39,0.0,10.26,1.0,15,137.11,13.34,0.0,52.53,260440.75,52.53,97.93,39.33,-28.47,39.0
2026-07-01 21:00:00,-60.19,0.0,8.15,1.0,15,138.19,12.77,0.0,18.76,260392.01,18.76,132.2,48.73,-30.97,44.8
2026-07-01 22:00:00,-60.59,0.0,8.33,1.0,15,140.7,14.41,0.0,20.82,260342.57,20.82,134.28,49.45,-32.94,36.4
2026-07-01 23:00:00,-60.65,0.0,6.85,1.0,15,139.41,8.0,0.0,7.83,260291.59,7.83,139.58,50.98,-34.2,42.3
2026-07-02 00:00:00,-61.24,0.0,8.3,1.0,15,138.59,8.0,0.0,20.48,260244.28,20.48,126.11,47.31,-34.56,49.6
2026-07-02 01:00:00,-61.13,0.0,8.58,1.0,15,141.33,16.59,0.0,23.81,260194.72,23.81,134.11,49.56,-34.13,42.8
2026-07-02 02:00:00,-62.0,0.0,11.26,1.0,15,135.08,16.12,0.0,77.18,260162.02,77.18,74.03,32.7,-32.87,33.3
2026-07-02 03:00:00,-62.0,0.0,9.4,1.0,15,140.95,11.38,0.0,35.96,260117.25,35.96,116.37,44.77,-30.9,38.4
2026-07-02 04:00:00,-62.0,0.0,9.58,1.0,15,139.27,18.83,0.0,39.09,260071.74,39.09,119.01,45.52,-28.4,42.1
2026-07-02 05:00:00,-62.0,0.0,8.32,1.0,15,142.19,15.83,0.0,20.6,260020.97,20.6,137.42,50.76,-25.55,41.0
2026-07-02 06:00:00,-62.0,0.0,8.84,1.0,15,135.53,19.91,0.0,27.27,259972.84,27.27,128.17,48.13,-22.57,33.1
2026-07-02 07:00:00,-61.48,0.0,9.66,1.0,15,139.28,16.79,0.0,40.56,259928.48,40.56,115.51,44.37,-19.66,41.1
2026-07-02 08:00:00,-62.0,0.0,10.25,1.0,15,139.69,19.69,0.0,52.27,259886.35,52.27,107.1,42.12,-16.99,37.4
2026-07-02 09:00:00,-61.28,0.0,11.15,1.0,15,141.97,18.66,0.0,74.3,259850.36,74.3,86.33,35.99,-14.72,36.8
2026-07-02 10:00:00,-60.9,0.0,12.05,1.0,15,137.65,25.41,0.0,100.0,259821.12,100.0,63.06,29.24,-13.0,42.1
2026-07-02 11:00:00,-61.18,0.0,9.47,1.0,15,139.35,20.36,0.0,37.18,259774.84,37.18,122.53,46.28,-11.93,47.9
2026-07-02 12:00:00,-60.92,0.0,8.71,1.0,15,139.58,20.74,0.0,25.53,259725.16,25.53,134.78,49.69,-11.56,35.6
2026-07-02 13:00:00,-60.66,0.0,9.41,1.0,15,138.98,16.0,0.0,36.19,259680.1,36.19,118.79,45.05,-11.93,41.8
2026-07-02 14:00:00,-60.95,0.0,9.2,1.0,15,139.38,20.03,0.0,32.7,259632.7,32.7,126.71,47.4,-13.0,38.9
2026-07-02 15:00:00,-60.75,0.0,7.96,1.0,15,139.3,24.91,0.0,16.77,259579.46,16.77,147.44,53.25,-14.72,42.5
2026-07-02 16:00:00,-61.07,0.0,8.36,1.0,15,139.66,22.81,0.0,21.08,259527.84,21.08,141.4,51.62,-16.99,39.7
2026-07-02 17:00:00,-61.3,0.0,8.13,1.0,15,145.25,17.12,0.0,18.54,259475.45,18.54,143.82,52.38,-19.66,36.1
2026-07-02 18:00:00,-61.73,0.0,7.91,1.0,15,136.74,16.22,0.0,16.27,259424.97,16.27,136.7,50.48,-22.57,35.6
2026-07-02 19:00:00,-62.0,0.0,9.45,1.0,15,139.36,11.6,0.0,36.82,259380.85,36.82,114.14,44.13,-25.55,40.8
2026-07-02 20:00:00,-62.0,0.0,8.91,1.0,15,141.0,15.3,0.0,28.38,259332.79,28.38,127.91,48.05,-28.4,39.2
2026-07-02 21:00:00,-62.0,0.0,6.88,1.0,15,143.55,14.29,0.0,7.98,259278.48,7.98,149.86,54.31,-30.9,41.6
2026-07-02 22:00:00,-62.0,0.0,5.66,1.0,15,143.2,14.48,0.0,2.59,259222.68,2.59,155.1,55.8,-32.87,30.5
2026-07-02 23:00:00,-61.59,0.0,8.14,1.0,15,142.75,8.13,0.0,18.66,259173.52,18.66,132.21,49.16,-34.13,44.3
2026-07-03 00:00:00,-61.56,0.0,11.08,1.0,15,140.33,16.38,0.0,72.27,259137.99,72.27,84.44,35.53,-34.49,45.9
2026-07-03 01:00:00,-61.9,0.0,11.11,1.0,15,143.68,12.21,0.0,73.17,259102.84,73.17,82.72,35.15,-34.05,39.3
2026-07-03 02:00:00,-61.38,0.0,9.95,1.0,15,138.83,16.59,0.0,46.1,259060.27,46.1,109.31,42.57,-32.8,42.3
2026-07-03 03:00:00,-62.0,0.0,12.0,1.0,15,143.11,13.93,0.0,100.0,259032.42,100.0,57.04,27.86,-30.83,43.4
2026-07-03 04:00:00,-62.0,0.0,11.66,1.0,15,141.52,18.54,0.0,89.23,259000.63,89.23,70.82,31.78,-28.32,37.6
2026-07-03 05:00:00,-62.0,0.0,12.35,1.0,15,141.56,17.28,0.0,100.0,258972.26,100.0,58.84,28.37,-25.48,39.7
2026-07-03 06:00:00,-62.0,0.0,12.38,1.0,15,138.19,13.99,0.0,100.0,258945.79,100.0,52.18,26.47,-22.5,40.9
2026-07-03 07:00:00,-61.52,0.0,10.91,1.0,15,136.46,20.13,0.0,67.87,258909.05,67.87,88.72,36.74,-19.58,36.2
2026-07-03 08:00:00,-61.04,0.0,10.2,1.0,15,138.97,21.8,0.0,51.19,258866.51,51.19,109.58,42.54,-16.91,39.9
2026-07-03 09:00:00,-60.2,0.0,8.66,1.0,15,138.11,20.31,0.0,24.85,258817.38,24.85,133.57,49.13,-14.65,29.8
2026-07-03 10:00:00,-60.55,0.0,7.95,1.0,15,136.39,19.55,0.0,16.65,258766.52,16.65,139.3,50.86,-12.93,36.5
2026-07-03 11:00:00,-60.16,0.0,9.3,1.0,15,140.29,23.62,0.0,34.33,258718.54,34.33,129.58,47.98,-11.85,47.2
2026-07-03 12:00:00,-60.08,0.0,11.05,1.0,15,136.31,24.46,0.0,71.44,258682.05,71.44,89.34,36.49,-11.49,41.9
2026-07-03 13:00:00,-59.44,0.0,11.25,1.0,15,138.4,16.91,0.0,76.97,258648.9,76.97,78.34,33.16,-11.85,36.4
2026-07-03 14:00:00,-59.42,0.0,10.39,1.0,15,136.45,20.8,0.0,55.47,258609.07,55.47,101.78,39.83,-12.93,34.3
2026-07-03 15:00:00,-59.59,0.0,8.34,1.0,15,139.08,19.09,0.0,20.94,258559.08,20.94,137.24,49.99,-14.65,52.9
2026-07-03 16:00:00,-59.24,0.0,6.7,1.0,15,134.18,24.44,0.0,6.97,258505.08,6.97,151.65,53.99,-16.91,37.1
2026-07-03 17:00:00,-58.72,0.0,6.84,1.0,15,132.49,15.52,0.0,7.76,258454.5,7.76,140.25,50.59,-19.58,38.5
2026-07-03 18:00:00,-59.18,0.0,7.24,1.0,15,137.92,18.17,0.0,10.46,258402.24,10.46,145.62,52.26,-22.5,43.6
2026-07-03 19:00:00,-59.29,0.0,8.05,1.0,15,138.78,17.41,0.0,17.67,258351.97,17.67,138.53,50.27,-25.48,36.4
2026-07-03 20:00:00,-60.02,0.0,6.0,1.0,15,138.73,14.44,0.0,3.72,258298.37,3.72,149.44,53.6,-28.32,41.9
2026-07-03 21:00:00,-61.62,0.0,10.52,1.0,15,138.57,17.46,0.0,58.35,258259.05,58.35,97.68,39.33,-30.83,38.9
2026-07-03 22:00:00,-61.57,0.0,9.53,1.0,15,141.93,12.62,0.0,38.2,258214.42,38.2,116.35,44.63,-32.8,33.0
2026-07-03 23:00:00,-61.27,0.0,10.85,1.0,15,141.22,9.23,0.0,66.33,258179.06,66.33,84.12,35.35,-34.05,39.3
2026-07-04 00:00:00,-61.27,0.0,10.35,1.0,15,137.46,17.31,0.0,54.56,258139.12,54.56,100.21,39.94,-34.41,40.7
2026-07-04 01:00:00,-62.0,0.0,8.53,1.0,15,142.09,11.56,0.0,23.22,258090.35,23.22,130.42,48.77,-33.97,33.2
2026-07-04 02:00:00,-62.0,0.0,9.82,1.0,15,141.41,13.18,0.0,43.57,258047.11,43.57,111.03,43.24,-32.71,41.1
2026-07-04 03:00:00,-62.0,0.0,10.31,1.0,15,141.33,12.85,0.0,53.55,258006.83,53.55,100.64,40.28,-30.75,42.0
2026-07-04 04:00:00,-62.0,0.0,9.94,1.0,15,138.06,11.42,0.0,45.87,257965.7,45.87,103.6,41.13,-28.24,33.4
2026-07-04 05:00:00,-62.0,0.0,9.63,1.0,15,142.91,12.59,0.0,40.03,257921.2,40.03,115.46,44.51,-25.4,40.9
2026-07-04 06:00:00,-62.0,0.0,7.81,1.0,15,139.91,11.88,0.0,15.22,257870.67,15.22,136.57,50.52,-22.42,39.6
2026-07-04 07:00:00,-61.87,0.0,8.64,1.0,15,139.47,19.22,0.0,24.57,257820.89,24.57,134.12,49.78,-19.5,36.9
2026-07-04 08:00:00,-62.0,0.0,10.74,1.0,15,142.1,20.91,0.0,63.54,257780.94,63.54,99.47,39.95,-16.83,37.2
2026-07-04 09:00:00,-62.0,0.0,8.62,1.0,15,140.62,20.43,0.0,24.41,257730.4,24.41,136.64,50.54,-14.57,40.5
2026-07-04 10:00:00,-62.0,0.0,7.83,1.0,15,137.94,22.23,0.0,15.41,257677.54,15.41,144.76,52.86,-12.85,35.5
2026-07-04 11:00:00,-62.0,0.0,10.07,1.0,15,144.46,20.45,0.0,48.44,257632.75,48.44,116.48,44.8,-11.77,41.4
2026-07-04 12:00:00,-62.0,0.0,8.93,1.0,15,141.6,21.61,0.0,28.62,257582.79,28.62,134.59,49.96,-11.41,34.5
2026-07-04 13:00:00,-62.0,0.0,9.43,1.0,15,141.05,20.76,0.0,36.53,257535.48,36.53,125.29,47.31,-11.77,34.9
2026-07-04 14:00:00,-62.0,0.0,9.34,1.0,15,141.03,20.18,0.0,35.0,257487.91,35.0,126.21,47.57,-12.85,32.1
2026-07-04 15:00:00,-62.0,0.0,9.5,1.0,15,141.13,16.43,0.0,37.72,257442.16,37.72,119.85,45.76,-14.57,29.9
2026-07-04 16:00:00,-62.0,0.0,8.98,1.0,15,141.31,22.7,0.0,29.33,257392.17,29.33,134.69,49.99,-16.83,39.3
2026-07-04 17:00:00,-62.0,0.0,8.21,1.0,15,143.61,16.8,0.0,19.38,257340.38,19.38,141.03,51.79,-19.5,28.7
2026-07-04 18:00:00,-62.0,0.0,6.55,1.0,15,144.58,15.11,0.0,6.13,257285.01,6.13,153.55,55.36,-22.42,40.1
2026-07-04 19:00:00,-62.0,0.0,8.13,1.0,15,140.46,13.65,0.0,18.52,257234.77,18.52,135.59,50.24,-25.4,38.1
2026-07-04 20:00:00,-62.0,0.0,9.27,1.0,15,142.59,13.09,0.0,33.78,257188.43,33.78,121.91,46.34,-28.24,47.9
2026-07-04 21:00:00,-62.0,0.0,9.74,1.0,15,142.48,12.19,0.0,42.06,257144.73,42.06,112.61,43.7,-30.75,41.5
2026-07-04 22:00:00,-62.0,0.0,9.97,1.0,15,142.62,13.49,0.0,46.49,257101.89,46.49,109.61,42.84,-32.71,41.1
2026-07-04 23:00:00,-62.0,0.0,8.72,1.0,15,143.9,8.0,0.0,25.62,257054.3,25.62,126.28,47.59,-33.97,35.1
2026-07-05 00:00:00,-62.0,0.0,6.69,1.0,15,142.97,10.32,0.0,6.91,257000.98,6.91,146.39,53.32,-34.32,35.7
2026-07-05 01:00:00,-62.0,0.0,8.57,1.0,15,142.02,17.36,0.0,23.74,256950.73,23.74,135.63,50.26,-33.88,36.4
2026-07-05 02:00:00,-62.0,0.0,8.57,1.0,15,139.7,17.15,0.0,23.76,256901.19,23.76,133.1,49.53,-32.63,38.3
2026-07-05 03:00:00,-62.0,0.0,7.94,1.0,15,141.77,12.54,0.0,16.56,256850.34,16.56,137.74,50.86,-30.66,35.6
2026-07-05 04:00:00,-62.0,0.0,6.67,1.0,15,138.8,21.74,0.0,6.8,256794.92,6.8,153.74,55.41,-28.16,41.4
2026-07-05 05:00:00,-62.0,0.0,5.55,1.0,15,142.11,17.44,0.0,2.27,256738.5,2.27,157.29,56.43,-25.31,36.6
2026-07-05 06:00:00,-62.0,0.0,5.93,1.0,15,141.8,20.92,0.0,3.44,256681.5,3.44,159.28,57.0,-22.33,44.1
2026-07-05 07:00:00,-62.0,0.0,8.0,1.0,15,137.95,17.94,0.0,17.17,256630.37,17.17,138.72,51.13,-19.42,34.4
2026-07-05 08:00:00,-62.0,0.0,10.36,1.0,15,140.07,18.0,0.0,54.79,256589.33,54.79,103.28,41.04,-16.75,42.2
2026-07-05 09:00:00,-62.0,0.0,11.83,1.0,15,139.47,22.54,0.0,94.43,256558.47,94.43,67.58,30.86,-14.48,48.2
2026-07-05 10:00:00,-62.0,0.0,13.11,1.0,15,142.65,23.75,0.0,100.0,256527.95,100.0,66.4,30.52,-12.76,47.3
2026-07-05 11:00:00,-62.0,0.0,13.9,1.0,15,140.45,20.03,0.0,100.0,256499.11,100.0,60.48,28.84,-11.68,34.2
2026-07-05 12:00:00,-62.0,0.0,12.5,1.0,15,137.97,22.32,0.0,100.0,256470.33,100.0,60.29,28.78,-11.32,44.3
2026-07-05 13:00:00,-62.0,0.0,10.43,1.0,15,142.08,12.03,0.0,56.35,256430.86,56.35,97.76,39.46,-11.68,27.4
2026-07-05 14:00:00,-61.64,0.0,11.18,1.0,15,140.99,18.45,0.0,75.19,256395.36,75.19,84.25,35.5,-12.76,31.0
2026-07-05 15:00:00,-61.37,0.0,9.47,1.0,15,140.41,23.96,0.0,37.14,256347.69,37.14,127.23,47.67,-14.48,42.0
2026-07-05 16:00:00,-62.0,0.0,8.44,1.0,15,138.67,17.15,0.0,22.11,256297.98,22.11,133.72,49.71,-16.75,40.7
2026-07-05 17:00:00,-62.0,0.0,7.58,1.0,15,142.39,17.51,0.0,13.21,256244.58,13.21,146.69,53.41,-19.42,41.5
2026-07-05 18:00:00,-62.0,0.0,7.95,1.0,15,140.85,16.13,0.0,16.65,256192.98,16.65,140.33,51.6,-22.33,36.1
2026-07-05 19:00:00,-62.0,0.0,7.55,1.0,15,140.72,12.05,0.0,12.92,256141.52,12.92,139.85,51.46,-25.31,32.9
2026-07-05 20:00:00,-62.0,0.0,6.63,1.0,15,138.33,13.98,0.0,6.58,256088.39,6.58,145.74,53.13,-28.16,29.5
2026-07-05 21:00:00,-61.6,0.0,7.06,1.0,15,137.8,12.69,0.0,9.16,256036.63,9.16,141.33,51.76,-30.66,34.5
2026-07-05 22:00:00,-61.17,0.0,9.27,1.0,15,148.83,10.15,0.0,33.86,255989.62,33.86,125.12,47.01,-32.63,42.4
2026-07-05 23:00:00,-60.54,0.0,9.36,1.0,15,136.3,12.47,0.0,35.24,255946.11,35.24,113.52,43.52,-33.88,43.9
2026-07-06 00:00:00,-61.05,0.0,10.95,1.0,15,134.99,9.37,0.0,68.96,255913.3,68.96,75.4,32.8,-34.22,40.7
2026-07-06 01:00:00,-61.78,0.0,9.23,1.0,15,139.91,12.75,0.0,33.23,255867.73,33.23,119.44,45.57,-33.79,39.6
2026-07-06 02:00:00,-61.26,0.0,7.89,1.0,15,139.54,12.68,0.0,16.04,255817.54,16.04,136.18,50.19,-32.53,47.5
2026-07-06 03:00:00,-60.98,0.0,8.39,1.0,15,137.5,19.24,0.0,21.46,255767.69,21.46,135.28,49.85,-30.57,46.3
2026-07-06 04:00:00,-60.85,0.0,8.35,1.0,15,137.52,11.85,0.0,20.96,255719.84,20.96,128.41,47.85,-28.06,44.1
2026-07-06 05:00:00,-60.53,0.0,9.04,1.0,15,138.55,17.77,0.0,30.24,255672.74,30.24,126.08,47.09,-25.22,45.4
2026-07-06 06:00:00,-60.21,0.0,10.17,1.0,15,139.13,12.16,0.0,50.56,255632.97,50.56,100.73,39.77,-22.24,41.6
2026-07-06 07:00:00,-59.29,0.0,10.75,1.0,15,133.82,25.05,0.0,63.86,255595.11,63.86,95.01,37.87,-19.32,42.9
2026-07-06 08:00:00,-58.36,0.0,12.63,1.0,15,134.59,19.94,0.0,100.0,255569.06,100.0,54.53,26.05,-16.65,37.4
2026-07-06 09:00:00,-57.88,0.0,11.15,1.0,15,134.72,20.4,0.0,74.28,255535.66,74.28,80.84,33.4,-14.39,43.5
2026-07-06 10:00:00,-57.23,0.0,11.51,1.0,15,133.19,22.23,0.0,84.54,255505.28,84.54,70.88,30.37,-12.66,38.8
2026-07-06 11:00:00,-56.8,0.0,13.51,1.0,15,131.53,21.04,0.0,100.0,255480.26,100.0,52.57,25.02,-11.59,48.6
2026-07-06 12:00:00,-56.98,0.0,13.78,1.0,15,131.06,19.76,0.0,100.0,255455.69,100.0,50.82,24.58,-11.22,45.4
2026-07-06 13:00:00,-56.44,0.0,15.04,1.0,15,136.28,18.04,0.0,100.0,255430.28,100.0,54.32,25.41,-11.59,40.5
2026-07-06 14:00:00,-57.24,0.0,15.9,1.0,15,128.58,21.0,0.0,100.0,255405.97,100.0,49.58,24.3,-12.66,45.6
2026-07-06 15:00:00,-56.58,0.0,17.33,1.0,15,134.95,23.44,0.0,100.0,255379.36,100.0,58.4,26.62,-14.39,48.2
2026-07-06 16:00:00,-57.33,0.0,17.29,1.0,15,131.34,13.15,0.0,100.0,255356.48,100.0,44.49,22.88,-16.65,37.6
2026-07-06 17:00:00,-57.2,0.0,16.69,1.0,15,134.19,24.31,0.0,100.0,255329.65,100.0,58.5,26.83,-19.32,40.8
2026-07-06 18:00:00,-57.79,0.0,18.56,1.0,15,134.75,13.91,0.0,100.0,255305.44,100.0,48.67,24.21,-22.24,36.8
2026-07-06 19:00:00,-57.56,0.0,19.4,1.0,15,131.93,16.26,0.0,100.0,255281.44,100.0,48.19,24.0,-25.22,41.6
2026-07-06 20:00:00,-57.7,0.0,19.99,1.0,15,134.01,12.08,0.0,100.0,255257.99,100.0,46.09,23.45,-28.06,48.4
2026-07-06 21:00:00,-58.8,0.0,19.71,1.0,15,135.26,13.14,0.0,100.0,255233.55,100.0,48.4,24.43,-30.57,40.9
2026-07-06 22:00:00,-58.66,0.0,16.91,1.0,15,135.98,13.88,0.0,100.0,255208.75,100.0,49.86,24.81,-32.53,43.9
2026-07-06 23:00:00,-59.12,0.0,15.0,1.0,15,139.46,12.37,0.0,100.0,255183.24,100.0,51.82,25.51,-33.79,37.9
2026-07-07 00:00:00,-58.76,0.0,12.34,1.0,15,139.21,13.44,0.0,100.0,255157.61,100.0,52.64,25.63,-34.12,45.2
2026-07-07 01:00:00,-58.83,0.0,12.64,1.0,15,134.5,13.23,0.0,100.0,255133.36,100.0,47.73,24.25,-33.69,40.6
2026-07-07 02:00:00,-58.63,0.0,11.64,1.0,15,136.64,14.59,0.0,88.45,255104.87,88.45,62.78,28.48,-32.43,44.8
2026-07-07 03:00:00,-59.22,0.0,8.25,1.0,15,139.04,14.8,0.0,19.88,255055.93,19.88,133.96,48.95,-30.46,44.9
2026-07-07 04:00:00,-59.54,0.0,7.83,1.0,15,136.34,8.0,0.0,15.48,255008.34,15.48,128.86,47.59,-27.96,35.1
2026-07-07 05:00:00,-59.75,0.0,10.98,1.0,15,138.93,14.33,0.0,69.82,254973.63,69.82,83.44,34.71,-25.12,36.8
2026-07-07 06:00:00,-59.12,0.0,10.67,1.0,15,141.87,20.52,0.0,61.83,254934.23,61.83,100.57,39.4,-22.14,38.6
2026-07-07 07:00:00,-57.98,0.0,11.37,1.0,15,132.37,20.2,0.0,80.39,254903.27,80.39,72.18,30.96,-19.22,50.4
2026-07-07 08:00:00,-58.34,0.0,9.79,1.0,15,136.48,15.4,0.0,42.92,254861.71,42.92,108.96,41.56,-16.55,48.0
2026-07-07 09:00:00,-57.55,0.0,8.46,1.0,15,131.98,18.57,0.0,22.31,254814.9,22.31,128.24,46.81,-14.28,42.3
2026-07-07 10:00:00,-58.72,0.0,9.7,1.0,15,134.64,19.71,0.0,41.17,254772.03,41.17,113.18,42.87,-12.56,54.7
2026-07-07 11:00:00,-59.3,0.0,10.11,1.0,15,135.87,20.11,0.0,49.36,254730.85,49.36,106.62,41.18,-11.48,34.0
2026-07-07 12:00:00,-59.74,0.0,10.39,1.0,15,138.57,20.52,0.0,55.35,254690.37,55.35,103.73,40.49,-11.12,39.0
2026-07-07 13:00:00,-60.44,0.0,10.09,1.0,15,143.13,19.32,0.0,48.88,254646.87,48.88,113.57,43.5,-11.48,45.5
2026-07-07 14:00:00,-61.29,0.0,9.91,1.0,15,138.69,17.49,0.0,45.35,254603.89,45.35,110.83,42.97,-12.56,39.3
2026-07-07 15:00:00,-60.96,0.0,10.49,1.0,15,141.71,26.06,0.0,57.7,254561.24,57.7,110.07,42.66,-14.28,35.0
2026-07-07 16:00:00,-61.05,0.0,9.18,1.0,15,137.64,19.3,0.0,32.42,254514.43,32.42,124.52,46.8,-16.55,41.2
2026-07-07 17:00:00,-60.81,0.0,8.54,1.0,15,138.29,17.02,0.0,23.28,254465.56,23.28,132.03,48.87,-19.22,52.8
2026-07-07 18:00:00,-60.43,0.0,10.31,1.0,15,141.55,18.76,0.0,53.62,254424.03,53.62,106.69,41.53,-22.14,35.5
2026-07-07 19:00:00,-60.33,0.0,9.19,1.0,15,140.61,10.66,0.0,32.55,254379.09,32.55,118.72,44.93,-25.12,36.1
2026-07-07 20:00:00,-60.01,0.0,9.21,1.0,15,137.11,15.89,0.0,32.86,254333.85,32.86,120.15,45.25,-27.96,34.6
2026-07-07 21:00:00,-60.15,0.0,9.84,1.0,15,136.9,8.93,0.0,43.87,254293.75,43.87,101.95,40.1,-30.46,37.8
2026-07-07 22:00:00,-60.97,0.0,15.92,1.0,15,140.53,13.99,0.0,100.0,254266.92,100.0,54.52,26.83,-32.43,44.7
2026-07-07 23:00:00,-60.41,0.0,13.63,1.0,15,137.19,10.31,0.0,100.0,254242.26,100.0,47.5,24.66,-33.69,47.5
2026-07-08 00:00:00,-60.91,0.0,11.97,1.0,15,138.35,15.0,0.0,99.04,254215.51,99.04,54.31,26.75,-34.01,33.0
2026-07-08 01:00:00,-61.51,0.0,12.56,1.0,15,139.46,20.87,0.0,100.0,254186.86,100.0,60.33,28.65,-33.58,41.9
2026-07-08 02:00:00,-61.62,0.0,12.74,1.0,15,140.12,13.36,0.0,100.0,254160.13,100.0,53.49,26.73,-32.32,42.7
2026-07-08 03:00:00,-62.0,0.0,12.49,1.0,15,139.82,8.84,0.0,100.0,254134.66,100.0,48.65,25.47,-30.36,35.1
2026-07-08 04:00:00,-62.0,0.0,11.28,1.0,15,137.5,12.3,0.0,77.75,254102.53,77.75,72.05,32.13,-27.85,42.2
2026-07-08 05:00:00,-61.99,0.0,9.93,1.0,15,144.51,16.36,0.0,45.69,254058.1,45.69,115.18,44.42,-25.01,40.4
2026-07-08 06:00:00,-61.64,0.0,9.97,1.0,15,142.35,20.3,0.0,46.46,254013.5,46.46,116.19,44.61,-22.03,44.2
2026-07-08 07:00:00,-62.0,0.0,11.37,1.0,15,140.91,14.32,0.0,80.5,253980.6,80.5,74.72,32.89,-19.12,27.4
2026-07-08 08:00:00,-62.0,0.0,12.44,1.0,15,139.48,24.37,0.0,100.0,253950.81,100.0,63.84,29.8,-16.44,40.0
2026-07-08 09:00:00,-61.28,0.0,9.91,1.0,15,142.63,21.58,0.0,45.36,253905.55,45.36,118.85,45.26,-14.18,43.1
2026-07-08 10:00:00,-60.79,0.0,9.32,1.0,15,140.25,20.36,0.0,34.57,253858.39,34.57,126.04,47.16,-12.45,44.6
2026-07-08 11:00:00,-59.36,0.0,9.01,1.0,15,135.59,23.44,0.0,29.84,253810.76,29.84,129.19,47.63,-11.38,44.5
2026-07-08 12:00:00,-58.51,0.0,12.13,1.0,15,136.81,17.2,0.0,100.0,253784.81,100.0,54.01,25.95,-11.01,35.1
2026-07-08 13:00:00,-57.72,0.0,11.82,1.0,15,134.64,18.11,0.0,94.03,253757.76,94.03,58.72,27.05,-11.38,48.8
2026-07-08 14:00:00,-58.5,0.0,10.6,1.0,15,135.97,16.27,0.0,60.3,253721.01,60.3,91.94,36.75,-12.45,44.9
2026-07-08 15:00:00,-58.0,0.0,8.08,1.0,15,136.8,26.41,0.0,17.96,253669.22,17.96,145.24,51.79,-14.18,41.6
2026-07-08 16:00:00,-58.04,0.0,8.48,1.0,15,136.06,18.79,0.0,22.63,253621.12,22.63,132.22,48.09,-16.44,41.7
2026-07-08 17:00:00,-58.41,0.0,7.03,1.0,15,137.41,18.21,0.0,8.98,253568.8,8.98,146.65,52.32,-19.12,50.0
2026-07-08 18:00:00,-58.37,0.0,8.97,1.0,15,139.51,19.9,0.0,29.22,253521.19,29.22,130.19,47.62,-22.03,44.8
2026-07-08 19:00:00,-57.9,0.0,9.9,1.0,15,136.02,11.06,0.0,45.08,253481.75,45.08,102.01,39.44,-25.01,42.4
2026-07-08 20:00:00,-57.71,0.0,9.42,1.0,15,139.63,11.81,0.0,36.24,253438.6,36.24,115.2,43.15,-27.85,37.5
2026-07-08 21:00:00,-58.38,0.0,8.96,1.0,15,138.11,14.38,0.0,29.1,253392.92,29.1,123.4,45.68,-30.36,40.1
2026-07-08 22:00:00,-58.06,0.0,10.83,1.0,15,134.45,17.96,0.0,65.97,253357.87,65.97,86.44,35.05,-32.32,37.2
2026-07-08 23:00:00,-58.56,0.0,9.49,1.0,15,132.44,15.56,0.0,37.55,253315.82,37.55,110.46,42.05,-33.58,32.3
2026-07-09 00:00:00,-58.6,0.0,8.39,1.0,15,138.48,13.97,0.0,21.51,253267.93,21.51,130.93,47.9,-33.89,42.2
2026-07-09 01:00:00,-58.86,0.0,10.9,1.0,15,133.39,13.67,0.0,67.58,253234.62,67.58,79.48,33.31,-33.46,32.1
2026-07-09 02:00:00,-59.03,0.0,11.58,1.0,15,136.84,16.28,0.0,86.64,253204.96,86.64,66.48,29.66,-32.21,37.6
2026-07-09 03:00:00,-58.58,0.0,12.14,1.0,15,137.38,10.42,0.0,100.0,253180.76,100.0,47.81,24.2,-30.24,39.5
2026-07-09 04:00:00,-59.18,0.0,10.08,1.0,15,134.37,15.15,0.0,48.62,253141.25,48.62,100.91,39.51,-27.74,33.3
2026-07-09 05:00:00,-57.94,0.0,8.39,1.0,15,133.43,16.74,0.0,21.5,253094.19,21.5,128.67,47.05,-24.9,46.6
2026-07-09 06:00:00,-58.96,0.0,6.5,1.0,15,134.05,15.71,0.0,5.87,253042.49,5.87,143.89,51.7,-21.92,40.2
2026-07-09 07:00:00,-59.2,0.0,6.21,1.0,15,141.31,17.27,0.0,4.53,252987.83,4.53,154.04,54.66,-19.0,29.1
2026-07-09 08:00:00,-58.84,0.0,8.04,1.0,15,137.81,13.92,0.0,17.53,252938.93,17.53,134.2,48.9,-16.33,45.1
2026-07-09 09:00:00,-58.33,0.0,7.32,1.0,15,133.82,18.03,0.0,11.06,252888.31,11.06,140.79,50.63,-14.06,50.1
2026-07-09 10:00:00,-58.25,0.0,8.61,1.0,15,131.9,13.3,0.0,24.2,252843.35,24.2,121.0,44.96,-12.34,42.2
2026-07-09 11:00:00,-58.15,0.0,7.77,1.0,15,133.21,22.86,0.0,14.9,252792.67,14.9,141.17,50.68,-11.26,44.5
2026-07-09 12:00:00,-57.78,0.0,7.67,1.0,15,133.18,21.37,0.0,14.0,252742.28,14.0,140.55,50.39,-10.89,43.3
2026-07-09 13:00:00,-57.83,0.0,11.38,1.0,15,133.42,20.44,0.0,80.59,252711.05,80.59,73.27,31.23,-11.26,44.5
2026-07-09 14:00:00,-56.93,0.0,9.72,1.0,15,134.98,21.17,0.0,41.66,252668.34,41.66,114.49,42.71,-12.34,39.6
2026-07-09 15:00:00,-56.41,0.0,9.0,1.0,15,129.33,20.59,0.0,29.66,252624.14,29.66,120.26,44.2,-14.06,39.0
2026-07-09 16:00:00,-55.91,0.0,8.23,1.0,15,134.06,17.72,0.0,19.6,252576.7,19.6,132.17,47.44,-16.33,37.8
2026-07-09 17:00:00,-56.57,0.0,6.92,1.0,15,128.71,13.48,0.0,8.23,252528.55,8.23,133.95,48.15,-19.0,43.2
2026-07-09 18:00:00,-56.71,0.0,7.39,1.0,15,132.74,17.99,0.0,11.57,252478.88,11.57,139.16,49.67,-21.92,45.7
2026-07-09 19:00:00,-57.01,0.0,7.34,1.0,15,131.84,12.36,0.0,11.22,252430.87,11.22,132.98,48.0,-24.9,45.4
2026-07-09 20:00:00,-57.75,0.0,8.47,1.0,15,136.71,15.3,0.0,22.45,252383.62,22.45,129.56,47.25,-27.74,39.6
2026-07-09 21:00:00,-57.67,0.0,9.9,1.0,15,137.56,17.25,0.0,44.97,252342.02,44.97,109.84,41.6,-30.24,40.8
2026-07-09 22:00:00,-58.13,0.0,9.71,1.0,15,136.88,18.22,0.0,41.37,252299.16,41.37,113.73,42.85,-32.21,40.4
2026-07-09 23:00:00,-57.86,0.0,7.49,1.0,15,135.66,14.04,0.0,12.44,252249.69,12.44,137.26,49.48,-33.46,39.1
2026-07-10 00:00:00,-58.68,0.0,8.27,1.0,15,135.36,11.97,0.0,20.05,252202.81,20.05,127.28,46.88,-33.77,31.4
2026-07-10 01:00:00,-57.71,0.0,6.64,1.0,15,137.41,11.48,0.0,6.61,252151.95,6.61,142.28,50.86,-33.34,40.7
2026-07-10 02:00:00,-58.32,0.0,7.65,1.0,15,133.19,13.92,0.0,13.77,252103.45,13.77,133.33,48.49,-32.08,39.8
2026-07-10 03:00:00,-58.2,0.0,8.65,1.0,15,136.2,8.0,0.0,24.69,252058.93,24.69,119.5,44.52,-30.12,41.1
2026-07-10 04:00:00,-57.71,0.0,7.59,1.0,15,136.83,11.84,0.0,13.31,252010.04,13.31,135.36,48.89,-27.62,39.1
2026-07-10 05:00:00,-58.01,0.0,9.28,1.0,15,136.93,13.05,0.0,33.99,251966.58,33.99,115.99,43.46,-24.78,42.9
2026-07-10 06:00:00,-57.41,0.0,11.2,1.0,15,135.16,17.73,0.0,75.51,251934.31,75.51,77.38,32.28,-21.8,55.5
2026-07-10 07:00:00,-58.06,0.0,11.82,1.0,15,136.1,17.5,0.0,93.96,251906.89,93.96,59.63,27.41,-18.88,45.4
2026-07-10 08:00:00,-57.06,0.0,10.25,1.0,15,135.4,19.21,0.0,52.31,251867.62,52.31,102.3,39.27,-16.21,39.8
2026-07-10 09:00:00,-56.93,0.0,10.12,1.0,15,132.94,19.31,0.0,49.42,251828.24,49.42,102.83,39.38,-13.94,41.2
2026-07-10 10:00:00,-57.16,0.0,11.83,1.0,15,136.74,19.74,0.0,94.48,251800.42,94.48,62.0,27.82,-12.22,41.6
2026-07-10 11:00:00,-57.23,0.0,10.32,1.0,15,138.23,21.76,0.0,53.74,251759.97,53.74,106.24,40.45,-11.14,42.7
2026-07-10 12:00:00,-56.63,0.0,11.23,1.0,15,128.71,23.09,0.0,76.46,251728.5,76.46,75.35,31.46,-10.77,42.5
2026-07-10 13:00:00,-56.92,0.0,8.33,1.0,15,132.35,24.05,0.0,20.74,251679.77,20.74,135.66,48.74,-11.14,40.1
2026-07-10 14:00:00,-57.32,0.0,6.14,1.0,15,131.39,20.32,0.0,4.25,251627.54,4.25,147.46,52.22,-12.22,39.5
2026-07-10 15:00:00,-57.44,0.0,7.91,1.0,15,132.59,22.84,0.0,16.27,251577.65,16.27,139.16,49.89,-13.94,45.1
2026-07-10 16:00:00,-58.16,0.0,9.19,1.0,15,135.43,23.52,0.0,32.52,251531.17,32.52,126.43,46.48,-16.21,40.1
2026-07-10 17:00:00,-57.1,0.0,10.24,1.0,15,134.55,15.84,0.0,52.16,251493.05,52.16,98.23,38.13,-18.88,45.0
2026-07-10 18:00:00,-57.53,0.0,12.1,1.0,15,133.81,18.87,0.0,100.0,251467.77,100.0,52.69,25.28,-21.8,40.8
2026-07-10 19:00:00,-57.14,0.0,9.72,1.0,15,134.96,13.63,0.0,41.63,251427.14,41.63,106.96,40.63,-24.78,33.1
2026-07-10 20:00:00,-57.15,0.0,8.49,1.0,15,131.96,17.93,0.0,22.73,251380.76,22.73,127.16,46.39,-27.62,36.9
2026-07-10 21:00:00,-57.88,0.0,10.56,1.0,15,133.83,13.88,0.0,59.24,251345.18,59.24,88.48,35.58,-30.12,33.6
2026-07-10 22:00:00,-58.02,0.0,8.88,1.0,15,136.36,11.72,0.0,27.87,251300.51,27.87,120.21,44.67,-32.08,42.5
2026-07-10 23:00:00,-57.68,0.0,9.51,1.0,15,133.67,10.18,0.0,37.91,251260.02,37.91,105.94,40.49,-33.34,33.2
2026-07-11 00:00:00,-57.95,0.0,9.38,1.0,15,131.99,11.18,0.0,35.69,251219.0,35.69,107.48,41.02,-33.64,39.0
2026-07-11 01:00:00,-57.32,0.0,7.6,1.0,15,138.76,12.43,0.0,13.39,251169.53,13.39,137.81,49.47,-33.21,40.2
2026-07-11 02:00:00,-56.77,0.0,7.17,1.0,15,135.06,16.27,0.0,9.97,251119.21,9.97,141.36,50.32,-31.96,41.2
2026-07-11 03:00:00,-56.26,0.0,7.68,1.0,15,132.56,12.43,0.0,14.03,251072.01,14.03,130.95,47.2,-29.99,47.2
2026-07-11 04:00:00,-56.55,0.0,9.56,1.0,15,134.62,12.9,0.0,38.64,251031.01,38.64,108.88,41.0,-27.49,47.9
2026-07-11 05:00:00,-57.18,0.0,10.11,1.0,15,134.54,20.66,0.0,49.24,250990.66,49.24,105.97,40.35,-24.65,38.4
2026-07-11 06:00:00,-57.48,0.0,10.15,1.0,15,130.6,15.29,0.0,50.06,250953.1,50.06,95.84,37.56,-21.67,41.8
2026-07-11 07:00:00,-57.27,0.0,9.71,1.0,15,134.1,14.19,0.0,41.53,250912.5,41.53,106.76,40.61,-18.76,39.9
2026-07-11 08:00:00,-56.82,0.0,8.73,1.0,15,131.48,14.64,0.0,25.79,250868.15,25.79,120.33,44.34,-16.08,44.5
2026-07-11 09:00:00,-58.02,0.0,7.32,1.0,15,135.17,17.47,0.0,11.05,250817.39,11.05,141.59,50.76,-13.81,41.1
2026-07-11 10:00:00,-57.88,0.0,7.4,1.0,15,135.61,20.39,0.0,11.66,250765.89,11.66,144.34,51.5,-12.09,43.9
2026-07-11 11:00:00,-57.66,0.0,5.81,1.0,15,136.47,20.93,0.0,3.05,250711.61,3.05,154.35,54.29,-11.01,36.1
2026-07-11 12:00:00,-57.72,0.0,5.62,1.0,15,132.29,19.14,0.0,2.47,250658.84,2.47,148.97,52.77,-10.64,42.9
2026-07-11 13:00:00,-56.85,0.0,6.26,1.0,15,131.03,16.21,0.0,4.77,250608.17,4.77,142.47,50.66,-11.01,35.3
2026-07-11 14:00:00,-56.55,0.0,6.68,1.0,15,131.61,17.74,0.0,6.81,250557.59,6.81,142.54,50.59,-12.09,38.7
2026-07-11 15:00:00,-55.76,0.0,5.42,1.0,15,134.64,15.72,0.0,1.95,250505.56,1.95,148.41,52.02,-13.81,43.7
2026-07-11 16:00:00,-55.93,0.0,6.68,1.0,15,130.89,9.74,0.0,6.82,250457.65,6.82,133.81,47.91,-16.08,33.3
2026-07-11 17:00:00,-55.44,0.0,7.43,1.0,15,132.1,10.72,0.0,11.9,250410.71,11.9,130.92,46.94,-18.76,32.5
2026-07-11 18:00:00,-54.56,0.0,6.18,1.0,15,129.45,17.39,0.0,4.4,250360.74,4.4,142.44,49.96,-21.67,38.3
2026-07-11 19:00:00,-53.92,0.0,9.37,1.0,15,127.71,14.42,0.0,35.5,250321.18,35.5,106.63,39.57,-24.65,39.9
2026-07-11 20:00:00,-54.76,0.0,7.68,1.0,15,130.18,16.01,0.0,14.07,250274.09,14.07,132.12,47.08,-27.49,39.8
2026-07-11 21:00:00,-55.1,0.0,9.58,1.0,15,132.14,11.31,0.0,39.0,250234.8,39.0,104.44,39.3,-29.99,41.1
2026-07-11 22:00:00,-55.48,0.0,6.9,1.0,15,132.48,11.08,0.0,8.12,250186.55,8.12,135.44,48.25,-31.96,44.9
2026-07-11 23:00:00,-55.35,0.0,9.23,1.0,15,128.14,10.32,0.0,33.12,250146.92,33.12,105.34,39.63,-33.21,53.3
2026-07-12 00:00:00,-55.13,0.0,7.03,1.0,15,131.19,10.23,0.0,8.98,250099.64,8.98,132.44,47.28,-33.51,40.5
2026-07-12 01:00:00,-55.77,0.0,8.54,1.0,15,135.03,10.63,0.0,23.32,250055.05,23.32,122.33,44.6,-33.07,45.1
2026-07-12 02:00:00,-55.82,0.0,8.11,1.0,15,132.19,18.09,0.0,18.27,250007.68,18.27,132.01,47.37,-31.82,49.4
2026-07-12 03:00:00,-57.09,0.0,9.21,1.0,15,135.98,12.99,0.0,32.91,249964.47,32.91,116.06,43.21,-29.86,47.5
2026-07-12 04:00:00,-56.23,0.0,8.73,1.0,15,135.98,11.87,0.0,25.74,249919.8,25.74,122.11,44.67,-27.36,38.9
2026-07-12 05:00:00,-56.52,0.0,7.06,1.0,15,132.96,18.22,0.0,9.2,249869.39,9.2,141.98,50.42,-24.52,47.0
2026-07-12 06:00:00,-56.43,0.0,8.61,1.0,15,132.32,16.42,0.0,24.25,249823.98,24.25,124.5,45.41,-21.54,49.1
2026-07-12 07:00:00,-56.53,0.0,6.98,1.0,15,133.57,20.91,0.0,8.68,249772.46,8.68,145.8,51.51,-18.62,50.3
2026-07-12 08:00:00,-55.74,0.0,9.68,1.0,15,134.23,20.24,0.0,40.81,249730.35,40.81,113.66,42.12,-15.95,51.0
2026-07-12 09:00:00,-57.35,0.0,7.61,1.0,15,133.54,20.09,0.0,13.48,249680.2,13.48,140.16,50.15,-13.68,36.5
2026-07-12 10:00:00,-57.23,0.0,7.85,1.0,15,131.19,21.3,0.0,15.64,249631.02,15.64,136.85,49.17,-11.95,43.3
2026-07-12 11:00:00,-57.18,0.0,8.96,1.0,15,134.42,21.98,0.0,29.01,249584.56,29.01,127.39,46.46,-10.87,38.7
2026-07-12 12:00:00,-57.35,0.0,8.51,1.0,15,135.94,17.18,0.0,22.99,249537.27,22.99,130.12,47.29,-10.51,35.5
2026-07-12 13:00:00,-56.23,0.0,7.57,1.0,15,133.03,21.2,0.0,13.14,249487.19,13.14,141.1,50.08,-10.87,45.2
2026-07-12 14:00:00,-56.73,0.0,8.94,1.0,15,133.9,21.24,0.0,28.68,249441.13,28.68,126.46,46.06,-11.95,43.5
2026-07-12 15:00:00,-56.26,0.0,10.04,1.0,15,132.11,20.91,0.0,47.82,249401.27,47.82,105.2,39.86,-13.68,43.7
2026-07-12 16:00:00,-56.08,0.0,11.86,1.0,15,131.4,17.29,0.0,95.51,249376.3,95.51,53.17,24.98,-15.95,40.6
2026-07-12 17:00:00,-55.39,0.0,10.53,1.0,15,133.65,21.28,0.0,58.59,249339.22,58.59,96.34,37.07,-18.62,55.7
2026-07-12 18:00:00,-55.9,0.0,10.03,1.0,15,127.73,17.18,0.0,47.56,249301.71,47.56,97.34,37.51,-21.54,50.6
2026-07-12 19:00:00,-56.48,0.0,9.17,1.0,15,132.75,14.1,0.0,32.27,249259.11,32.27,114.57,42.6,-24.52,40.5
2026-07-12 20:00:00,-55.96,0.0,8.19,1.0,15,129.58,15.46,0.0,19.22,249213.46,19.22,125.82,45.65,-27.36,42.9
2026-07-12 21:00:00,-55.87,0.0,9.34,1.0,15,131.52,16.44,0.0,34.92,249171.49,34.92,113.05,41.98,-29.86,45.6
2026-07-12 22:00:00,-56.97,0.0,8.6,1.0,15,133.88,10.72,0.0,24.11,249127.06,24.11,120.49,44.43,-31.82,47.4
2026-07-12 23:00:00,-57.44,0.0,8.38,1.0,15,135.14,10.32,0.0,21.34,249081.45,21.34,124.13,45.61,-33.07,44.3
2026-07-13 00:00:00,-57.36,0.0,8.13,1.0,15,134.22,15.35,0.0,18.57,249033.91,18.57,130.99,47.54,-33.36,42.6
2026-07-13 01:00:00,-56.95,0.0,9.12,1.0,15,136.33,15.79,0.0,31.37,248989.41,31.37,120.75,44.5,-32.93,35.2
2026-07-13 02:00:00,-57.43,0.0,11.15,1.0,15,134.25,12.57,0.0,74.23,248958.49,74.23,72.6,30.92,-31.68,51.7
2026-07-13 03:00:00,-59.23,0.0,11.07,1.0,15,134.47,12.76,0.0,72.1,248926.31,72.1,75.12,32.18,-29.72,37.4
2026-07-13 04:00:00,-58.88,0.0,10.29,1.0,15,138.54,16.92,0.0,53.15,248886.49,53.15,102.31,39.82,-27.22,46.1
2026-07-13 05:00:00,-59.56,0.0,10.98,1.0,15,138.06,12.94,0.0,69.67,248852.44,69.67,81.33,34.05,-24.38,40.5
2026-07-13 06:00:00,-60.68,0.0,10.84,1.0,15,136.94,9.34,0.0,66.2,248818.41,66.2,80.08,34.03,-21.4,45.7
2026-07-13 07:00:00,-62.0,0.0,8.51,1.0,15,142.71,18.0,0.0,22.99,248767.56,22.99,137.72,50.85,-18.48,32.0
2026-07-13 08:00:00,-61.56,0.0,7.05,1.0,15,139.2,19.09,0.0,9.1,248713.58,9.1,149.18,53.99,-15.81,35.6
2026-07-13 09:00:00,-61.3,0.0,5.64,1.0,15,142.07,22.48,0.0,2.53,248656.01,2.53,162.02,57.57,-13.54,38.3
2026-07-13 10:00:00,-61.25,0.0,6.36,1.0,15,137.16,22.8,0.0,5.21,248600.53,5.21,154.75,55.48,-11.81,34.5
2026-07-13 11:00:00,-60.23,0.0,8.44,1.0,15,138.09,25.84,0.0,22.09,248549.04,22.09,141.84,51.49,-10.73,37.1
2026-07-13 12:00:00,-59.7,0.0,7.87,1.0,15,138.48,21.8,0.0,15.83,248496.96,15.83,144.45,52.08,-10.36,46.7
2026-07-13 13:00:00,-58.61,0.0,7.7,1.0,15,133.5,27.48,0.0,14.29,248444.57,14.29,146.69,52.39,-10.73,43.8
2026-07-13 14:00:00,-59.38,0.0,10.05,1.0,15,138.19,23.91,0.0,48.13,248401.27,48.13,113.97,43.3,-11.81,47.7
2026-07-13 15:00:00,-59.35,0.0,11.15,1.0,15,139.27,20.02,0.0,74.19,248366.21,74.19,85.09,35.06,-13.54,40.8
2026-07-13 16:00:00,-60.32,0.0,11.06,1.0,15,138.05,21.96,0.0,71.89,248330.0,71.89,88.12,36.21,-15.81,39.0
2026-07-13 17:00:00,-60.47,0.0,9.58,1.0,15,139.59,14.99,0.0,39.05,248285.94,39.05,115.53,44.07,-18.48,33.1
2026-07-13 18:00:00,-60.66,0.0,7.92,1.0,15,137.27,15.67,0.0,16.29,248235.8,16.29,136.64,50.14,-21.4,44.7
2026-07-13 19:00:00,-60.34,0.0,6.05,1.0,15,144.82,14.89,0.0,3.9,248180.29,3.9,155.81,55.51,-24.38,38.9
2026-07-13 20:00:00,-60.4,0.0,5.35,1.0,15,138.63,13.68,0.0,1.77,248126.27,1.77,150.54,54.02,-27.22,40.7
2026-07-13 21:00:00,-60.12,0.0,5.59,1.0,15,138.92,15.88,0.0,2.38,248071.79,2.38,152.42,54.48,-29.72,37.1
2026-07-13 22:00:00,-59.8,0.0,6.66,1.0,15,137.1,16.21,0.0,6.71,248019.07,6.71,146.6,52.72,-31.68,54.4
2026-07-13 23:00:00,-58.6,0.0,5.54,1.0,15,134.37,15.25,0.0,2.26,247966.49,2.26,147.37,52.58,-32.93,41.7
2026-07-14 00:00:00,-58.92,0.0,5.12,1.0,15,138.44,11.02,0.0,1.31,247913.59,1.31,148.15,52.9,-33.22,37.2
2026-07-14 01:00:00,-59.56,0.0,5.01,1.0,15,132.02,14.94,0.0,1.12,247861.15,1.12,145.85,52.43,-32.78,34.5
2026-07-14 02:00:00,-59.45,0.0,6.55,1.0,15,133.13,16.54,0.0,6.12,247809.41,6.12,143.56,51.75,-31.53,43.1
2026-07-14 03:00:00,-59.94,0.0,7.58,1.0,15,138.6,15.5,0.0,13.17,247758.26,13.17,140.93,51.15,-29.57,36.3
2026-07-14 04:00:00,-59.0,0.0,8.08,1.0,15,135.64,10.02,0.0,17.93,247711.16,17.93,127.73,47.1,-27.08,38.5
2026-07-14 05:00:00,-59.11,0.0,7.39,1.0,15,138.48,12.43,0.0,11.57,247660.71,11.57,139.34,50.45,-24.24,33.0
2026-07-14 06:00:00,-59.36,0.0,7.32,1.0,15,135.87,18.18,0.0,11.02,247609.14,11.02,143.02,51.57,-21.26,40.8
2026-07-14 07:00:00,-59.52,0.0,6.2,1.0,15,133.58,21.15,0.0,4.49,247555.47,4.49,150.25,53.68,-18.34,40.6
2026-07-14 08:00:00,-58.94,0.0,5.96,1.0,15,136.21,15.82,0.0,3.54,247502.47,3.54,148.48,53.0,-15.66,50.1
2026-07-14 09:00:00,-58.89,0.0,8.69,1.0,15,135.69,19.67,0.0,25.26,247454.73,25.26,130.09,47.74,-13.39,38.2
2026-07-14 10:00:00,-59.13,0.0,11.97,1.0,15,134.26,20.53,0.0,98.93,247428.07,98.93,55.87,26.66,-11.66,29.7
2026-07-14 11:00:00,-57.97,0.0,11.58,1.0,15,136.59,17.83,0.0,86.56,247398.34,86.56,67.85,29.73,-10.58,40.4
2026-07-14 12:00:00,-58.38,0.0,12.9,1.0,15,136.27,21.85,0.0,100.0,247371.26,100.0,58.12,27.08,-10.22,47.7
2026-07-14 13:00:00,-58.26,0.0,12.22,1.0,15,133.14,22.03,0.0,100.0,247345.06,100.0,55.16,26.2,-10.58,44.4
2026-07-14 14:00:00,-57.8,0.0,9.3,1.0,15,131.22,20.91,0.0,34.26,247301.12,34.26,117.87,43.93,-11.66,47.1
2026-07-14 15:00:00,-58.77,0.0,13.6,1.0,15,136.87,22.67,0.0,100.0,247273.52,100.0,59.54,27.6,-13.39,43.2
2026-07-14 16:00:00,-58.47,0.0,10.7,1.0,15,133.53,18.63,0.0,62.52,247237.44,62.52,89.64,36.09,-15.66,39.0
2026-07-14 17:00:00,-59.15,0.0,10.81,1.0,15,134.57,19.79,0.0,65.43,247201.35,65.43,88.93,36.09,-18.34,35.0
2026-07-14 18:00:00,-58.71,0.0,9.35,1.0,15,135.76,17.79,0.0,35.12,247156.98,35.12,118.43,44.36,-21.26,36.1
2026-07-14 19:00:00,-59.38,0.0,8.79,1.0,15,137.15,17.32,0.0,26.62,247109.73,26.62,127.85,47.25,-24.24,37.5
2026-07-14 20:00:00,-59.07,0.0,9.3,1.0,15,137.66,12.85,0.0,34.3,247065.89,34.3,116.21,43.84,-27.08,43.9
2026-07-14 21:00:00,-58.52,0.0,8.91,1.0,15,138.03,14.93,0.0,28.25,247019.79,28.25,124.71,46.1,-29.57,40.7
2026-07-14 22:00:00,-58.12,0.0,7.98,1.0,15,134.07,16.39,0.0,16.93,246971.3,16.93,133.54,48.49,-31.53,32.4
2026-07-14 23:00:00,-58.1,0.0,7.61,1.0,15,136.35,15.71,0.0,13.47,246921.37,13.47,138.59,49.93,-32.78,43.0
2026-07-15 00:00:00,-58.37,0.0,7.38,1.0,15,135.08,16.59,0.0,11.5,246870.91,11.5,140.18,50.46,-33.06,47.3
2026-07-15 01:00:00,-58.8,0.0,10.5,1.0,15,138.73,13.48,0.0,57.96,246833.41,57.96,94.25,37.5,-32.63,33.0
2026-07-15 02:00:00,-57.96,0.0,11.24,1.0,15,132.97,17.71,0.0,76.67,246801.93,76.67,74.01,31.48,-31.38,44.3
2026-07-15 03:00:00,-58.41,0.0,10.36,1.0,15,136.68,12.47,0.0,54.79,246764.52,54.79,94.36,37.41,-29.42,30.6
2026-07-15 04:00:00,-59.02,0.0,8.83,1.0,15,134.65,13.5,0.0,27.18,246719.34,27.18,120.97,45.18,-26.92,36.4
2026-07-15 05:00:00,-58.55,0.0,10.11,1.0,15,133.76,20.6,0.0,49.37,246678.85,49.37,104.99,40.49,-24.09,34.7
2026-07-15 06:00:00,-58.95,0.0,8.48,1.0,15,135.37,17.9,0.0,22.54,246630.91,22.54,130.73,47.94,-21.11,44.2
2026-07-15 07:00:00,-59.41,0.0,7.52,1.0,15,132.45,20.4,0.0,12.7,246580.14,12.7,140.16,50.77,-18.19,48.8
2026-07-15 08:00:00,-60.13,0.0,7.4,1.0,15,140.38,13.61,0.0,11.65,246528.53,11.65,142.33,51.6,-15.51,45.2
2026-07-15 09:00:00,-60.26,0.0,9.57,1.0,15,136.48,20.78,0.0,38.85,246483.71,38.85,118.41,44.82,-13.24,44.9
2026-07-15 10:00:00,-60.14,0.0,7.98,1.0,15,137.2,21.24,0.0,16.9,246432.33,16.9,141.54,51.38,-11.51,35.2
2026-07-15 11:00:00,-59.83,0.0,6.8,1.0,15,135.61,22.59,0.0,7.5,246378.43,7.5,150.7,53.9,-10.43,43.0
2026-07-15 12:00:00,-59.12,0.0,7.31,1.0,15,138.72,22.67,0.0,11.01,246324.84,11.01,150.38,53.59,-10.06,41.9
2026-07-15 13:00:00,-58.69,0.0,6.94,1.0,15,136.56,19.84,0.0,8.36,246272.04,8.36,148.04,52.8,-10.43,35.1
2026-07-15 14:00:00,-58.74,0.0,7.68,1.0,15,137.26,27.75,0.0,14.07,246218.4,14.07,150.94,53.64,-11.51,46.3
2026-07-15 15:00:00,-58.82,0.0,7.8,1.0,15,136.55,17.33,0.0,15.17,246168.23,15.17,138.7,50.17,-13.24,43.1
2026-07-15 16:00:00,-58.51,0.0,7.83,1.0,15,136.06,18.04,0.0,15.45,246118.16,15.45,138.66,50.07,-15.51,40.0
2026-07-15 17:00:00,-57.78,0.0,6.64,1.0,15,135.29,20.48,0.0,6.62,246065.32,6.62,149.15,52.84,-18.19,45.8
2026-07-15 18:00:00,-57.78,0.0,5.93,1.0,15,136.65,13.49,0.0,3.44,246013.17,3.44,146.69,52.14,-21.11,42.4
2026-07-15 19:00:00,-58.17,0.0,8.1,1.0,15,132.64,15.19,0.0,18.2,245965.78,18.2,129.63,47.4,-24.09,47.4
2026-07-15 20:00:00,-58.89,0.0,10.12,1.0,15,135.03,16.61,0.0,49.44,245925.98,49.44,102.19,39.79,-26.92,50.3
2026-07-15 21:00:00,-59.88,0.0,8.79,1.0,15,135.51,11.96,0.0,26.56,245880.56,26.56,120.9,45.42,-29.42,38.7
2026-07-15 22:00:00,-59.59,0.0,7.33,1.0,15,138.68,10.9,0.0,11.15,245830.23,11.15,138.43,50.33,-31.38,38.9
2026-07-15 23:00:00,-59.35,0.0,5.96,1.0,15,137.96,14.24,0.0,3.55,245777.06,3.55,148.65,53.17,-32.63,38.0
2026-07-16 00:00:00,-59.1,0.0,7.13,1.0,15,138.18,13.43,0.0,9.66,245725.88,9.66,141.95,51.18,-32.9,40.8
2026-07-16 01:00:00,-59.25,0.0,8.41,1.0,15,131.22,11.08,0.0,21.72,245680.74,21.72,120.59,45.14,-32.47,47.3
2026-07-16 02:00:00,-58.44,0.0,8.05,1.0,15,134.63,13.38,0.0,17.69,245633.07,17.69,130.32,47.67,-31.22,35.9
2026-07-16 03:00:00,-58.75,0.0,8.91,1.0,15,130.83,13.31,0.0,28.35,245589.44,28.35,115.78,43.62,-29.26,34.1
2026-07-16 04:00:00,-58.15,0.0,9.67,1.0,15,139.43,17.26,0.0,40.74,245545.95,40.74,115.94,43.49,-26.77,42.6
2026-07-16 05:00:00,-58.13,0.0,11.76,1.0,15,135.38,12.49,0.0,92.18,245519.64,92.18,55.69,26.31,-23.93,41.2
2026-07-16 06:00:00,-58.42,0.0,9.19,1.0,15,133.75,14.04,0.0,32.59,245476.29,32.59,115.2,43.36,-20.95,42.2
2026-07-16 07:00:00,-57.95,0.0,7.96,1.0,15,134.55,16.97,0.0,16.78,245427.5,16.78,134.75,48.79,-18.03,31.8
2026-07-16 08:00:00,-57.58,0.0,6.51,1.0,15,134.21,17.98,0.0,5.91,245375.53,5.91,146.29,51.97,-15.35,49.5
2026-07-16 09:00:00,-57.24,0.0,8.83,1.0,15,138.07,22.57,0.0,27.22,245327.34,27.22,133.42,48.2,-13.08,43.1
2026-07-16 10:00:00,-57.06,0.0,10.01,1.0,15,133.02,20.89,0.0,47.25,245286.82,47.25,106.67,40.52,-11.35,54.4
2026-07-16 11:00:00,-56.97,0.0,9.9,1.0,15,133.71,22.85,0.0,45.03,245244.94,45.03,111.53,41.88,-10.27,44.3
2026-07-16 12:00:00,-55.43,0.0,7.97,1.0,15,129.61,25.33,0.0,16.88,245195.96,16.88,138.07,48.98,-9.9,41.4
2026-07-16 13:00:00,-54.67,0.0,7.4,1.0,15,134.37,18.45,0.0,11.65,245146.33,11.65,141.17,49.63,-10.27,45.3
2026-07-16 14:00:00,-54.22,0.0,7.07,1.0,15,132.5,24.76,0.0,9.24,245094.88,9.24,148.02,51.45,-11.35,51.7
2026-07-16 15:00:00,-54.18,0.0,7.75,1.0,15,124.68,19.78,0.0,14.67,245048.63,14.67,129.79,46.25,-13.08,40.8
2026-07-16 16:00:00,-53.64,0.0,7.18,1.0,15,130.02,11.86,0.0,10.01,245001.95,10.01,131.88,46.68,-15.35,47.7
2026-07-16 17:00:00,-53.44,0.0,5.97,1.0,15,128.82,18.39,0.0,3.6,244951.99,3.6,143.61,49.96,-18.03,47.1
2026-07-16 18:00:00,-53.57,0.0,7.65,1.0,15,126.33,12.36,0.0,13.81,244907.33,13.81,124.88,44.66,-20.95,47.8
2026-07-16 19:00:00,-53.92,0.0,7.26,1.0,15,126.39,11.39,0.0,10.58,244861.9,10.58,127.2,45.43,-23.93,40.0
2026-07-16 20:00:00,-54.16,0.0,7.5,1.0,15,124.47,11.28,0.0,12.5,244817.53,12.5,123.25,44.37,-26.77,47.6
2026-07-16 21:00:00,-56.26,0.0,6.48,1.0,15,133.62,13.11,0.0,5.79,244767.48,5.79,140.94,50.05,-29.26,45.6
2026-07-16 22:00:00,-56.3,0.0,8.39,1.0,15,129.27,9.16,0.0,21.43,244724.25,21.43,116.99,43.23,-31.22,50.6
2026-07-16 23:00:00,-56.75,0.0,8.71,1.0,15,133.64,16.71,0.0,25.47,244678.64,25.47,124.87,45.61,-32.47,51.3
2026-07-17 00:00:00,-55.91,0.0,10.69,1.0,15,129.27,16.27,0.0,62.38,244645.16,62.38,83.16,33.47,-32.73,44.9
2026-07-17 01:00:00,-56.02,0.0,10.1,1.0,15,129.21,20.71,0.0,49.12,244606.63,49.12,100.8,38.53,-32.3,44.1
2026-07-17 02:00:00,-56.83,0.0,12.15,1.0,15,133.2,12.67,0.0,100.0,244583.51,100.0,45.87,23.12,-31.05,37.6
2026-07-17 03:00:00,-56.9,0.0,13.06,1.0,15,135.95,11.88,0.0,100.0,244559.8,100.0,47.84,23.7,-29.1,41.3
2026-07-17 04:00:00,-57.54,0.0,12.08,1.0,15,132.5,14.91,0.0,100.0,244536.03,100.0,47.41,23.77,-26.6,39.6
2026-07-17 05:00:00,-57.22,0.0,13.46,1.0,15,133.56,17.94,0.0,100.0,244511.18,100.0,51.5,24.84,-23.76,47.0
2026-07-17 06:00:00,-56.98,0.0,11.49,1.0,15,133.54,20.39,0.0,83.98,244481.16,83.98,69.95,30.03,-20.79,43.8
2026-07-17 07:00:00,-56.31,0.0,10.23,1.0,15,132.11,15.86,0.0,51.82,244443.86,51.82,96.14,37.29,-17.86,37.9
2026-07-17 08:00:00,-56.69,0.0,7.97,1.0,15,133.55,21.78,0.0,16.85,244394.39,16.85,138.48,49.47,-15.19,38.3
2026-07-17 09:00:00,-56.56,0.0,8.5,1.0,15,132.7,22.69,0.0,22.78,244346.63,22.78,132.62,47.76,-12.91,55.3
2026-07-17 10:00:00,-57.27,0.0,9.42,1.0,15,129.93,29.28,0.0,36.22,244301.39,36.22,122.99,45.23,-11.18,39.9
2026-07-17 11:00:00,-56.73,0.0,10.32,1.0,15,135.79,25.1,0.0,53.89,244260.88,53.89,107.01,40.51,-10.1,45.8
2026-07-17 12:00:00,-56.32,0.0,8.6,1.0,15,133.16,26.63,0.0,24.04,244212.29,24.04,135.75,48.59,-9.73,42.9
2026-07-17 13:00:00,-55.96,0.0,8.43,1.0,15,131.26,26.82,0.0,21.95,244163.71,21.95,136.14,48.59,-10.1,41.8
2026-07-17 14:00:00,-55.93,0.0,7.36,1.0,15,129.49,18.42,0.0,11.34,244115.01,11.34,136.57,48.7,-11.18,48.9
2026-07-17 15:00:00,-55.68,0.0,8.34,1.0,15,130.5,17.4,0.0,20.91,244069.11,20.91,126.99,45.9,-12.91,41.0
2026-07-17 16:00:00,-54.76,0.0,7.22,1.0,15,131.8,21.75,0.0,10.28,244018.85,10.28,143.27,50.26,-15.19,42.4
2026-07-17 17:00:00,-55.02,0.0,9.65,1.0,15,127.36,16.6,0.0,40.35,243979.82,40.35,103.6,39.03,-17.86,50.6
2026-07-17 18:00:00,-55.06,0.0,8.44,1.0,15,128.5,18.86,0.0,22.06,243934.59,22.06,125.3,45.23,-20.79,41.8
2026-07-17 19:00:00,-55.86,0.0,7.79,1.0,15,131.4,15.13,0.0,15.09,243887.37,15.09,131.44,47.22,-23.76,36.1
2026-07-17 20:00:00,-56.54,0.0,9.63,1.0,15,129.1,15.49,0.0,39.91,243847.57,39.91,104.68,39.8,-26.6,37.0
2026-07-17 21:00:00,-56.64,0.0,9.21,1.0,15,130.65,14.33,0.0,32.91,243805.64,32.91,112.07,41.93,-29.1,45.1
2026-07-17 22:00:00,-56.13,0.0,7.07,1.0,15,131.39,15.08,0.0,9.21,243756.68,9.21,137.26,48.96,-31.05,39.4
2026-07-17 23:00:00,-56.44,0.0,7.51,1.0,15,127.09,9.36,0.0,12.58,243711.44,12.58,123.88,45.24,-32.3,48.3
2026-07-18 00:00:00,-56.71,0.0,6.27,1.0,15,132.37,9.06,0.0,4.8,243662.49,4.8,136.62,48.95,-32.56,42.6
2026-07-18 01:00:00,-57.06,0.0,10.47,1.0,15,130.56,12.62,0.0,57.21,243627.87,57.21,85.97,34.62,-32.13,46.0
2026-07-18 02:00:00,-57.46,0.0,10.28,1.0,15,136.67,13.26,0.0,52.88,243589.98,52.88,97.04,37.89,-30.88,43.7
2026-07-18 03:00:00,-57.32,0.0,8.98,1.0,15,132.62,18.35,0.0,29.35,243545.12,29.35,121.62,44.86,-28.92,47.3
2026-07-18 04:00:00,-58.22,0.0,9.12,1.0,15,136.86,15.55,0.0,31.5,243500.19,31.5,120.91,44.93,-26.43,50.8
2026-07-18 05:00:00,-57.4,0.0,7.38,1.0,15,134.82,16.07,0.0,11.54,243450.26,11.54,139.34,49.93,-23.59,44.8
2026-07-18 06:00:00,-57.73,0.0,9.01,1.0,15,132.75,15.75,0.0,29.85,243406.13,29.85,118.65,44.13,-20.62,44.3
2026-07-18 07:00:00,-57.2,0.0,11.16,1.0,15,134.43,19.23,0.0,74.62,243373.44,74.62,79.03,32.68,-17.69,47.7
2026-07-18 08:00:00,-57.85,0.0,12.21,1.0,15,138.41,18.06,0.0,100.0,243346.99,100.0,56.47,26.45,-15.01,38.8
2026-07-18 09:00:00,-57.32,0.0,10.66,1.0,15,133.95,16.13,0.0,61.67,243311.6,61.67,88.41,35.39,-12.74,44.7
2026-07-18 10:00:00,-56.79,0.0,9.5,1.0,15,132.24,23.61,0.0,37.65,243267.88,37.65,118.19,43.72,-11.01,37.8
2026-07-18 11:00:00,-56.44,0.0,7.37,1.0,15,133.32,19.36,0.0,11.44,243217.69,11.44,141.25,50.19,-9.93,38.9
2026-07-18 12:00:00,-56.95,0.0,8.31,1.0,15,134.34,19.73,0.0,20.51,243169.54,20.51,133.56,48.15,-9.56,39.9
2026-07-18 13:00:00,-56.73,0.0,8.54,1.0,15,132.12,16.59,0.0,23.31,243123.78,23.31,125.4,45.76,-9.93,48.8
2026-07-18 14:00:00,-57.4,0.0,8.44,1.0,15,127.59,21.54,0.0,22.08,243077.35,22.08,127.05,46.43,-11.01,41.2
2026-07-18 15:00:00,-57.54,0.0,10.56,1.0,15,132.23,24.81,0.0,59.26,243039.22,59.26,97.78,38.13,-12.74,37.9
2026-07-18 16:00:00,-56.94,0.0,8.84,1.0,15,130.38,13.62,0.0,27.34,242995.89,27.34,116.67,43.33,-15.01,46.1
2026-07-18 17:00:00,-56.51,0.0,6.62,1.0,15,132.55,12.84,0.0,6.53,242946.36,6.53,138.86,49.53,-17.69,34.4
2026-07-18 18:00:00,-56.6,0.0,5.58,1.0,15,135.32,17.71,0.0,2.35,242893.43,2.35,150.69,52.93,-20.62,33.2
2026-07-18 19:00:00,-57.32,0.0,5.5,1.0,15,134.91,16.13,0.0,2.14,242840.8,2.14,148.9,52.63,-23.59,40.7
2026-07-18 20:00:00,-57.06,0.0,4.5,1.0,15,132.35,12.83,0.0,0.46,242789.44,0.46,144.72,51.36,-26.43,40.9
2026-07-18 21:00:00,-57.2,0.0,5.7,1.0,15,134.23,11.66,0.0,2.71,242738.48,2.71,143.18,50.96,-28.92,47.3
2026-07-18 22:00:00,-58.74,0.0,5.92,1.0,15,136.01,13.78,0.0,3.41,242686.13,3.41,146.38,52.34,-30.88,46.9
2026-07-18 23:00:00,-58.39,0.0,5.58,1.0,15,136.65,8.0,0.0,2.35,242635.06,2.35,142.3,51.07,-32.13,40.7
2026-07-19 00:00:00,-58.49,0.0,7.46,1.0,15,136.93,8.98,0.0,12.2,242586.4,12.2,133.72,48.66,-32.38,40.1
2026-07-19 01:00:00,-57.85,0.0,6.78,1.0,15,137.53,9.87,0.0,7.39,242536.14,7.39,140.02,50.26,-31.95,37.7
2026-07-19 02:00:00,-58.57,0.0,8.03,1.0,15,135.48,11.73,0.0,17.51,242488.61,17.51,129.7,47.54,-30.7,40.5
2026-07-19 03:00:00,-60.51,0.0,7.7,1.0,15,134.83,12.23,0.0,14.28,242439.61,14.28,132.78,48.99,-28.75,26.8
2026-07-19 04:00:00,-60.29,0.0,8.03,1.0,15,135.53,8.0,0.0,17.41,242392.58,17.41,126.12,47.03,-26.25,37.5
2026-07-19 05:00:00,-60.03,0.0,10.56,1.0,15,138.09,11.43,0.0,59.35,242355.87,59.35,90.18,36.71,-23.42,39.6
2026-07-19 06:00:00,-60.95,0.0,8.15,1.0,15,138.88,18.23,0.0,18.71,242305.14,18.71,138.39,50.73,-20.44,35.4
2026-07-19 07:00:00,-61.39,0.0,8.3,1.0,15,141.75,19.19,0.0,20.45,242253.69,20.45,140.49,51.46,-17.52,35.7
2026-07-19 08:00:00,-59.55,0.0,10.02,1.0,15,139.59,21.34,0.0,47.38,242210.46,47.38,113.56,43.23,-14.84,38.8
2026-07-19 09:00:00,-59.58,0.0,9.95,1.0,15,137.43,21.25,0.0,46.1,242167.5,46.1,112.58,42.96,-12.56,40.3
2026-07-19 10:00:00,-58.98,0.0,8.82,1.0,15,133.67,20.08,0.0,27.07,242120.7,27.07,126.68,46.8,-10.83,45.1
2026-07-19 11:00:00,-59.23,0.0,8.43,1.0,15,138.04,17.93,0.0,21.98,242071.74,21.98,133.99,48.95,-9.75,42.7
2026-07-19 12:00:00,-60.36,0.0,9.19,1.0,15,139.17,18.04,0.0,32.47,242025.09,32.47,124.74,46.66,-9.38,44.1
2026-07-19 13:00:00,-60.34,0.0,10.93,1.0,15,139.92,18.3,0.0,68.52,241988.42,68.52,89.7,36.67,-9.75,42.6
2026-07-19 14:00:00,-60.4,0.0,8.44,1.0,15,137.03,22.87,0.0,22.11,241938.03,22.11,137.79,50.39,-10.83,40.3
2026-07-19 15:00:00,-60.58,0.0,6.86,1.0,15,145.46,21.27,0.0,7.92,241881.59,7.92,158.81,56.44,-12.56,50.7
2026-07-19 16:00:00,-60.62,0.0,6.78,1.0,15,135.13,15.85,0.0,7.44,241829.49,7.44,143.54,52.1,-14.84,36.0
2026-07-19 17:00:00,-60.47,0.0,6.4,1.0,15,138.93,18.8,0.0,5.38,241774.94,5.38,152.35,54.56,-17.52,35.1
2026-07-19 18:00:00,-60.6,0.0,6.24,1.0,15,140.5,18.38,0.0,4.67,241719.81,4.67,154.21,55.13,-20.44,38.8
2026-07-19 19:00:00,-61.43,0.0,5.97,1.0,15,142.03,16.87,0.0,3.58,241664.11,3.58,155.32,55.69,-23.42,38.6
2026-07-19 20:00:00,-61.2,0.0,5.67,1.0,15,139.88,16.93,0.0,2.62,241608.8,2.62,154.2,55.31,-26.25,39.8
2026-07-19 21:00:00,-62.0,0.0,5.19,1.0,15,142.47,13.47,0.0,1.44,241553.17,1.44,154.5,55.63,-28.75,33.7
2026-07-19 22:00:00,-62.0,0.0,8.54,1.0,15,143.09,12.11,0.0,23.3,241503.98,23.3,131.9,49.19,-30.7,48.3
2026-07-19 23:00:00,-62.0,0.0,7.3,1.0,15,141.34,13.12,0.0,10.88,241451.46,10.88,143.58,52.52,-31.95,36.8
2026-07-20 00:00:00,-62.0,0.0,6.66,1.0,15,141.6,15.95,0.0,6.71,241396.87,6.71,150.84,54.59,-32.19,33.7
2026-07-20 01:00:00,-62.0,0.0,6.36,1.0,15,142.51,15.18,0.0,5.19,241341.81,5.19,152.5,55.06,-31.76,39.8
2026-07-20 02:00:00,-62.0,0.0,9.36,1.0,15,141.15,13.18,0.0,35.29,241296.29,35.29,119.04,45.53,-30.51,44.0
2026-07-20 03:00:00,-62.0,0.0,10.19,1.0,15,144.03,16.76,0.0,51.07,241253.41,51.07,109.73,42.87,-28.56,46.6
2026-07-20 04:00:00,-62.0,0.0,10.97,1.0,15,143.29,19.82,0.0,69.35,241215.09,69.35,93.77,38.32,-26.07,26.5
2026-07-20 05:00:00,-62.0,0.0,8.85,1.0,15,140.43,23.01,0.0,27.42,241164.72,27.42,136.02,50.37,-23.23,42.3
2026-07-20 06:00:00,-62.0,0.0,10.28,1.0,15,139.52,24.14,0.0,52.97,241121.58,52.97,110.68,43.14,-20.26,47.3
2026-07-20 07:00:00,-62.0,0.0,9.51,1.0,15,142.8,27.31,0.0,37.85,241072.28,37.85,132.26,49.29,-17.34,35.5
2026-07-20 08:00:00,-62.0,0.0,8.46,1.0,15,141.29,22.8,0.0,22.27,241020.27,22.27,141.81,52.02,-14.65,37.3
2026-07-20 09:00:00,-62.0,0.0,8.79,1.0,15,139.8,11.67,0.0,26.66,240973.1,26.66,124.8,47.17,-12.38,33.8
2026-07-20 10:00:00,-62.0,0.0,10.15,1.0,15,140.04,21.03,0.0,50.22,240929.9,50.22,110.86,43.2,-10.64,35.7
2026-07-20 11:00:00,-62.0,0.0,10.88,1.0,15,142.53,16.44,0.0,67.07,240892.11,67.07,91.9,37.79,-9.56,33.2
2026-07-20 12:00:00,-62.0,0.0,12.14,1.0,15,140.08,26.03,0.0,100.0,240861.67,100.0,66.11,30.44,-9.19,43.2
2026-07-20 13:00:00,-62.0,0.0,13.43,1.0,15,144.28,19.91,0.0,100.0,240831.78,100.0,64.19,29.89,-9.56,38.0
2026-07-20 14:00:00,-62.0,0.0,11.16,1.0,15,138.9,21.74,0.0,74.6,240795.65,74.6,86.04,36.12,-10.64,25.0
2026-07-20 15:00:00,-62.0,0.0,10.19,1.0,15,140.0,19.24,0.0,51.04,240753.22,51.04,108.2,42.44,-12.38,35.5
2026-07-20 16:00:00,-62.0,0.0,7.66,1.0,15,139.05,24.15,0.0,13.88,240699.06,13.88,149.32,54.16,-14.65,35.0
2026-07-20 17:00:00,-62.0,0.0,9.75,1.0,15,138.42,14.11,0.0,42.13,240656.0,42.13,110.4,43.06,-17.34,42.8
2026-07-20 18:00:00,-62.0,0.0,8.2,1.0,15,139.35,18.62,0.0,19.34,240604.89,19.34,138.63,51.11,-20.26,38.2
2026-07-20 19:00:00,-62.0,0.0,10.0,1.0,15,139.98,12.21,0.0,47.0,240563.31,47.0,105.19,41.58,-23.23,38.0
2026-07-20 20:00:00,-62.0,0.0,9.04,1.0,15,140.18,8.0,0.0,30.19,240518.08,30.19,117.98,45.23,-26.07,41.7
2026-07-20 21:00:00,-62.0,0.0,8.49,1.0,15,136.34,13.88,0.0,22.64,240470.12,22.64,127.58,47.96,-28.56,43.8
2026-07-20 22:00:00,-62.0,0.0,6.68,1.0,15,138.47,9.23,0.0,6.82,240418.37,6.82,140.88,51.75,-30.51,39.8
2026-07-20 23:00:00,-62.0,0.0,6.66,1.0,15,141.5,8.41,0.0,6.71,240365.96,6.71,143.2,52.41,-31.76,35.2
2026-07-21 00:00:00,-62.0,0.0,9.11,1.0,15,139.55,8.19,0.0,31.24,240321.16,31.24,116.5,44.8,-32.0,31.0
2026-07-21 01:00:00,-62.0,0.0,7.0,1.0,15,143.39,11.73,0.0,8.81,240267.86,8.81,146.32,53.3,-31.57,45.7
2026-07-21 02:00:00,-62.0,0.0,7.16,1.0,15,140.57,15.7,0.0,9.89,240214.54,9.89,146.37,53.32,-30.32,55.4
2026-07-21 03:00:00,-62.0,0.0,5.67,1.0,15,142.4,8.93,0.0,2.61,240160.55,2.61,148.73,53.99,-28.37,39.1
2026-07-21 04:00:00,-62.0,0.0,6.09,1.0,15,140.28,17.49,0.0,4.04,240105.14,4.04,153.74,55.41,-25.88,40.1
2026-07-21 05:00:00,-62.0,0.0,5.67,1.0,15,143.11,13.72,0.0,2.6,240049.58,2.6,154.23,55.56,-23.05,46.0
2026-07-21 06:00:00,-62.0,0.0,5.67,1.0,15,135.97,13.31,0.0,2.62,239996.18,2.62,146.66,53.4,-20.07,29.9
2026-07-21 07:00:00,-62.0,0.0,8.31,1.0,15,141.33,21.31,0.0,20.57,239944.09,20.57,142.07,52.09,-17.15,43.3
2026-07-21 08:00:00,-62.0,0.0,8.2,1.0,15,144.47,21.64,0.0,19.27,239890.64,19.27,146.84,53.45,-14.46,40.4
2026-07-21 09:00:00,-61.73,0.0,7.56,1.0,15,137.48,22.12,0.0,12.99,239837.34,12.99,146.61,53.3,-12.19,34.9
2026-07-21 10:00:00,-62.0,0.0,8.2,1.0,15,142.76,21.09,0.0,19.31,239784.55,19.31,144.54,52.79,-10.45,35.9
2026-07-21 11:00:00,-62.0,0.0,7.05,1.0,15,141.96,17.63,0.0,9.09,239730.05,9.09,150.5,54.49,-9.37,31.9
2026-07-21 12:00:00,-62.0,0.0,6.68,1.0,15,137.96,24.73,0.0,6.86,239674.04,6.86,155.83,56.01,-9.0,44.1
2026-07-21 13:00:00,-62.0,0.0,7.42,1.0,15,141.87,20.93,0.0,11.84,239619.42,11.84,150.96,54.62,-9.37,33.3
2026-07-21 14:00:00,-61.89,0.0,6.87,1.0,15,141.68,20.8,0.0,7.95,239563.81,7.95,154.53,55.61,-10.45,40.6
2026-07-21 15:00:00,-62.0,0.0,8.07,1.0,15,140.9,20.86,0.0,17.83,239511.19,17.83,143.93,52.62,-12.19,30.4
2026-07-21 16:00:00,-62.0,0.0,8.21,1.0,15,143.61,21.72,0.0,19.43,239458.01,19.43,145.91,53.18,-14.46,45.5
2026-07-21 17:00:00,-62.0,0.0,9.46,1.0,15,143.31,12.78,0.0,36.92,239412.44,36.92,119.16,45.56,-17.15,37.5
2026-07-21 18:00:00,-62.0,0.0,11.79,1.0,15,142.89,16.37,0.0,93.27,239382.04,93.27,65.99,30.41,-20.07,43.9
2026-07-21 19:00:00,-62.0,0.0,9.49,1.0,15,144.18,13.97,0.0,37.53,239336.06,37.53,120.63,45.98,-23.05,37.4
2026-07-21 20:00:00,-61.63,0.0,8.69,1.0,15,138.74,18.7,0.0,25.33,239286.92,25.33,132.11,49.14,-25.88,35.7
2026-07-21 21:00:00,-61.39,0.0,8.07,1.0,15,139.0,18.52,0.0,17.91,239235.71,17.91,139.61,51.21,-28.37,32.3
2026-07-21 22:00:00,-62.0,0.0,6.99,1.0,15,139.65,13.78,0.0,8.74,239182.88,8.74,144.69,52.84,-30.32,43.8
2026-07-21 23:00:00,-62.0,0.0,8.8,1.0,15,139.98,8.96,0.0,26.74,239136.45,26.74,122.2,46.43,-31.57,36.7
2026-07-22 00:00:00,-62.0,0.0,9.81,1.0,15,140.02,11.13,0.0,43.38,239094.14,43.38,107.77,42.31,-31.8,40.0
2026-07-22 01:00:00,-62.0,0.0,9.44,1.0,15,140.8,8.0,0.0,36.58,239050.55,36.58,112.22,43.58,-31.37,35.0
2026-07-22 02:00:00,-62.0,0.0,9.36,1.0,15,140.25,15.95,0.0,35.21,239004.47,35.21,120.99,46.08,-30.13,38.4
2026-07-22 03:00:00,-62.0,0.0,7.44,1.0,15,138.71,11.6,0.0,12.03,238953.46,12.03,138.28,51.01,-28.18,39.5
2026-07-22 04:00:00,-62.0,0.0,7.99,1.0,15,142.85,17.88,0.0,17.09,238900.92,17.09,143.64,52.54,-25.69,29.7
2026-07-22 05:00:00,-62.0,0.0,9.4,1.0,15,139.17,13.66,0.0,36.04,238856.04,36.04,116.79,44.89,-22.85,35.1
2026-07-22 06:00:00,-61.68,0.0,9.46,1.0,15,144.06,15.91,0.0,37.04,238809.5,37.04,122.94,46.54,-19.87,46.6
2026-07-22 07:00:00,-60.1,0.0,8.43,1.0,15,139.93,16.53,0.0,21.97,238760.14,21.97,134.49,49.36,-16.95,35.8
2026-07-22 08:00:00,-59.42,0.0,9.13,1.0,15,134.51,13.96,0.0,31.63,238716.01,31.63,116.84,44.13,-14.27,44.9
2026-07-22 09:00:00,-58.69,0.0,8.53,1.0,15,135.93,14.8,0.0,23.19,238669.06,23.19,127.53,46.95,-11.99,42.6
2026-07-22 10:00:00,-58.46,0.0,8.73,1.0,15,132.5,26.32,0.0,25.85,238620.62,25.85,132.98,48.44,-10.26,43.7
2026-07-22 11:00:00,-58.41,0.0,8.68,1.0,15,138.34,18.57,0.0,25.08,238572.53,25.08,131.82,48.09,-9.17,44.4
2026-07-22 12:00:00,-58.58,0.0,8.27,1.0,15,135.81,23.24,0.0,20.09,238522.35,20.09,138.96,50.18,-8.8,41.2
2026-07-22 13:00:00,-58.98,0.0,9.24,1.0,15,136.34,28.74,0.0,33.34,238474.11,33.34,131.74,48.24,-9.17,37.9
2026-07-22 14:00:00,-59.32,0.0,10.91,1.0,15,137.43,19.15,0.0,67.99,238438.07,67.99,88.59,36.04,-10.26,36.8
2026-07-22 15:00:00,-60.08,0.0,8.02,1.0,15,137.75,21.06,0.0,17.4,238386.74,17.4,141.42,51.33,-11.99,38.3
2026-07-22 16:00:00,-60.11,0.0,10.56,1.0,15,136.72,19.62,0.0,59.25,238348.04,59.25,97.08,38.7,-14.27,46.2
2026-07-22 17:00:00,-61.14,0.0,10.06,1.0,15,139.55,18.67,0.0,48.35,238305.38,48.35,109.86,42.65,-16.95,32.4
2026-07-22 18:00:00,-61.05,0.0,10.44,1.0,15,142.38,17.97,0.0,56.49,238264.47,56.49,103.86,40.91,-19.87,37.7
2026-07-22 19:00:00,-61.13,0.0,11.55,1.0,15,138.52,11.74,0.0,85.79,238234.76,85.79,64.46,29.71,-22.85,31.6
2026-07-22 20:00:00,-61.11,0.0,10.62,1.0,15,142.79,9.91,0.0,60.66,238197.2,60.66,92.04,37.56,-25.69,36.3
2026-07-22 21:00:00,-61.51,0.0,11.54,1.0,15,139.3,13.21,0.0,85.41,238166.61,85.41,67.11,30.58,-28.18,38.2
2026-07-22 22:00:00,-59.73,0.0,9.58,1.0,15,137.98,17.1,0.0,39.09,238122.64,39.09,115.99,43.98,-30.13,47.2
2026-07-22 23:00:00,-59.01,0.0,8.11,1.0,15,140.79,15.66,0.0,18.25,238072.55,18.25,138.19,50.09,-31.37,48.3
2026-07-23 00:00:00,-59.81,0.0,8.86,1.0,15,138.95,8.65,0.0,27.58,238027.4,27.58,120.02,45.15,-31.6,31.2
2026-07-23 01:00:00,-59.73,0.0,10.53,1.0,15,138.36,14.63,0.0,58.56,237989.57,58.56,94.42,37.83,-31.17,32.6
2026-07-23 02:00:00,-60.13,0.0,11.91,1.0,15,139.64,13.66,0.0,96.99,237962.48,96.99,56.31,27.09,-29.92,39.1
2026-07-23 03:00:00,-60.73,0.0,11.52,1.0,15,141.33,13.73,0.0,84.82,237931.24,84.82,70.24,31.24,-27.97,43.3
2026-07-23 04:00:00,-61.49,0.0,10.8,1.0,15,138.46,14.62,0.0,65.08,237894.72,65.08,88.0,36.53,-25.49,30.9
2026-07-23 05:00:00,-61.13,0.0,9.62,1.0,15,140.84,16.26,0.0,39.75,237849.93,39.75,117.35,44.78,-22.65,37.3
2026-07-23 06:00:00,-61.41,0.0,12.64,1.0,15,140.76,16.41,0.0,100.0,237822.22,100.0,57.16,27.72,-19.67,44.1
2026-07-23 07:00:00,-60.67,0.0,10.89,1.0,15,134.27,15.87,0.0,67.44,237787.45,67.44,82.7,34.77,-16.75,45.3
2026-07-23 08:00:00,-59.9,0.0,11.23,1.0,15,138.4,18.08,0.0,76.52,237753.69,76.52,79.96,33.76,-14.07,38.5
2026-07-23 09:00:00,-58.91,0.0,10.62,1.0,15,134.13,14.14,0.0,60.62,237718.03,60.62,87.65,35.65,-11.79,30.8
2026-07-23 10:00:00,-59.27,0.0,10.46,1.0,15,137.12,21.96,0.0,56.93,237678.14,56.93,102.16,39.9,-10.05,45.8
2026-07-23 11:00:00,-58.83,0.0,9.59,1.0,15,138.36,22.34,0.0,39.2,237632.86,39.2,121.5,45.28,-8.96,36.3
2026-07-23 12:00:00,-58.32,0.0,12.2,1.0,15,133.35,25.97,0.0,100.0,237605.46,100.0,59.32,27.4,-8.6,43.9
2026-07-23 13:00:00,-58.51,0.0,11.45,1.0,15,135.44,22.68,0.0,82.76,237573.42,82.76,75.36,32.03,-8.96,36.6
2026-07-23 14:00:00,-58.91,0.0,13.06,1.0,15,135.38,19.82,0.0,100.0,237547.02,100.0,55.2,26.4,-10.05,41.3
2026-07-23 15:00:00,-57.9,0.0,9.6,1.0,15,137.25,21.14,0.0,39.52,237502.77,39.52,118.87,44.25,-11.79,43.1
2026-07-23 16:00:00,-57.77,0.0,9.6,1.0,15,133.33,17.79,0.0,39.47,237460.62,39.47,111.66,42.15,-14.07,48.1
2026-07-23 17:00:00,-57.43,0.0,10.18,1.0,15,134.49,15.65,0.0,50.85,237422.09,50.85,99.3,38.53,-16.75,34.9
2026-07-23 18:00:00,-58.01,0.0,10.73,1.0,15,136.3,9.33,0.0,63.35,237388.24,63.35,82.28,33.85,-19.67,37.1
2026-07-23 19:00:00,-58.85,0.0,12.17,1.0,15,137.88,16.5,0.0,100.0,237362.08,100.0,54.38,26.15,-22.65,48.9
2026-07-23 20:00:00,-59.3,0.0,8.9,1.0,15,134.78,15.75,0.0,28.21,237316.44,28.21,122.32,45.65,-25.49,41.7
2026-07-23 21:00:00,-59.48,0.0,6.42,1.0,15,136.64,17.2,0.0,5.48,237263.31,5.48,148.36,53.13,-27.97,36.1
2026-07-23 22:00:00,-60.24,0.0,6.97,1.0,15,141.89,17.23,0.0,8.58,237209.33,8.58,150.54,53.98,-29.92,43.4
2026-07-23 23:00:00,-60.34,0.0,5.51,1.0,15,138.49,13.94,0.0,2.18,237155.41,2.18,150.25,53.92,-31.17,34.8
2026-07-24 00:00:00,-61.37,0.0,9.53,1.0,15,142.39,9.16,0.0,38.24,237111.7,38.24,113.32,43.71,-31.38,39.9
2026-07-24 01:00:00,-62.0,0.0,8.32,1.0,15,145.63,9.29,0.0,20.67,237061.84,20.67,134.26,49.86,-30.96,35.1
2026-07-24 02:00:00,-61.67,0.0,8.33,1.0,15,140.44,13.56,0.0,20.77,237012.36,20.77,133.24,49.47,-29.71,45.0
2026-07-24 03:00:00,-61.28,0.0,6.72,1.0,15,141.81,16.01,0.0,7.07,236958.02,7.07,150.75,54.35,-27.77,34.8
2026-07-24 04:00:00,-61.45,0.0,7.36,1.0,15,142.34,17.13,0.0,11.37,236904.37,11.37,148.1,53.64,-25.28,25.6
2026-07-24 05:00:00,-61.96,0.0,7.33,1.0,15,138.06,14.03,0.0,11.11,236852.6,11.11,140.98,51.77,-22.45,36.3
2026-07-24 06:00:00,-62.0,0.0,5.89,1.0,15,141.98,10.2,0.0,3.32,236798.58,3.32,148.87,54.03,-19.47,35.2
2026-07-24 07:00:00,-62.0,0.0,6.12,1.0,15,144.41,14.05,0.0,4.19,236743.01,4.19,154.27,55.57,-16.55,37.3
2026-07-24 08:00:00,-61.91,0.0,6.48,1.0,15,137.49,12.95,0.0,5.8,236690.21,5.8,144.64,52.8,-13.86,41.3
2026-07-24 09:00:00,-61.16,0.0,10.88,1.0,15,139.54,20.69,0.0,67.02,236652.3,67.02,93.21,37.91,-11.58,33.2
2026-07-24 10:00:00,-61.27,0.0,9.23,1.0,15,140.22,19.61,0.0,33.12,236604.81,33.12,126.71,47.49,-9.84,35.2
2026-07-24 11:00:00,-61.79,0.0,9.23,1.0,15,140.55,19.95,0.0,33.18,236556.98,33.18,127.32,47.82,-8.75,38.6
2026-07-24 12:00:00,-61.45,0.0,12.68,1.0,15,139.81,22.43,0.0,100.0,236527.81,100.0,62.24,29.17,-8.38,35.6
2026-07-24 13:00:00,-61.8,0.0,12.76,1.0,15,138.35,19.77,0.0,100.0,236499.7,100.0,58.12,28.11,-8.75,39.0
2026-07-24 14:00:00,-62.0,0.0,15.63,1.0,15,141.94,26.17,0.0,100.0,236468.69,100.0,68.11,31.01,-9.84,41.2
2026-07-24 15:00:00,-61.11,0.0,16.59,1.0,15,138.08,19.11,0.0,100.0,236441.06,100.0,57.19,27.63,-11.58,39.2
2026-07-24 16:00:00,-60.57,0.0,14.3,1.0,15,137.3,13.56,0.0,100.0,236415.4,100.0,50.86,25.66,-13.86,45.1
2026-07-24 17:00:00,-60.48,0.0,13.44,1.0,15,134.59,10.02,0.0,100.0,236391.54,100.0,44.61,23.86,-16.55,34.9
2026-07-24 18:00:00,-61.28,0.0,10.65,1.0,15,136.85,18.1,0.0,61.3,236353.47,61.3,93.65,38.08,-19.47,36.1
2026-07-24 19:00:00,-61.2,0.0,9.88,1.0,15,143.12,17.24,0.0,44.71,236309.15,44.71,115.64,44.32,-22.45,46.6
2026-07-24 20:00:00,-60.63,0.0,10.85,1.0,15,139.15,16.1,0.0,66.43,236272.65,66.43,88.81,36.5,-25.28,35.9
2026-07-24 21:00:00,-60.95,0.0,10.25,1.0,15,141.1,9.38,0.0,52.32,236233.39,52.32,98.16,39.26,-27.77,51.5
2026-07-24 22:00:00,-60.22,0.0,10.58,1.0,15,136.39,10.24,0.0,59.82,236197.58,59.82,86.82,35.81,-29.71,44.7
2026-07-24 23:00:00,-59.53,0.0,11.02,1.0,15,133.0,17.93,0.0,70.72,236163.86,70.72,80.21,33.72,-30.96,36.2
2026-07-25 00:00:00,-58.55,0.0,9.5,1.0,15,134.3,12.35,0.0,37.65,236122.23,37.65,109.0,41.63,-31.17,44.0
2026-07-25 01:00:00,-58.44,0.0,11.03,1.0,15,131.37,11.04,0.0,71.05,236091.36,71.05,71.36,30.87,-30.74,42.7
2026-07-25 02:00:00,-58.13,0.0,10.22,1.0,15,133.56,17.05,0.0,51.66,236052.72,51.66,98.96,38.64,-29.5,34.1
2026-07-25 03:00:00,-57.3,0.0,8.77,1.0,15,136.34,10.23,0.0,26.32,236008.26,26.32,120.25,44.46,-27.55,49.7
2026-07-25 04:00:00,-57.02,0.0,10.43,1.0,15,133.17,13.0,0.0,56.25,235972.53,56.25,89.92,35.73,-25.07,46.3
2026-07-25 05:00:00,-57.29,0.0,9.65,1.0,15,136.99,19.05,0.0,40.31,235929.36,40.31,115.73,43.17,-22.23,49.4
2026-07-25 06:00:00,-57.49,0.0,10.37,1.0,15,135.37,20.48,0.0,54.98,235890.36,54.98,100.87,38.99,-19.26,47.1
2026-07-25 07:00:00,-57.25,0.0,10.06,1.0,15,136.08,21.72,0.0,48.29,235848.98,48.29,109.51,41.39,-16.33,43.8
2026-07-25 08:00:00,-57.91,0.0,9.26,1.0,15,134.23,20.97,0.0,33.69,235803.98,33.69,121.5,45.0,-13.65,47.0
2026-07-25 09:00:00,-57.86,0.0,10.42,1.0,15,131.62,25.73,0.0,55.94,235764.71,55.94,101.41,39.26,-11.37,34.9
2026-07-25 10:00:00,-57.06,0.0,10.22,1.0,15,131.21,23.22,0.0,51.73,235725.33,51.73,102.7,39.39,-9.63,52.1
2026-07-25 11:00:00,-58.26,0.0,9.41,1.0,15,138.01,21.84,0.0,36.12,235679.58,36.12,123.73,45.74,-8.54,45.0
2026-07-25 12:00:00,-57.22,0.0,7.76,1.0,15,134.08,21.04,0.0,14.78,235629.43,14.78,140.33,50.16,-8.17,32.3
2026-07-25 13:00:00,-56.46,0.0,9.96,1.0,15,129.48,19.94,0.0,46.18,235590.07,46.18,103.24,39.36,-8.54,35.2
2026-07-25 14:00:00,-56.69,0.0,7.7,1.0,15,134.3,16.68,0.0,14.23,235541.08,14.23,136.75,48.98,-9.63,43.9
2026-07-25 15:00:00,-56.36,0.0,9.65,1.0,15,128.92,13.04,0.0,40.32,235502.21,40.32,101.64,38.87,-11.37,38.3
2026-07-25 16:00:00,-56.38,0.0,8.89,1.0,15,133.41,21.61,0.0,28.09,235456.12,28.09,126.93,46.09,-13.65,45.3
2026-07-25 17:00:00,-55.71,0.0,9.35,1.0,15,130.77,17.36,0.0,35.1,235414.19,35.1,113.04,41.93,-16.33,38.3
2026-07-25 18:00:00,-55.22,0.0,11.37,1.0,15,132.1,13.93,0.0,80.29,235385.89,80.29,65.74,28.3,-19.26,37.2
2026-07-25 19:00:00,-56.2,0.0,9.35,1.0,15,131.54,21.43,0.0,35.09,235342.44,35.09,117.87,43.45,-22.23,40.1
2026-07-25 20:00:00,-55.99,0.0,9.4,1.0,15,133.39,17.84,0.0,35.92,235299.78,35.92,115.31,42.66,-25.07,59.3
2026-07-25 21:00:00,-56.28,0.0,10.26,1.0,15,128.86,12.85,0.0,52.58,235264.49,52.58,89.13,35.28,-27.55,37.3
2026-07-25 22:00:00,-56.39,0.0,10.85,1.0,15,133.13,14.61,0.0,66.32,235231.37,66.32,81.42,33.12,-29.5,49.0
2026-07-25 23:00:00,-56.97,0.0,10.32,1.0,15,132.33,12.82,0.0,53.82,235195.25,53.82,91.33,36.12,-30.74,38.5
2026-07-26 00:00:00,-55.97,0.0,10.31,1.0,15,132.57,11.81,0.0,53.59,235159.58,53.59,90.79,35.67,-30.95,42.6
2026-07-26 01:00:00,-55.45,0.0,10.88,1.0,15,130.27,16.65,0.0,67.15,235127.21,67.15,79.77,32.37,-30.52,44.0
2026-07-26 02:00:00,-55.99,0.0,11.77,1.0,15,129.82,13.71,0.0,92.41,235102.85,92.41,51.12,24.37,-29.28,42.7
2026-07-26 03:00:00,-56.85,0.0,11.94,1.0,15,132.88,9.57,0.0,98.11,235080.16,98.11,44.34,22.69,-27.33,42.6
2026-07-26 04:00:00,-57.08,0.0,10.51,1.0,15,136.2,15.34,0.0,58.15,235043.42,58.15,93.39,36.74,-24.85,43.9
2026-07-26 05:00:00,-56.78,0.0,14.46,1.0,15,131.68,17.24,0.0,100.0,235019.44,100.0,48.92,23.98,-22.02,34.9
2026-07-26 06:00:00,-56.57,0.0,12.58,1.0,15,133.13,21.59,0.0,100.0,234993.87,100.0,54.72,25.57,-19.04,41.9
2026-07-26 07:00:00,-55.73,0.0,9.48,1.0,15,129.9,18.54,0.0,37.25,234952.47,37.25,111.19,41.41,-16.12,42.9
2026-07-26 08:00:00,-55.16,0.0,8.78,1.0,15,126.17,18.92,0.0,26.47,234909.11,26.47,118.62,43.35,-13.43,46.4
2026-07-26 09:00:00,-54.47,0.0,7.39,1.0,15,129.6,21.22,0.0,11.64,234860.1,11.64,139.18,49.01,-11.15,42.7
2026-07-26 10:00:00,-54.19,0.0,6.38,1.0,15,137.55,17.24,0.0,5.28,234808.24,5.28,149.51,51.87,-9.41,47.0
2026-07-26 11:00:00,-54.95,0.0,6.28,1.0,15,127.23,29.02,0.0,4.86,234755.6,4.86,151.39,52.63,-8.32,40.5
2026-07-26 12:00:00,-55.0,0.0,5.21,1.0,15,132.35,26.89,0.0,1.48,234701.14,1.48,157.77,54.46,-7.95,41.0
2026-07-26 13:00:00,-54.31,0.0,6.92,1.0,15,123.96,23.75,0.0,8.26,234652.1,8.26,139.45,49.04,-8.32,45.8
2026-07-26 14:00:00,-54.33,0.0,5.79,1.0,15,129.09,21.35,0.0,2.98,234600.78,2.98,147.45,51.32,-9.41,39.1
2026-07-26 15:00:00,-54.05,0.0,5.58,1.0,15,125.71,15.55,0.0,2.35,234551.98,2.35,138.91,48.8,-11.15,41.6
2026-07-26 16:00:00,-54.3,0.0,4.94,1.0,15,130.12,18.84,0.0,1.0,234500.52,1.0,147.96,51.46,-13.43,41.8
2026-07-26 17:00:00,-55.02,0.0,4.31,1.0,15,129.07,19.16,0.0,0.31,234448.85,0.31,147.92,51.66,-16.12,41.5
2026-07-26 18:00:00,-55.21,0.0,4.76,1.0,15,129.28,13.42,0.0,0.75,234398.83,0.75,141.96,50.02,-19.04,43.9
2026-07-26 19:00:00,-55.16,0.0,6.14,1.0,15,128.01,13.7,0.0,4.24,234350.1,4.24,137.47,48.73,-22.02,39.2
2026-07-26 20:00:00,-55.72,0.0,9.73,1.0,15,126.64,12.8,0.0,41.81,234312.56,41.81,97.62,37.54,-24.85,46.3
2026-07-26 21:00:00,-56.02,0.0,11.2,1.0,15,131.19,11.44,0.0,75.5,234283.62,75.5,67.13,28.94,-27.33,41.6
2026-07-26 22:00:00,-56.75,0.0,12.24,1.0,15,131.4,17.96,0.0,100.0,234259.53,100.0,49.36,24.09,-29.28,44.5
2026-07-26 23:00:00,-56.22,0.0,10.08,1.0,15,131.22,12.4,0.0,48.65,234222.6,48.65,94.98,36.93,-30.52,36.7
2026-07-27 00:00:00,-56.45,0.0,8.87,1.0,15,131.74,16.95,0.0,27.73,234178.19,27.73,120.96,44.41,-30.72,28.4
2026-07-27 01:00:00,-55.67,0.0,7.2,1.0,15,129.44,11.44,0.0,10.14,234131.23,10.14,130.74,46.96,-30.29,48.0
2026-07-27 02:00:00,-54.84,0.0,8.77,1.0,15,130.26,11.86,0.0,26.29,234088.76,26.29,115.83,42.46,-29.05,44.9
2026-07-27 03:00:00,-54.95,0.0,7.09,1.0,15,129.7,13.46,0.0,9.35,234041.15,9.35,133.8,47.62,-27.11,46.5
2026-07-27 04:00:00,-55.59,0.0,7.74,1.0,15,132.98,14.87,0.0,14.64,233993.5,14.64,133.21,47.64,-24.63,49.9
2026-07-27 05:00:00,-56.83,0.0,7.14,1.0,15,138.33,12.18,0.0,9.73,233943.33,9.73,140.78,50.17,-21.79,37.7
2026-07-27 06:00:00,-57.66,0.0,6.69,1.0,15,134.87,17.57,0.0,6.9,233891.56,6.9,145.54,51.78,-18.82,32.7
2026-07-27 07:00:00,-58.38,0.0,11.08,1.0,15,137.93,14.33,0.0,72.34,233858.26,72.34,79.92,33.29,-15.89,46.1
2026-07-27 08:00:00,-57.41,0.0,11.43,1.0,15,134.27,24.3,0.0,82.08,233826.24,82.08,76.49,32.02,-13.2,45.2
2026-07-27 09:00:00,-57.21,0.0,12.13,1.0,15,134.7,18.08,0.0,100.0,233801.03,100.0,52.79,25.21,-10.92,47.6
2026-07-27 10:00:00,-56.85,0.0,11.4,1.0,15,132.39,22.99,0.0,81.37,233769.89,81.37,74.02,31.15,-9.18,50.7
2026-07-27 11:00:00,-58.07,0.0,12.35,1.0,15,134.78,19.16,0.0,100.0,233744.09,100.0,53.95,25.8,-8.09,35.6
2026-07-27 12:00:00,-58.67,0.0,11.84,1.0,15,134.19,24.8,0.0,94.9,233715.22,94.9,64.09,28.87,-7.72,45.7
2026-07-27 13:00:00,-58.03,0.0,13.47,1.0,15,138.07,19.42,0.0,100.0,233688.43,100.0,57.49,26.79,-8.09,40.2
2026-07-27 14:00:00,-57.79,0.0,11.35,1.0,15,136.7,20.24,0.0,79.79,233656.1,79.79,77.15,32.33,-9.18,46.5
2026-07-27 15:00:00,-57.85,0.0,10.93,1.0,15,135.23,18.96,0.0,68.43,233621.31,68.43,85.76,34.8,-10.92,50.8
2026-07-27 16:00:00,-57.51,0.0,11.01,1.0,15,131.89,17.86,0.0,70.58,233588.49,70.58,79.17,32.82,-13.2,42.0
2026-07-27 17:00:00,-56.57,0.0,9.98,1.0,15,132.3,13.26,0.0,46.66,233550.33,46.66,98.9,38.16,-15.89,38.8
2026-07-27 18:00:00,-56.8,0.0,11.41,1.0,15,135.16,14.32,0.0,81.53,233520.93,81.53,67.95,29.41,-18.82,35.6
2026-07-27 19:00:00,-56.87,0.0,13.91,1.0,15,138.53,16.39,0.0,100.0,233495.22,100.0,54.92,25.71,-21.79,31.1
2026-07-27 20:00:00,-56.88,0.0,12.4,1.0,15,133.34,15.89,0.0,100.0,233471.12,100.0,49.23,24.1,-24.63,49.6
2026-07-27 21:00:00,-55.58,0.0,10.96,1.0,15,133.85,9.91,0.0,69.23,233440.21,69.23,74.53,30.92,-27.11,50.9
2026-07-27 22:00:00,-57.02,0.0,10.21,1.0,15,133.76,10.94,0.0,51.5,233403.54,51.5,93.2,36.67,-29.05,47.3
2026-07-27 23:00:00,-56.74,0.0,11.37,1.0,15,135.76,12.66,0.0,80.43,233374.14,80.43,67.99,29.4,-30.29,40.9
2026-07-28 00:00:00,-56.84,0.0,11.14,1.0,15,128.51,13.14,0.0,74.02,233344.81,74.02,67.63,29.33,-30.48,46.3
2026-07-28 01:00:00,-56.6,0.0,8.62,1.0,15,130.83,14.05,0.0,24.32,233300.47,24.32,120.57,44.34,-30.06,44.1
2026-07-28 02:00:00,-57.07,0.0,8.79,1.0,15,134.14,16.03,0.0,26.57,233255.12,26.57,123.6,45.35,-28.82,36.4
2026-07-28 03:00:00,-57.13,0.0,6.69,1.0,15,130.87,14.33,0.0,6.88,233205.56,6.88,138.32,49.56,-26.88,47.9
2026-07-28 04:00:00,-56.69,0.0,8.4,1.0,15,133.81,11.24,0.0,21.62,233160.38,21.62,123.43,45.18,-24.4,45.0
2026-07-28 05:00:00,-54.78,0.0,7.89,1.0,15,130.0,17.42,0.0,16.08,233113.51,16.08,131.34,46.86,-21.57,47.6
2026-07-28 06:00:00,-54.26,0.0,8.02,1.0,15,125.56,19.44,0.0,17.38,233067.86,17.38,127.63,45.65,-18.59,45.9
2026-07-28 07:00:00,-54.71,0.0,9.47,1.0,15,125.86,12.92,0.0,37.08,233029.46,37.08,101.71,38.4,-15.66,44.6
2026-07-28 08:00:00,-54.89,0.0,7.43,1.0,15,130.81,20.16,0.0,11.95,232980.38,11.95,139.02,49.09,-12.97,45.6
2026-07-28 09:00:00,-55.07,0.0,6.57,1.0,15,127.83,23.63,0.0,6.23,232929.47,6.23,145.22,50.91,-10.69,42.3
2026-07-28 10:00:00,-56.05,0.0,6.82,1.0,15,130.87,18.45,0.0,7.66,232879.28,7.66,141.66,50.19,-8.95,46.0
2026-07-28 11:00:00,-56.14,0.0,6.42,1.0,15,133.41,22.94,0.0,5.46,232826.44,5.46,150.88,52.84,-7.86,52.7
2026-07-28 12:00:00,-55.61,0.0,6.51,1.0,15,131.01,18.9,0.0,5.92,232775.72,5.92,143.99,50.72,-7.48,45.6
2026-07-28 13:00:00,-56.31,0.0,11.93,1.0,15,131.36,19.96,0.0,97.83,232750.58,97.83,53.48,25.14,-7.86,48.3
2026-07-28 14:00:00,-55.64,0.0,12.42,1.0,15,127.9,17.75,0.0,100.0,232727.88,100.0,45.66,22.7,-8.95,37.4
2026-07-28 15:00:00,-55.35,0.0,13.18,1.0,15,134.09,21.55,0.0,100.0,232702.42,100.0,55.64,25.46,-10.69,47.6
2026-07-28 16:00:00,-55.83,0.0,14.29,1.0,15,133.31,21.05,0.0,100.0,232677.18,100.0,54.35,25.24,-12.97,45.7
2026-07-28 17:00:00,-55.99,0.0,12.14,1.0,15,130.36,18.92,0.0,100.0,232653.34,100.0,49.28,23.84,-15.66,48.4
2026-07-28 18:00:00,-55.12,0.0,10.46,1.0,15,128.45,18.28,0.0,56.91,232618.2,56.91,89.82,35.13,-18.59,41.5
2026-07-28 19:00:00,-54.81,0.0,9.03,1.0,15,128.72,17.51,0.0,30.04,232575.64,30.04,116.2,42.56,-21.57,48.8
2026-07-28 20:00:00,-54.97,0.0,10.37,1.0,15,128.05,18.33,0.0,54.94,232540.09,54.94,91.44,35.55,-24.4,40.2
2026-07-28 21:00:00,-55.28,0.0,10.57,1.0,15,130.04,11.59,0.0,59.46,232507.09,59.46,82.17,33.0,-26.88,49.2
2026-07-28 22:00:00,-55.41,0.0,9.11,1.0,15,133.34,8.0,0.0,31.35,232466.12,31.35,109.99,40.97,-28.82,49.5
2026-07-28 23:00:00,-55.88,0.0,8.57,1.0,15,133.83,11.67,0.0,23.7,232421.64,23.7,121.81,44.48,-30.06,37.6
2026-07-29 00:00:00,-57.18,0.0,8.63,1.0,15,135.85,11.7,0.0,24.43,232376.39,24.43,123.12,45.25,-30.24,43.9
2026-07-29 01:00:00,-56.04,0.0,8.74,1.0,15,129.01,15.36,0.0,25.97,232332.84,25.97,118.41,43.56,-29.82,41.9
2026-07-29 02:00:00,-56.03,0.0,10.6,1.0,15,129.56,8.0,0.0,60.19,232300.98,60.19,77.37,31.86,-28.58,45.4
2026-07-29 03:00:00,-55.83,0.0,9.64,1.0,15,133.66,14.13,0.0,40.21,232260.57,40.21,107.58,40.41,-26.64,43.3
2026-07-29 04:00:00,-55.88,0.0,11.43,1.0,15,132.6,18.28,0.0,82.11,232231.2,82.11,68.77,29.36,-24.16,42.0
2026-07-29 05:00:00,-56.3,0.0,10.44,1.0,15,131.31,15.38,0.0,56.53,232195.62,56.53,90.15,35.58,-21.33,39.9
2026-07-29 06:00:00,-56.35,0.0,10.92,1.0,15,133.91,18.21,0.0,68.16,232161.79,68.16,83.96,33.83,-18.35,49.9
2026-07-29 07:00:00,-57.23,0.0,12.58,1.0,15,134.82,15.54,0.0,100.0,232137.27,100.0,50.35,24.52,-15.43,38.4
2026-07-29 08:00:00,-55.73,0.0,13.52,1.0,15,128.01,20.91,0.0,100.0,232113.6,100.0,48.93,23.66,-12.74,40.5
2026-07-29 09:00:00,-56.37,0.0,10.4,1.0,15,127.4,19.41,0.0,55.6,232077.7,55.6,91.22,35.91,-10.45,36.4
2026-07-29 10:00:00,-56.87,0.0,8.88,1.0,15,133.12,18.7,0.0,27.87,232032.31,27.87,123.95,45.39,-8.71,46.6
2026-07-29 11:00:00,-57.02,0.0,8.74,1.0,15,128.62,21.02,0.0,25.98,231986.96,25.98,123.66,45.35,-7.62,47.4
2026-07-29 12:00:00,-56.13,0.0,8.49,1.0,15,134.41,23.52,0.0,22.71,231938.58,22.71,135.22,48.38,-7.24,44.9
2026-07-29 13:00:00,-56.05,0.0,9.07,1.0,15,133.0,20.52,0.0,30.63,231893.74,30.63,122.89,44.84,-7.62,39.1
2026-07-29 14:00:00,-56.76,0.0,11.46,1.0,15,132.16,19.9,0.0,83.05,231864.05,83.05,69.01,29.7,-8.71,33.9
2026-07-29 15:00:00,-55.98,0.0,9.24,1.0,15,129.06,19.54,0.0,33.28,231821.39,33.28,115.32,42.66,-10.45,45.8
2026-07-29 16:00:00,-55.57,0.0,8.91,1.0,15,129.08,19.56,0.0,28.36,231777.44,28.36,120.28,43.95,-12.74,47.8
2026-07-29 17:00:00,-55.32,0.0,7.76,1.0,15,124.08,18.29,0.0,14.83,231731.49,14.83,127.54,45.94,-15.43,41.0
2026-07-29 18:00:00,-54.99,0.0,9.95,1.0,15,133.31,17.09,0.0,46.01,231692.25,46.01,104.38,39.25,-18.35,44.1
2026-07-29 19:00:00,-53.69,0.0,12.45,1.0,15,128.64,11.68,0.0,100.0,231671.65,100.0,40.32,20.6,-21.33,36.9
2026-07-29 20:00:00,-52.54,0.0,11.3,1.0,15,126.05,13.81,0.0,78.43,231645.38,78.43,61.42,26.27,-24.16,41.6
2026-07-29 21:00:00,-53.16,0.0,9.08,1.0,15,131.44,17.11,0.0,30.86,231602.89,30.86,117.69,42.49,-26.64,47.1
2026-07-29 22:00:00,-52.38,0.0,10.15,1.0,15,124.11,14.63,0.0,50.1,231568.91,50.1,88.64,33.98,-28.58,45.2
2026-07-29 23:00:00,-52.35,0.0,10.48,1.0,15,125.7,16.52,0.0,57.51,231536.06,57.51,84.71,32.85,-29.82,46.7
2026-07-30 00:00:00,-52.13,0.0,9.47,1.0,15,124.27,14.14,0.0,37.19,231498.58,37.19,101.22,37.49,-30.0,51.6
2026-07-30 01:00:00,-53.32,0.0,11.11,1.0,15,132.22,13.55,0.0,73.15,231468.88,73.15,72.62,29.69,-29.57,38.8
2026-07-30 02:00:00,-53.54,0.0,13.57,1.0,15,127.35,17.22,0.0,100.0,231447.12,100.0,44.57,21.77,-28.34,45.9
2026-07-30 03:00:00,-54.11,0.0,12.38,1.0,15,129.28,11.99,0.0,100.0,231426.12,100.0,41.27,21.0,-26.4,41.0
2026-07-30 04:00:00,-53.65,0.0,11.56,1.0,15,131.72,12.76,0.0,85.99,231400.35,85.99,58.49,25.77,-23.92,43.9
2026-07-30 05:00:00,-53.01,0.0,10.04,1.0,15,129.55,20.54,0.0,47.89,231362.32,47.89,102.2,38.03,-21.09,46.7
2026-07-30 06:00:00,-54.25,0.0,12.04,1.0,15,125.51,19.21,0.0,100.0,231340.3,100.0,44.73,22.02,-18.12,38.0
2026-07-30 07:00:00,-54.21,0.0,13.49,1.0,15,128.33,16.82,0.0,100.0,231318.17,100.0,45.15,22.13,-15.19,41.1
2026-07-30 08:00:00,-53.45,0.0,14.5,1.0,15,127.7,16.85,0.0,100.0,231296.44,100.0,44.54,21.73,-12.5,42.8
2026-07-30 09:00:00,-53.49,0.0,14.59,1.0,15,128.26,16.59,0.0,100.0,231274.61,100.0,44.85,21.83,-10.21,46.9
2026-07-30 10:00:00,-52.97,0.0,15.73,1.0,15,127.79,19.44,0.0,100.0,231252.26,100.0,47.23,22.35,-8.46,50.8
2026-07-30 11:00:00,-52.69,0.0,16.47,1.0,15,124.68,23.61,0.0,100.0,231229.69,100.0,48.29,22.57,-7.37,37.1
2026-07-30 12:00:00,-52.44,0.0,18.25,1.0,15,129.64,14.48,0.0,100.0,231208.38,100.0,44.12,21.31,-7.0,42.3
2026-07-30 13:00:00,-52.59,0.0,19.64,1.0,15,127.49,24.13,0.0,100.0,231184.9,100.0,51.62,23.49,-7.37,44.8
2026-07-30 14:00:00,-53.33,0.0,20.46,1.0,15,129.1,22.52,0.0,100.0,231161.19,100.0,51.62,23.71,-8.46,44.2
2026-07-30 15:00:00,-54.04,0.0,19.96,1.0,15,131.79,16.58,0.0,100.0,231138.19,100.0,48.37,23.0,-10.21,46.5
2026-07-30 16:00:00,-53.67,0.0,19.3,1.0,15,128.8,18.93,0.0,100.0,231115.48,100.0,47.73,22.7,-12.5,38.5
2026-07-30 17:00:00,-53.76,0.0,20.07,1.0,15,127.87,16.15,0.0,100.0,231093.81,100.0,44.01,21.67,-15.19,43.7
2026-07-30 18:00:00,-53.97,0.0,18.5,1.0,15,127.86,13.79,0.0,100.0,231072.75,100.0,41.65,21.06,-18.12,42.5
2026-07-30 19:00:00,-54.38,0.0,20.48,1.0,15,128.79,16.21,0.0,100.0,231050.61,100.0,45.0,22.14,-21.09,47.8
2026-07-30 20:00:00,-54.73,0.0,17.39,1.0,15,129.48,15.87,0.0,100.0,231028.27,100.0,45.34,22.34,-23.92,44.3
2026-07-30 21:00:00,-54.27,0.0,15.28,1.0,15,124.91,15.63,0.0,100.0,231007.44,100.0,40.54,20.83,-26.4,42.1
2026-07-30 22:00:00,-54.65,0.0,10.76,1.0,15,128.34,8.0,0.0,64.2,230977.48,64.2,72.14,29.96,-28.34,50.1
2026-07-30 23:00:00,-55.63,0.0,9.25,1.0,15,128.82,11.57,0.0,33.55,230937.34,33.55,106.85,40.14,-29.57,40.6
2026-07-31 00:00:00,-55.2,0.0,10.67,1.0,15,126.1,14.76,0.0,62.01,230905.31,62.01,78.86,32.03,-29.75,39.6
2026-07-31 01:00:00,-55.44,0.0,12.57,1.0,15,131.28,15.81,0.0,100.0,230882.25,100.0,47.09,23.05,-29.32,46.4
2026-07-31 02:00:00,-55.51,0.0,16.05,1.0,15,132.01,13.66,0.0,100.0,230859.58,100.0,45.67,22.67,-28.09,41.0
2026-07-31 03:00:00,-54.59,0.0,13.19,1.0,15,127.71,16.56,0.0,100.0,230837.59,100.0,44.28,22.0,-26.15,44.4
2026-07-31 04:00:00,-54.63,0.0,12.18,1.0,15,129.06,14.84,0.0,100.0,230815.69,100.0,43.89,21.9,-23.67,52.7
2026-07-31 05:00:00,-54.45,0.0,11.01,1.0,15,130.63,16.92,0.0,70.44,230784.38,70.44,77.11,31.31,-20.85,41.7
2026-07-31 06:00:00,-55.12,0.0,10.57,1.0,15,129.77,13.99,0.0,59.55,230750.84,59.55,84.22,33.54,-17.87,38.8
2026-07-31 07:00:00,-55.18,0.0,8.81,1.0,15,130.23,19.84,0.0,26.85,230706.17,26.85,123.22,44.67,-14.94,42.5
2026-07-31 08:00:00,-54.72,0.0,10.39,1.0,15,129.28,14.83,0.0,55.33,230671.45,55.33,88.78,34.72,-12.25,42.4
2026-07-31 09:00:00,-55.56,0.0,11.97,1.0,15,132.44,16.61,0.0,99.04,230647.53,99.04,50.01,23.92,-9.96,47.2
2026-07-31 10:00:00,-55.33,0.0,10.86,1.0,15,130.72,18.09,0.0,66.57,230614.49,66.57,82.25,33.04,-8.22,36.7
2026-07-31 11:00:00,-55.16,0.0,9.48,1.0,15,129.79,25.88,0.0,37.35,230571.22,37.35,118.32,43.27,-7.12,57.1
2026-07-31 12:00:00,-55.06,0.0,7.96,1.0,15,129.29,19.93,0.0,16.69,230523.93,16.69,132.53,47.29,-6.75,40.1
2026-07-31 13:00:00,-54.37,0.0,8.86,1.0,15,127.43,22.19,0.0,27.61,230479.85,27.61,122.01,44.08,-7.12,46.8
2026-07-31 14:00:00,-54.15,0.0,8.17,1.0,15,130.25,22.08,0.0,18.91,230432.58,18.91,133.42,47.27,-8.22,49.1
2026-07-31 15:00:00,-53.28,0.0,10.38,1.0,15,128.83,21.27,0.0,55.21,230396.55,55.21,94.88,36.03,-9.96,46.0
2026-07-31 16:00:00,-53.95,0.0,10.54,1.0,15,128.6,15.71,0.0,58.83,230363.01,58.83,85.49,33.55,-12.25,47.6
2026-07-31 17:00:00,-53.96,0.0,10.55,1.0,15,130.7,18.77,0.0,59.05,230328.05,59.05,90.42,34.96,-14.94,44.9
2026-07-31 18:00:00,-54.03,0.0,10.23,1.0,15,128.77,13.59,0.0,51.82,230293.04,51.82,90.54,35.01,-17.87,47.6
2026-07-31 19:00:00,-54.82,0.0,7.97,1.0,15,130.69,10.41,0.0,16.87,230248.18,16.87,124.23,44.85,-20.85,41.8
2026-07-31 20:00:00,-54.4,0.0,10.5,1.0,15,128.07,19.35,0.0,57.88,230213.35,57.88,89.54,34.84,-23.67,40.9
2026-07-31 21:00:00,-53.17,0.0,10.45,1.0,15,130.06,12.57,0.0,56.75,230179.92,56.75,85.89,33.43,-26.15,36.2
2026-07-31 22:00:00,-53.38,0.0,14.05,1.0,15,128.1,12.31,0.0,100.0,230159.39,100.0,40.4,20.53,-28.09,47.1
2026-07-31 23:00:00,-53.26,0.0,12.65,1.0,15,128.4,16.1,0.0,100.0,230137.72,100.0,44.51,21.66,-29.32,43.3
2026-08-01 00:00:00,-53.26,0.0,12.33,1.0,15,127.69,15.42,0.0,100.0,230116.46,100.0,43.12,21.26,-29.49,46.9
2026-08-01 01:00:00,-53.83,0.0,9.54,1.0,15,128.62,11.18,0.0,38.46,230078.42,38.46,101.35,38.03,-29.07,43.0
2026-08-01 02:00:00,-55.04,0.0,9.78,1.0,15,130.88,13.98,0.0,42.82,230039.83,42.82,102.05,38.59,-27.83,49.9
2026-08-01 03:00:00,-55.52,0.0,10.54,1.0,15,126.54,15.09,0.0,58.82,230006.58,58.82,82.8,33.25,-25.9,42.5
2026-08-01 04:00:00,-56.37,0.0,11.15,1.0,15,133.31,10.55,0.0,74.37,229976.86,74.37,69.49,29.72,-23.42,39.6
2026-08-01 05:00:00,-55.31,0.0,11.55,1.0,15,129.16,13.33,0.0,85.68,229951.07,85.68,56.82,25.79,-20.6,41.5
2026-08-01 06:00:00,-55.33,0.0,9.78,1.0,15,130.25,15.77,0.0,42.69,229912.03,42.69,103.33,39.05,-17.62,46.0
2026-08-01 07:00:00,-55.46,0.0,12.6,1.0,15,129.51,18.01,0.0,100.0,229888.84,100.0,47.53,23.18,-14.69,58.0
2026-08-01 08:00:00,-54.82,0.0,15.72,1.0,15,131.8,22.95,0.0,100.0,229863.79,100.0,54.75,25.05,-12.0,50.7
2026-08-01 09:00:00,-55.4,0.0,12.09,1.0,15,129.12,17.91,0.0,100.0,229840.77,100.0,47.04,23.02,-9.71,37.4
2026-08-01 10:00:00,-55.75,0.0,13.5,1.0,15,130.76,25.11,0.0,100.0,229815.12,100.0,55.87,25.65,-7.96,44.4
2026-08-01 11:00:00,-55.6,0.0,11.4,1.0,15,129.75,22.56,0.0,81.26,229785.2,81.26,71.05,29.93,-6.87,39.4
2026-08-01 12:00:00,-54.88,0.0,11.34,1.0,15,128.44,16.47,0.0,79.67,229757.14,79.67,65.23,28.06,-6.49,41.9
2026-08-01 13:00:00,-54.52,0.0,10.03,1.0,15,127.9,22.12,0.0,47.64,229718.6,47.64,102.38,38.53,-6.87,42.6
2026-08-01 14:00:00,-54.35,0.0,12.58,1.0,15,126.51,25.05,0.0,100.0,229694.6,100.0,51.56,24.0,-7.96,43.8
2026-08-01 15:00:00,-54.32,0.0,9.98,1.0,15,127.95,19.4,0.0,46.72,229656.63,46.72,100.63,37.98,-9.71,48.7
2026-08-01 16:00:00,-54.13,0.0,9.6,1.0,15,129.32,16.84,0.0,39.52,229617.0,39.52,106.64,39.63,-12.0,43.1
2026-08-01 17:00:00,-54.09,0.0,9.09,1.0,15,126.84,16.26,0.0,31.04,229575.83,31.04,112.06,41.16,-14.69,45.3
2026-08-01 18:00:00,-54.84,0.0,8.38,1.0,15,130.27,18.28,0.0,21.37,229530.14,21.37,127.18,45.7,-17.62,43.8
2026-08-01 19:00:00,-54.94,0.0,9.01,1.0,15,131.33,11.5,0.0,29.73,229488.42,29.73,113.1,41.72,-20.6,40.3
2026-08-01 20:00:00,-55.75,0.0,7.57,1.0,15,131.1,19.85,0.0,13.11,229439.41,13.11,137.84,49.01,-23.42,40.5
2026-08-01 21:00:00,-55.85,0.0,8.73,1.0,15,128.95,16.96,0.0,25.83,229395.43,25.83,120.08,43.98,-25.9,40.1
2026-08-01 22:00:00,-56.29,0.0,12.03,1.0,15,128.38,15.31,0.0,100.0,229373.09,100.0,43.69,22.34,-27.83,46.1
2026-08-01 23:00:00,-54.9,0.0,12.36,1.0,15,131.87,9.76,0.0,100.0,229351.76,100.0,41.63,21.34,-29.07,42.0
2026-08-02 00:00:00,-54.93,0.0,12.96,1.0,15,133.54,17.65,0.0,100.0,229327.69,100.0,51.19,24.07,-29.23,52.6
2026-08-02 01:00:00,-55.9,0.0,11.25,1.0,15,134.75,17.07,0.0,77.16,229296.64,77.16,74.65,31.05,-28.81,39.2
2026-08-02 02:00:00,-56.06,0.0,9.92,1.0,15,132.55,17.64,0.0,45.46,229256.98,45.46,104.72,39.66,-27.58,39.0
2026-08-02 03:00:00,-55.78,0.0,9.63,1.0,15,132.14,14.69,0.0,39.93,229216.78,39.93,106.9,40.2,-25.64,37.8
2026-08-02 04:00:00,-54.77,0.0,9.81,1.0,15,129.42,14.75,0.0,43.25,229178.58,43.25,100.93,38.2,-23.17,43.4
2026-08-02 05:00:00,-55.12,0.0,14.82,1.0,15,129.91,16.61,0.0,100.0,229155.79,100.0,46.52,22.79,-20.34,41.0
2026-08-02 06:00:00,-56.02,0.0,15.06,1.0,15,130.23,18.42,0.0,100.0,229132.12,100.0,48.65,23.67,-17.37,41.2
2026-08-02 07:00:00,-55.44,0.0,18.84,1.0,15,129.07,22.0,0.0,100.0,229107.93,100.0,51.07,24.19,-14.44,48.5
2026-08-02 08:00:00,-56.17,0.0,18.15,1.0,15,127.95,15.16,0.0,100.0,229085.79,100.0,43.1,22.14,-11.74,42.0
2026-08-02 09:00:00,-56.31,0.0,20.67,1.0,15,133.82,20.87,0.0,100.0,229060.31,100.0,54.69,25.48,-9.45,40.9
2026-08-02 10:00:00,-56.34,0.0,19.71,1.0,15,133.54,22.42,0.0,100.0,229034.46,100.0,55.96,25.85,-7.7,44.2
2026-08-02 11:00:00,-56.26,0.0,18.16,1.0,15,131.37,24.48,0.0,100.0,229008.67,100.0,55.85,25.79,-6.61,43.7
2026-08-02 12:00:00,-55.74,0.0,19.4,1.0,15,134.16,20.6,0.0,100.0,228983.34,100.0,54.76,25.33,-6.23,47.0
2026-08-02 13:00:00,-56.08,0.0,18.17,1.0,15,136.84,21.61,0.0,100.0,228956.86,100.0,58.45,26.48,-6.61,47.1
2026-08-02 14:00:00,-56.2,0.0,18.28,1.0,15,128.83,20.55,0.0,100.0,228932.92,100.0,49.39,23.94,-7.7,45.1
2026-08-02 15:00:00,-56.19,0.0,17.05,1.0,15,133.35,21.09,0.0,100.0,228907.55,100.0,54.44,25.37,-9.45,47.5
2026-08-02 16:00:00,-56.12,0.0,13.8,1.0,15,131.94,17.56,0.0,100.0,228883.6,100.0,49.51,23.95,-11.74,39.5
2026-08-02 17:00:00,-56.12,0.0,14.5,1.0,15,135.53,20.13,0.0,100.0,228857.91,100.0,55.66,25.7,-14.44,42.3
2026-08-02 18:00:00,-55.94,0.0,11.77,1.0,15,130.57,18.2,0.0,92.4,228832.06,92.4,56.36,25.85,-17.37,43.7
2026-08-02 19:00:00,-55.55,0.0,10.19,1.0,15,133.44,11.5,0.0,51.04,228795.63,51.04,93.9,36.43,-20.34,43.8
2026-08-02 20:00:00,-55.46,0.0,9.77,1.0,15,132.47,11.25,0.0,42.48,228757.14,42.48,101.25,38.49,-23.17,58.8
2026-08-02 21:00:00,-55.34,0.0,9.84,1.0,15,133.31,13.28,0.0,43.8,228718.24,43.8,102.79,38.9,-25.64,49.0
2026-08-02 22:00:00,-56.45,0.0,8.83,1.0,15,130.91,22.67,0.0,27.17,228672.28,27.17,126.41,45.96,-27.58,48.0
2026-08-02 23:00:00,-56.56,0.0,7.74,1.0,15,131.81,12.57,0.0,14.57,228625.32,14.57,129.81,46.96,-28.81,41.1
2026-08-03 00:00:00,-56.24,0.0,8.16,1.0,15,133.34,10.34,0.0,18.82,228579.86,18.82,124.86,45.46,-28.97,42.5
2026-08-03 01:00:00,-55.9,0.0,8.1,1.0,15,134.13,11.27,0.0,18.22,228533.84,18.22,127.19,46.02,-28.54,46.9
2026-08-03 02:00:00,-56.39,0.0,7.89,1.0,15,132.89,14.92,0.0,16.05,228486.37,16.05,131.75,47.47,-27.31,50.2
2026-08-03 03:00:00,-56.82,0.0,8.77,1.0,15,128.89,18.61,0.0,26.32,228441.79,26.32,121.18,44.58,-25.38,38.1
2026-08-03 04:00:00,-57.15,0.0,9.47,1.0,15,136.2,12.8,0.0,37.15,228399.76,37.15,111.86,42.02,-22.91,39.8
2026-08-03 05:00:00,-56.78,0.0,7.43,1.0,15,135.86,16.4,0.0,11.94,228349.74,11.94,140.32,50.02,-20.08,41.4
2026-08-03 06:00:00,-56.08,0.0,7.24,1.0,15,130.71,15.36,0.0,10.44,228301.26,10.44,135.63,48.48,-17.1,44.2
2026-08-03 07:00:00,-56.23,0.0,7.35,1.0,15,134.03,20.04,0.0,11.27,228250.69,11.27,142.8,50.57,-14.18,46.7
2026-08-03 08:00:00,-55.57,0.0,6.22,1.0,15,132.21,17.61,0.0,4.59,228199.63,4.59,145.23,51.06,-11.48,46.9
2026-08-03 09:00:00,-55.38,0.0,6.01,1.0,15,128.87,22.48,0.0,3.74,228147.95,3.74,147.62,51.68,-9.19,45.7
2026-08-03 10:00:00,-55.33,0.0,5.0,1.0,15,132.72,12.95,0.0,1.1,228097.15,1.1,144.57,50.8,-7.44,39.7
2026-08-03 11:00:00,-55.35,0.0,10.44,1.0,15,130.7,23.19,0.0,56.43,228059.76,56.43,97.46,37.38,-6.34,42.6
2026-08-03 12:00:00,-54.81,0.0,10.87,1.0,15,126.97,20.65,0.0,66.87,228027.31,66.87,80.75,32.46,-5.97,37.2
2026-08-03 13:00:00,-54.55,0.0,8.69,1.0,15,131.54,22.79,0.0,25.25,227981.15,25.25,129.08,46.15,-6.34,49.0
2026-08-03 14:00:00,-53.15,0.0,6.65,1.0,15,132.04,20.45,0.0,6.68,227930.65,6.68,145.81,50.5,-7.44,45.3
2026-08-03 15:00:00,-53.7,0.0,8.09,1.0,15,123.16,16.18,0.0,18.04,227886.97,18.04,121.3,43.68,-9.19,38.9
2026-08-03 16:00:00,-53.44,0.0,8.05,1.0,15,128.5,19.39,0.0,17.63,227840.81,17.63,130.26,46.16,-11.48,56.7
2026-08-03 17:00:00,-53.85,0.0,9.42,1.0,15,129.06,20.12,0.0,36.25,227799.47,36.25,112.93,41.34,-14.18,31.9
2026-08-03 18:00:00,-54.5,0.0,11.43,1.0,15,126.93,17.3,0.0,82.14,227772.43,82.14,62.09,27.04,-17.1,43.8
2026-08-03 19:00:00,-54.64,0.0,11.0,1.0,15,131.95,11.02,0.0,70.34,227742.34,70.34,72.63,30.09,-20.08,50.6
2026-08-03 20:00:00,-54.71,0.0,9.24,1.0,15,127.4,14.92,0.0,33.28,227701.85,33.28,109.04,40.49,-22.91,41.5
2026-08-03 21:00:00,-53.11,0.0,10.24,1.0,15,127.51,14.87,0.0,52.1,227667.18,52.1,90.28,34.66,-25.38,46.0
2026-08-03 22:00:00,-53.41,0.0,12.48,1.0,15,126.15,11.68,0.0,100.0,227647.38,100.0,37.83,19.81,-27.31,47.3
2026-08-03 23:00:00,-54.28,0.0,11.69,1.0,15,126.87,8.0,0.0,89.9,227625.28,89.9,44.97,22.1,-28.54,32.9
2026-08-04 00:00:00,-54.11,0.0,11.52,1.0,15,129.69,11.44,0.0,84.78,227599.99,84.78,56.35,25.29,-28.69,39.0
2026-08-04 01:00:00,-55.49,0.0,10.15,1.0,15,129.45,9.11,0.0,50.18,227565.15,50.18,88.38,34.84,-28.27,43.1
2026-08-04 02:00:00,-55.62,0.0,9.33,1.0,15,134.03,12.6,0.0,34.73,227523.57,34.73,111.9,41.58,-27.04,42.9
2026-08-04 03:00:00,-55.65,0.0,10.07,1.0,15,131.31,9.56,0.0,48.43,227487.53,48.43,92.44,36.04,-25.11,36.5
2026-08-04 04:00:00,-55.18,0.0,11.94,1.0,15,132.42,10.38,0.0,98.17,227465.26,98.17,44.62,22.27,-22.64,43.5
2026-08-04 05:00:00,-54.56,0.0,11.49,1.0,15,131.33,17.66,0.0,83.85,227437.33,83.85,65.14,27.93,-19.81,46.8
2026-08-04 06:00:00,-54.82,0.0,11.89,1.0,15,132.59,16.99,0.0,96.4,227412.72,96.4,53.18,24.6,-16.84,50.3
2026-08-04 07:00:00,-54.84,0.0,9.81,1.0,15,129.36,19.14,0.0,43.27,227373.28,43.27,105.23,39.44,-13.91,44.9
2026-08-04 08:00:00,-55.2,0.0,8.48,1.0,15,130.3,17.04,0.0,22.56,227328.16,22.56,124.77,45.12,-11.21,39.1
2026-08-04 09:00:00,-55.77,0.0,8.65,1.0,15,129.49,18.24,0.0,24.75,227283.38,24.75,122.98,44.78,-8.92,46.0
2026-08-04 10:00:00,-55.46,0.0,7.51,1.0,15,131.27,18.48,0.0,12.61,227234.66,12.61,137.14,48.72,-7.17,46.9
2026-08-04 11:00:00,-56.12,0.0,8.35,1.0,15,130.22,19.33,0.0,20.95,227188.17,20.95,128.6,46.49,-6.07,42.1
2026-08-04 12:00:00,-56.26,0.0,7.73,1.0,15,134.7,19.62,0.0,14.48,227138.44,14.48,139.84,49.73,-5.69,40.9
2026-08-04 13:00:00,-56.78,0.0,9.21,1.0,15,130.99,17.86,0.0,32.91,227095.36,32.91,115.95,43.08,-6.07,40.1
2026-08-04 14:00:00,-56.38,0.0,10.37,1.0,15,131.44,18.26,0.0,54.92,227058.43,54.92,94.78,36.93,-7.17,45.8
2026-08-04 15:00:00,-55.27,0.0,9.76,1.0,15,131.87,20.27,0.0,42.44,227017.58,42.44,109.7,40.85,-8.92,42.8
2026-08-04 16:00:00,-56.09,0.0,8.33,1.0,15,133.05,15.75,0.0,20.71,226971.25,20.71,128.08,46.33,-11.21,44.6
2026-08-04 17:00:00,-57.26,0.0,8.97,1.0,15,131.24,18.65,0.0,29.22,226926.68,29.22,120.67,44.57,-13.91,38.3
2026-08-04 18:00:00,-57.4,0.0,12.87,1.0,15,132.65,11.79,0.0,100.0,226903.8,100.0,44.44,22.89,-16.84,42.3
2026-08-04 19:00:00,-57.48,0.0,12.12,1.0,15,133.42,16.25,0.0,100.0,226879.4,100.0,49.67,24.4,-19.81,36.4
2026-08-04 20:00:00,-57.46,0.0,9.25,1.0,15,133.69,14.02,0.0,33.48,226836.6,33.48,114.24,42.8,-22.64,39.0
2026-08-04 21:00:00,-57.85,0.0,7.02,1.0,15,135.1,14.28,0.0,8.9,226786.21,8.9,140.49,50.39,-25.11,41.8
2026-08-04 22:00:00,-58.09,0.0,6.88,1.0,15,136.7,13.87,0.0,8.0,226735.15,8.0,142.56,51.06,-27.04,37.7
2026-08-04 23:00:00,-57.97,0.0,6.32,1.0,15,134.55,9.83,0.0,5.04,226685.04,5.04,139.34,50.1,-28.27,39.5
2026-08-05 00:00:00,-57.28,0.0,8.34,1.0,15,133.99,13.07,0.0,20.83,226638.89,20.83,126.22,46.16,-28.42,45.8
2026-08-05 01:00:00,-58.54,0.0,9.97,1.0,15,134.01,9.51,0.0,46.51,226600.68,46.51,97.0,38.21,-28.0,39.6
2026-08-05 02:00:00,-58.79,0.0,8.77,1.0,15,139.42,11.67,0.0,26.36,226554.5,26.36,124.73,46.18,-26.77,39.1
2026-08-05 03:00:00,-58.65,0.0,8.15,1.0,15,136.81,16.13,0.0,18.72,226505.65,18.72,134.22,48.85,-24.84,36.6
2026-08-05 04:00:00,-59.16,0.0,7.39,1.0,15,136.07,11.3,0.0,11.57,226456.2,11.57,135.8,49.45,-22.37,38.0
2026-08-05 05:00:00,-58.03,0.0,9.81,1.0,15,137.65,15.17,0.0,43.4,226414.61,43.4,109.41,41.59,-19.54,41.4
2026-08-05 06:00:00,-58.31,0.0,9.5,1.0,15,136.2,14.07,0.0,37.69,226372.03,37.69,112.58,42.58,-16.57,44.4
2026-08-05 07:00:00,-58.2,0.0,9.85,1.0,15,135.7,18.58,0.0,44.08,226330.16,44.08,110.2,41.87,-13.64,33.7
2026-08-05 08:00:00,-57.72,0.0,9.23,1.0,15,134.48,21.52,0.0,33.11,226284.82,33.11,122.89,45.34,-10.94,45.7
2026-08-05 09:00:00,-57.92,0.0,9.55,1.0,15,137.02,18.28,0.0,38.6,226241.19,38.6,116.69,43.64,-8.64,39.6
2026-08-05 10:00:00,-58.88,0.0,8.91,1.0,15,139.81,21.05,0.0,28.37,226192.76,28.37,132.49,48.42,-6.89,40.4
2026-08-05 11:00:00,-58.97,0.0,8.3,1.0,15,138.61,20.18,0.0,20.41,226142.63,20.41,138.38,50.13,-5.79,44.3
2026-08-05 12:00:00,-58.2,0.0,8.9,1.0,15,135.28,18.07,0.0,28.23,226096.51,28.23,125.12,46.12,-5.42,52.5
2026-08-05 13:00:00,-58.29,0.0,9.17,1.0,15,138.29,21.91,0.0,32.22,226049.55,32.22,127.99,46.96,-5.79,44.0
2026-08-05 14:00:00,-58.71,0.0,8.32,1.0,15,135.43,21.85,0.0,20.67,226000.0,20.67,136.61,49.55,-6.89,38.5
2026-08-05 15:00:00,-58.09,0.0,7.16,1.0,15,133.1,16.72,0.0,9.9,225949.69,9.9,139.92,50.31,-8.64,42.4
2026-08-05 16:00:00,-58.28,0.0,7.15,1.0,15,137.11,21.34,0.0,9.79,225896.84,9.79,148.66,52.85,-10.94,43.4
2026-08-05 17:00:00,-58.6,0.0,7.3,1.0,15,139.0,21.48,0.0,10.87,225843.62,10.87,149.61,53.22,-13.64,34.0
2026-08-05 18:00:00,-58.56,0.0,8.16,1.0,15,135.76,13.83,0.0,18.9,225795.81,18.9,130.69,47.81,-16.57,35.7
2026-08-05 19:00:00,-58.16,0.0,10.43,1.0,15,138.78,19.47,0.0,56.37,225756.33,56.37,101.88,39.48,-19.54,43.4
2026-08-05 20:00:00,-56.82,0.0,8.05,1.0,15,129.88,14.26,0.0,17.63,225710.22,17.63,126.52,46.1,-22.37,45.0
2026-08-05 21:00:00,-56.45,0.0,7.34,1.0,15,132.29,13.11,0.0,11.21,225662.04,11.21,134.19,48.18,-24.84,44.6
2026-08-05 22:00:00,-55.88,0.0,6.65,1.0,15,129.74,17.89,0.0,6.65,225612.1,6.65,140.99,49.95,-26.77,46.3
2026-08-05 23:00:00,-56.33,0.0,7.24,1.0,15,130.39,15.41,0.0,10.43,225563.62,10.43,135.37,48.48,-28.0,40.9
2026-08-06 00:00:00,-56.9,0.0,7.41,1.0,15,133.12,11.03,0.0,11.75,225515.82,11.75,132.4,47.8,-28.14,47.7
2026-08-06 01:00:00,-56.94,0.0,8.67,1.0,15,137.04,11.38,0.0,25.02,225470.56,25.02,123.4,45.25,-27.71,51.4
2026-08-06 02:00:00,-56.92,0.0,7.78,1.0,15,136.13,13.88,0.0,15.0,225422.01,15.0,135.01,48.55,-26.49,39.1
2026-08-06 03:00:00,-57.59,0.0,8.38,1.0,15,137.33,14.26,0.0,21.37,225374.62,21.37,130.23,47.39,-24.56,35.5
2026-08-06 04:00:00,-57.67,0.0,10.3,1.0,15,135.36,14.13,0.0,53.35,225336.92,53.35,96.14,37.7,-22.09,41.4
2026-08-06 05:00:00,-57.36,0.0,11.92,1.0,15,133.27,13.22,0.0,97.32,225312.7,97.32,49.18,24.22,-19.27,46.4
2026-08-06 06:00:00,-57.05,0.0,13.74,1.0,15,134.16,14.86,0.0,100.0,225288.61,100.0,49.02,24.08,-16.29,45.5
2026-08-06 07:00:00,-56.63,0.0,13.41,1.0,15,129.66,17.59,0.0,100.0,225265.16,100.0,47.25,23.45,-13.36,43.2
2026-08-06 08:00:00,-56.32,0.0,14.09,1.0,15,135.7,13.99,0.0,100.0,225241.1,100.0,49.69,24.06,-10.66,31.2
2026-08-06 09:00:00,-56.5,0.0,11.63,1.0,15,128.64,21.17,0.0,88.03,225213.54,88.03,61.79,27.56,-8.37,39.2
2026-08-06 10:00:00,-56.67,0.0,9.72,1.0,15,132.55,21.17,0.0,41.66,225171.6,41.66,112.06,41.94,-6.61,48.0
2026-08-06 11:00:00,-57.26,0.0,7.2,1.0,15,133.74,18.04,0.0,10.15,225121.06,10.15,141.63,50.54,-5.51,33.3
2026-08-06 12:00:00,-56.05,0.0,8.42,1.0,15,133.74,22.45,0.0,21.85,225072.95,21.85,134.35,48.1,-5.14,43.1
2026-08-06 13:00:00,-55.96,0.0,10.89,1.0,15,132.7,15.7,0.0,67.47,225040.1,67.47,80.93,32.85,-5.51,40.2
2026-08-06 14:00:00,-56.04,0.0,9.16,1.0,15,132.97,21.5,0.0,32.02,224995.39,32.02,122.45,44.71,-6.61,46.2
2026-08-06 15:00:00,-56.58,0.0,9.53,1.0,15,127.52,22.38,0.0,38.14,224953.57,38.14,111.75,41.82,-8.37,34.2
2026-08-06 16:00:00,-54.81,0.0,10.27,1.0,15,129.58,19.93,0.0,52.65,224916.52,52.65,96.86,37.05,-10.66,42.4
2026-08-06 17:00:00,-55.52,0.0,12.09,1.0,15,129.67,19.47,0.0,100.0,224892.86,100.0,49.14,23.66,-13.36,44.1
2026-08-06 18:00:00,-55.87,0.0,11.66,1.0,15,131.93,18.5,0.0,89.04,224865.6,89.04,61.39,27.26,-16.29,41.3
2026-08-06 19:00:00,-55.73,0.0,13.81,1.0,15,131.09,16.52,0.0,100.0,224842.32,100.0,47.61,23.29,-19.27,46.2
2026-08-06 20:00:00,-55.5,0.0,11.81,1.0,15,131.51,14.09,0.0,93.84,224817.92,93.84,51.76,24.4,-22.09,35.7
2026-08-06 21:00:00,-55.06,0.0,10.4,1.0,15,127.72,12.36,0.0,55.67,224784.34,55.67,84.41,33.58,-24.56,38.1
2026-08-06 22:00:00,-54.12,0.0,10.06,1.0,15,129.12,16.34,0.0,48.37,224747.44,48.37,97.08,36.91,-26.49,42.8
2026-08-06 23:00:00,-53.98,0.0,9.27,1.0,15,132.52,14.72,0.0,33.83,224705.92,33.83,113.41,41.51,-27.71,46.2
2026-08-07 00:00:00,-54.59,0.0,6.74,1.0,15,134.3,16.46,0.0,7.2,224655.63,7.2,143.56,50.29,-27.85,46.6
2026-08-07 01:00:00,-54.86,0.0,8.21,1.0,15,133.0,15.87,0.0,19.39,224609.27,19.39,129.48,46.36,-27.43,44.7
2026-08-07 02:00:00,-54.75,0.0,9.35,1.0,15,125.84,9.39,0.0,35.15,224571.32,35.15,100.07,37.95,-26.2,39.3
2026-08-07 03:00:00,-53.55,0.0,10.14,1.0,15,127.36,11.32,0.0,50.03,224536.99,50.03,88.65,34.33,-24.28,41.9
2026-08-07 04:00:00,-54.42,0.0,9.2,1.0,15,128.25,8.72,0.0,32.64,224497.93,32.64,104.34,39.06,-21.81,49.7
2026-08-07 05:00:00,-53.67,0.0,9.13,1.0,15,128.53,10.66,0.0,31.58,224458.16,31.58,107.62,39.77,-18.99,54.9
2026-08-07 06:00:00,-53.52,0.0,8.52,1.0,15,130.88,11.08,0.0,23.1,224415.23,23.1,118.86,42.93,-16.01,47.9
2026-08-07 07:00:00,-52.95,0.0,6.48,1.0,15,126.98,10.89,0.0,5.8,224368.7,5.8,132.06,46.52,-13.08,47.0
2026-08-07 08:00:00,-52.94,0.0,7.34,1.0,15,125.03,18.04,0.0,11.18,224322.23,11.18,131.89,46.47,-10.38,39.5
2026-08-07 09:00:00,-53.36,0.0,6.34,1.0,15,130.27,23.21,0.0,5.13,224270.95,5.13,148.34,51.28,-8.08,46.0
2026-08-07 10:00:00,-52.81,0.0,5.42,1.0,15,127.68,21.46,0.0,1.93,224220.15,1.93,147.21,50.8,-6.33,37.0
2026-08-07 11:00:00,-52.34,0.0,7.37,1.0,15,127.82,22.93,0.0,11.49,224171.75,11.49,139.27,48.39,-5.23,52.3
2026-08-07 12:00:00,-51.69,0.0,5.57,1.0,15,127.35,21.16,0.0,2.34,224121.59,2.34,146.17,50.17,-4.85,49.0
2026-08-07 13:00:00,-51.68,0.0,9.21,1.0,15,124.36,21.28,0.0,32.86,224080.94,32.86,112.78,40.65,-5.23,46.0
2026-08-07 14:00:00,-52.05,0.0,9.11,1.0,15,123.08,22.73,0.0,31.35,224039.71,31.35,114.46,41.23,-6.33,40.2
2026-08-07 15:00:00,-53.03,0.0,12.4,1.0,15,127.67,19.19,0.0,100.0,224017.45,100.0,46.86,22.26,-8.08,46.1
2026-08-07 16:00:00,-52.59,0.0,9.61,1.0,15,125.75,19.13,0.0,39.55,223978.65,39.55,105.33,38.79,-10.38,38.0
2026-08-07 17:00:00,-52.43,0.0,9.64,1.0,15,126.42,16.44,0.0,40.22,223940.67,40.22,102.65,37.98,-13.08,44.1
2026-08-07 18:00:00,-53.14,0.0,8.85,1.0,15,130.49,12.85,0.0,27.51,223898.71,27.51,115.83,41.95,-16.01,47.2
2026-08-07 19:00:00,-53.62,0.0,10.33,1.0,15,128.54,14.95,0.0,54.12,223864.16,54.12,89.38,34.56,-18.99,41.2
2026-08-07 20:00:00,-54.06,0.0,9.39,1.0,15,132.84,10.72,0.0,35.75,223824.21,35.75,107.81,39.94,-21.81,44.3
2026-08-07 21:00:00,-55.12,0.0,8.36,1.0,15,131.08,15.96,0.0,21.12,223778.79,21.12,125.92,45.42,-24.28,55.3
2026-08-07 22:00:00,-55.76,0.0,10.08,1.0,15,130.8,14.37,0.0,48.67,223741.56,48.67,96.5,37.23,-26.2,34.2
2026-08-07 23:00:00,-56.58,0.0,9.25,1.0,15,129.92,17.37,0.0,33.51,223699.16,33.51,113.78,42.4,-27.43,38.7
2026-08-08 00:00:00,-56.75,0.0,7.01,1.0,15,133.46,10.55,0.0,8.87,223650.62,8.87,135.14,48.54,-27.56,41.1
2026-08-08 01:00:00,-57.28,0.0,7.12,1.0,15,131.76,8.78,0.0,9.56,223603.11,9.56,130.98,47.51,-27.14,39.4
2026-08-08 02:00:00,-58.3,0.0,8.14,1.0,15,136.54,8.32,0.0,18.62,223556.64,18.62,126.24,46.47,-25.91,43.5
2026-08-08 03:00:00,-57.07,0.0,7.45,1.0,15,133.2,18.04,0.0,12.05,223506.85,12.05,139.2,49.79,-23.99,44.9
2026-08-08 04:00:00,-56.28,0.0,7.57,1.0,15,131.92,13.06,0.0,13.05,223459.37,13.05,131.92,47.48,-21.52,43.0
2026-08-08 05:00:00,-56.7,0.0,6.15,1.0,15,133.08,10.84,0.0,4.27,223409.56,4.27,139.64,49.81,-18.7,43.2
2026-08-08 06:00:00,-56.45,0.0,7.19,1.0,15,133.01,17.91,0.0,10.08,223359.48,10.08,140.84,50.07,-15.73,33.7
2026-08-08 07:00:00,-56.09,0.0,8.65,1.0,15,131.86,16.66,0.0,24.68,223314.36,24.68,123.84,45.12,-12.8,45.3
2026-08-08 08:00:00,-55.24,0.0,8.36,1.0,15,135.32,15.91,0.0,21.11,223267.71,21.11,130.13,46.66,-10.09,44.5
2026-08-08 09:00:00,-55.61,0.0,8.18,1.0,15,129.5,24.14,0.0,19.04,223219.66,19.04,134.6,48.05,-7.79,39.8
2026-08-08 10:00:00,-54.82,0.0,6.77,1.0,15,132.22,19.97,0.0,7.35,223168.93,7.35,144.85,50.73,-6.04,52.0
2026-08-08 11:00:00,-55.04,0.0,6.27,1.0,15,133.07,22.55,0.0,4.8,223116.44,4.8,150.82,52.5,-4.93,43.4
2026-08-08 12:00:00,-55.75,0.0,5.72,1.0,15,128.97,22.3,0.0,2.77,223064.39,2.77,148.5,52.05,-4.56,44.3
2026-08-08 13:00:00,-55.22,0.0,6.5,1.0,15,130.72,29.0,0.0,5.91,223010.99,5.91,153.81,53.4,-4.93,43.4
2026-08-08 14:00:00,-54.39,0.0,7.23,1.0,15,130.09,19.79,0.0,10.39,222961.91,10.39,139.5,49.08,-6.04,36.0
2026-08-08 15:00:00,-52.83,0.0,10.21,1.0,15,127.26,16.69,0.0,51.52,222926.72,51.52,92.43,35.19,-7.79,40.3
2026-08-08 16:00:00,-53.61,0.0,8.14,1.0,15,128.38,16.71,0.0,18.63,222881.6,18.63,126.46,45.12,-10.09,43.4
2026-08-08 17:00:00,-53.27,0.0,8.66,1.0,15,128.94,20.63,0.0,24.84,222837.07,24.84,124.73,44.53,-12.8,50.0
2026-08-08 18:00:00,-53.63,0.0,8.76,1.0,15,123.51,17.25,0.0,26.19,222795.33,26.19,114.57,41.74,-15.73,42.5
2026-08-08 19:00:00,-53.29,0.0,8.79,1.0,15,127.39,13.92,0.0,26.69,222753.67,26.69,114.63,41.66,-18.7,46.1
2026-08-08 20:00:00,-54.34,0.0,10.51,1.0,15,128.31,15.28,0.0,58.05,222719.99,58.05,85.54,33.68,-21.52,46.5
2026-08-08 21:00:00,-55.26,0.0,8.95,1.0,15,129.08,17.3,0.0,28.96,222676.95,28.96,117.42,43.04,-23.99,39.6
2026-08-08 22:00:00,-55.88,0.0,7.03,1.0,15,133.54,17.88,0.0,8.95,222626.58,8.95,142.47,50.37,-25.91,38.4
2026-08-08 23:00:00,-55.96,0.0,8.15,1.0,15,134.01,14.01,0.0,18.71,222579.94,18.71,129.3,46.64,-27.14,39.6
2026-08-09 00:00:00,-56.27,0.0,7.77,1.0,15,134.72,16.31,0.0,14.9,222531.26,14.9,136.13,48.68,-27.26,39.1
2026-08-09 01:00:00,-55.95,0.0,5.97,1.0,15,133.6,8.63,0.0,3.58,222481.96,3.58,138.66,49.3,-26.84,37.6
2026-08-09 02:00:00,-55.39,0.0,5.88,1.0,15,128.22,14.77,0.0,3.28,222432.53,3.28,139.7,49.43,-25.62,47.8
2026-08-09 03:00:00,-55.06,0.0,6.03,1.0,15,130.66,12.78,0.0,3.81,222383.22,3.81,139.63,49.31,-23.7,46.6
2026-08-09 04:00:00,-54.08,0.0,7.21,1.0,15,131.26,10.8,0.0,10.26,222336.43,10.26,131.81,46.79,-21.23,39.0
2026-08-09 05:00:00,-53.81,0.0,6.47,1.0,15,122.86,12.54,0.0,5.73,222290.33,5.73,129.67,46.1,-18.41,45.5
2026-08-09 06:00:00,-54.5,0.0,6.8,1.0,15,133.04,14.05,0.0,7.55,222241.21,7.55,139.54,49.12,-15.44,42.5
2026-08-09 07:00:00,-53.59,0.0,7.28,1.0,15,125.3,18.54,0.0,10.76,222194.21,10.76,133.08,47.01,-12.51,44.2
2026-08-09 08:00:00,-53.86,0.0,7.54,1.0,15,126.53,15.43,0.0,12.84,222148.25,12.84,129.11,45.96,-9.8,44.8
2026-08-09 09:00:00,-53.21,0.0,10.96,1.0,15,129.15,21.81,0.0,69.3,222116.02,69.3,81.67,32.24,-7.5,37.7
2026-08-09 10:00:00,-52.16,0.0,8.5,1.0,15,130.13,23.29,0.0,22.78,222070.14,22.78,130.64,45.88,-5.74,35.9
2026-08-09 11:00:00,-51.81,0.0,11.15,1.0,15,123.24,20.49,0.0,74.32,222041.81,74.32,69.41,28.33,-4.64,46.2
2026-08-09 12:00:00,-52.66,0.0,10.74,1.0,15,124.89,20.38,0.0,63.64,222009.75,63.64,81.63,32.06,-4.26,43.6
2026-08-09 13:00:00,-53.17,0.0,11.39,1.0,15,130.17,21.32,0.0,81.04,221980.72,81.04,70.45,29.03,-4.64,44.0
2026-08-09 14:00:00,-52.35,0.0,10.38,1.0,15,126.5,18.92,0.0,55.09,221946.27,55.09,90.33,34.45,-5.74,42.5
2026-08-09 15:00:00,-52.47,0.0,9.73,1.0,15,125.79,24.07,0.0,41.9,221906.76,41.9,107.96,39.51,-7.5,45.6
2026-08-09 16:00:00,-52.49,0.0,11.23,1.0,15,126.81,12.48,0.0,76.43,221880.1,76.43,62.86,26.66,-9.8,37.3
2026-08-09 17:00:00,-52.12,0.0,12.44,1.0,15,130.59,16.5,0.0,100.0,221858.04,100.0,47.1,22.06,-12.51,46.0
2026-08-09 18:00:00,-51.83,0.0,10.46,1.0,15,127.03,11.81,0.0,56.94,221826.16,56.94,81.89,31.89,-15.44,33.3
2026-08-09 19:00:00,-51.82,0.0,8.9,1.0,15,126.11,17.06,0.0,28.11,221784.82,28.11,115.06,41.34,-18.41,42.4
2026-08-09 20:00:00,-52.13,0.0,8.82,1.0,15,127.08,14.89,0.0,27.07,221743.43,27.07,114.89,41.38,-21.23,43.5
2026-08-09 21:00:00,-52.51,0.0,10.76,1.0,15,127.3,15.58,0.0,64.13,221712.24,64.13,78.75,31.2,-23.7,36.4
2026-08-09 22:00:00,-52.17,0.0,9.56,1.0,15,127.88,13.38,0.0,38.7,221674.36,38.7,102.55,37.88,-25.62,52.2
2026-08-09 23:00:00,-52.02,0.0,9.87,1.0,15,124.23,14.08,0.0,44.56,221639.03,44.56,93.74,35.32,-26.84,45.5
2026-08-10 00:00:00,-52.15,0.0,10.34,1.0,15,125.68,10.28,0.0,54.19,221607.08,54.19,81.77,31.95,-26.96,42.1
2026-08-10 01:00:00,-51.64,0.0,11.01,1.0,15,124.99,13.34,0.0,70.48,221579.25,70.48,67.85,27.83,-26.54,55.7
2026-08-10 02:00:00,-51.83,0.0,10.57,1.0,15,123.3,10.55,0.0,59.58,221549.54,59.58,74.27,29.72,-25.32,47.2
2026-08-10 03:00:00,-52.43,0.0,9.7,1.0,15,123.84,15.15,0.0,41.23,221512.95,41.23,97.77,36.59,-23.4,47.4
2026-08-10 04:00:00,-52.92,0.0,12.33,1.0,15,130.1,11.41,0.0,100.0,221492.24,100.0,41.51,20.71,-20.94,44.1
2026-08-10 05:00:00,-53.51,0.0,11.69,1.0,15,129.49,13.79,0.0,90.06,221468.02,90.06,53.22,24.22,-18.12,42.1
2026-08-10 06:00:00,-53.62,0.0,11.73,1.0,15,132.01,16.25,0.0,91.21,221442.68,91.21,57.04,25.34,-15.14,45.7
2026-08-10 07:00:00,-52.8,0.0,10.33,1.0,15,127.96,22.26,0.0,53.97,221406.4,53.97,96.25,36.27,-12.21,31.1
2026-08-10 08:00:00,-53.21,0.0,10.5,1.0,15,128.18,18.84,0.0,57.8,221372.01,57.8,89.22,34.39,-9.51,35.6
2026-08-10 09:00:00,-53.0,0.0,9.14,1.0,15,126.7,25.75,0.0,31.78,221328.73,31.78,120.66,43.29,-7.2,37.6
2026-08-10 10:00:00,-53.29,0.0,8.13,1.0,15,129.83,24.54,0.0,18.5,221281.02,18.5,135.87,47.71,-5.44,33.0
2026-08-10 11:00:00,-53.36,0.0,9.12,1.0,15,124.9,19.94,0.0,31.44,221239.69,31.44,113.4,41.33,-4.34,47.2
2026-08-10 12:00:00,-54.19,0.0,9.07,1.0,15,129.66,22.21,0.0,30.69,221195.89,30.69,121.19,43.79,-3.96,40.4
2026-08-10 13:00:00,-54.25,0.0,9.66,1.0,15,131.13,22.51,0.0,40.43,221154.35,40.43,113.2,41.54,-4.34,50.0
2026-08-10 14:00:00,-54.33,0.0,8.58,1.0,15,129.03,11.56,0.0,23.87,221111.79,23.87,116.72,42.56,-5.44,42.8
2026-08-10 15:00:00,-54.0,0.0,8.97,1.0,15,129.66,14.54,0.0,29.17,221069.81,29.17,115.03,41.98,-7.2,39.7
2026-08-10 16:00:00,-53.89,0.0,8.69,1.0,15,132.02,20.1,0.0,25.33,221024.5,25.33,126.79,45.3,-9.51,43.4
2026-08-10 17:00:00,-54.69,0.0,9.04,1.0,15,129.26,19.2,0.0,30.26,220981.41,30.26,118.2,43.09,-12.21,48.7
2026-08-10 18:00:00,-54.12,0.0,8.22,1.0,15,129.81,16.96,0.0,19.52,220935.91,19.52,127.25,45.5,-15.14,42.3
2026-08-10 19:00:00,-54.12,0.0,9.19,1.0,15,131.13,11.99,0.0,32.52,220895.15,32.52,110.61,40.76,-18.12,49.8
2026-08-10 20:00:00,-54.14,0.0,10.34,1.0,15,128.22,21.49,0.0,54.25,220858.7,54.25,95.46,36.45,-20.94,49.0
2026-08-10 21:00:00,-54.3,0.0,9.04,1.0,15,126.8,15.02,0.0,30.19,220817.6,30.19,111.62,41.1,-23.4,40.6
2026-08-10 22:00:00,-54.77,0.0,8.25,1.0,15,131.5,15.96,0.0,19.87,220771.81,19.87,127.58,45.79,-25.32,40.6
2026-08-10 23:00:00,-54.78,0.0,8.98,1.0,15,130.16,15.7,0.0,29.31,220729.16,29.31,116.55,42.65,-26.54,40.4
2026-08-11 00:00:00,-54.41,0.0,9.64,1.0,15,129.28,13.34,0.0,40.19,220690.64,40.19,102.43,38.52,-26.66,37.3
2026-08-11 01:00:00,-55.57,0.0,10.15,1.0,15,131.51,13.15,0.0,50.22,220654.05,50.22,94.45,36.59,-26.24,35.0
2026-08-11 02:00:00,-55.95,0.0,10.43,1.0,15,129.12,15.61,0.0,56.18,220619.03,56.18,88.55,35.02,-25.02,39.7
2026-08-11 03:00:00,-56.12,0.0,9.56,1.0,15,131.44,11.75,0.0,38.74,220579.43,38.74,104.44,39.6,-23.1,29.9
2026-08-11 04:00:00,-55.94,0.0,8.95,1.0,15,133.28,17.17,0.0,28.89,220535.0,28.89,121.56,44.43,-20.64,36.5
2026-08-11 05:00:00,-55.17,0.0,8.03,1.0,15,130.51,15.86,0.0,17.42,220488.7,17.42,128.95,46.3,-17.82,45.1
2026-08-11 06:00:00,-55.56,0.0,6.99,1.0,15,129.98,18.28,0.0,8.68,220439.25,8.68,139.58,49.45,-14.85,35.5
2026-08-11 07:00:00,-55.75,0.0,8.21,1.0,15,129.79,18.2,0.0,19.35,220392.86,19.35,128.64,46.39,-11.91,48.7
2026-08-11 08:00:00,-55.93,0.0,6.82,1.0,15,132.3,16.09,0.0,7.62,220342.96,7.62,140.77,49.9,-9.21,45.1
2026-08-11 09:00:00,-56.28,0.0,9.75,1.0,15,134.08,19.18,0.0,42.22,220301.43,42.22,111.03,41.53,-6.9,51.1
2026-08-11 10:00:00,-56.34,0.0,10.87,1.0,15,134.58,24.06,0.0,66.79,220265.36,66.79,91.85,36.08,-5.14,52.1
2026-08-11 11:00:00,-55.73,0.0,11.87,1.0,15,130.15,22.78,0.0,95.74,220239.34,95.74,57.19,26.02,-4.03,45.9
2026-08-11 12:00:00,-56.24,0.0,13.0,1.0,15,135.75,24.31,0.0,100.0,220212.35,100.0,60.07,26.99,-3.66,38.9
2026-08-11 13:00:00,-55.88,0.0,11.45,1.0,15,131.87,23.67,0.0,82.86,220181.87,82.86,72.67,30.48,-4.03,33.8
2026-08-11 14:00:00,-56.84,0.0,12.21,1.0,15,129.5,18.69,0.0,100.0,220158.08,100.0,48.19,23.79,-5.14,34.0
2026-08-11 15:00:00,-57.13,0.0,9.98,1.0,15,133.82,15.0,0.0,46.67,220118.83,46.67,102.15,39.25,-6.9,51.0
2026-08-11 16:00:00,-57.32,0.0,7.59,1.0,15,131.63,21.29,0.0,13.26,220068.83,13.26,139.66,50.0,-9.21,33.6
2026-08-11 17:00:00,-56.32,0.0,9.08,1.0,15,133.19,17.15,0.0,30.83,220024.87,30.83,119.52,43.96,-11.91,40.7
2026-08-11 18:00:00,-56.55,0.0,7.34,1.0,15,133.26,18.57,0.0,11.21,219974.83,11.21,140.62,50.04,-14.85,47.6
2026-08-11 19:00:00,-57.96,0.0,11.4,1.0,15,131.49,19.54,0.0,81.31,219944.57,81.31,69.71,30.26,-17.82,36.2
2026-08-11 20:00:00,-59.25,0.0,11.28,1.0,15,140.0,13.19,0.0,77.96,219912.36,77.96,75.23,32.21,-20.64,46.2
2026-08-11 21:00:00,-59.31,0.0,11.56,1.0,15,135.5,11.03,0.0,85.92,219884.29,85.92,60.61,28.07,-23.1,39.2
2026-08-11 22:00:00,-59.01,0.0,9.85,1.0,15,132.47,9.84,0.0,44.18,219845.63,44.18,98.12,38.67,-25.02,40.8
2026-08-11 23:00:00,-58.86,0.0,10.18,1.0,15,139.05,12.83,0.0,50.68,219806.13,50.68,101.2,39.5,-26.24,38.4
2026-08-12 00:00:00,-58.61,0.0,7.92,1.0,15,137.18,8.66,0.0,16.3,219758.63,16.3,129.55,47.5,-26.35,35.5
2026-08-12 01:00:00,-57.94,0.0,9.63,1.0,15,134.24,13.96,0.0,39.93,219717.38,39.93,108.28,41.24,-25.93,44.0
2026-08-12 02:00:00,-58.28,0.0,8.18,1.0,15,135.44,14.1,0.0,19.09,219669.72,19.09,130.45,47.66,-24.71,43.2
2026-08-12 03:00:00,-57.72,0.0,9.08,1.0,15,134.21,14.5,0.0,30.85,219625.81,30.85,117.86,43.91,-22.79,44.4
2026-08-12 04:00:00,-58.66,0.0,8.01,1.0,15,132.43,9.18,0.0,17.23,219579.77,17.23,124.38,46.05,-20.33,45.1
2026-08-12 05:00:00,-59.1,0.0,6.54,1.0,15,133.54,18.91,0.0,6.06,219527.32,6.06,146.38,52.45,-17.52,37.6
2026-08-12 06:00:00,-60.06,0.0,7.09,1.0,15,140.19,16.88,0.0,9.35,219474.2,9.35,147.72,53.12,-14.54,41.8
2026-08-12 07:00:00,-60.05,0.0,6.37,1.0,15,138.98,16.31,0.0,5.23,219420.42,5.23,150.07,53.78,-11.61,43.5
2026-08-12 08:00:00,-59.88,0.0,7.93,1.0,15,139.83,20.7,0.0,16.42,219368.39,16.42,144.11,52.03,-8.9,41.2
2026-08-12 09:00:00,-59.61,0.0,7.23,1.0,15,140.05,21.59,0.0,10.41,219314.4,10.41,151.23,53.98,-6.59,37.3
2026-08-12 10:00:00,-59.36,0.0,7.11,1.0,15,129.74,16.96,0.0,9.51,219264.5,9.51,137.18,49.91,-4.83,41.3
2026-08-12 11:00:00,-59.73,0.0,7.8,1.0,15,136.69,20.7,0.0,15.16,219213.04,15.16,142.22,51.45,-3.72,29.3
2026-08-12 12:00:00,-59.67,0.0,7.31,1.0,15,134.94,19.2,0.0,11.0,219161.35,11.0,143.14,51.69,-3.35,41.2
2026-08-12 13:00:00,-60.41,0.0,7.29,1.0,15,138.36,19.59,0.0,10.8,219108.29,10.8,147.14,53.06,-3.72,33.2
2026-08-12 14:00:00,-59.45,0.0,9.04,1.0,15,133.07,21.97,0.0,30.2,219061.87,30.2,124.84,46.41,-4.83,39.6
2026-08-12 15:00:00,-59.54,0.0,7.8,1.0,15,138.61,17.07,0.0,15.18,219010.97,15.18,140.5,50.91,-6.59,37.3
2026-08-12 16:00:00,-59.78,0.0,6.47,1.0,15,139.11,20.42,0.0,5.72,218956.2,5.72,153.81,54.77,-8.9,39.5
2026-08-12 17:00:00,-58.8,0.0,6.51,1.0,15,141.14,14.89,0.0,5.95,218902.79,5.95,150.08,53.41,-11.61,32.2
2026-08-12 18:00:00,-59.57,0.0,6.87,1.0,15,137.11,20.12,0.0,7.97,218849.37,7.97,149.26,53.41,-14.54,42.9
2026-08-12 19:00:00,-60.28,0.0,7.54,1.0,15,139.93,13.38,0.0,12.85,218798.26,12.85,140.46,51.12,-17.52,43.4
2026-08-12 20:00:00,-60.99,0.0,7.43,1.0,15,141.67,21.13,0.0,11.93,218743.96,11.93,150.87,54.3,-20.33,33.4
2026-08-12 21:00:00,-61.08,0.0,8.99,1.0,15,143.45,15.76,0.0,29.54,218695.68,29.54,129.67,48.28,-22.79,31.4
2026-08-12 22:00:00,-60.86,0.0,7.04,1.0,15,136.85,12.32,0.0,9.06,218644.49,9.06,140.11,51.19,-24.71,33.9
2026-08-12 23:00:00,-60.46,0.0,7.28,1.0,15,140.68,10.05,0.0,10.73,218593.45,10.73,140.0,51.04,-25.93,42.4
2026-08-13 00:00:00,-58.72,0.0,7.28,1.0,15,136.89,14.46,0.0,10.72,218542.76,10.72,140.63,50.7,-26.03,39.7
2026-08-13 01:00:00,-60.11,0.0,8.23,1.0,15,134.61,15.94,0.0,19.57,218494.39,19.57,130.99,48.36,-25.61,38.0
2026-08-13 02:00:00,-59.72,0.0,11.26,1.0,15,138.6,14.77,0.0,77.23,218461.77,77.23,76.14,32.62,-24.4,38.5
2026-08-13 03:00:00,-60.01,0.0,10.56,1.0,15,139.65,11.58,0.0,59.24,218424.55,59.24,92.0,37.22,-22.48,35.7
2026-08-13 04:00:00,-60.28,0.0,13.61,1.0,15,134.73,18.53,0.0,100.0,218398.29,100.0,53.26,26.26,-20.02,40.5
2026-08-13 05:00:00,-60.53,0.0,11.52,1.0,15,138.65,16.21,0.0,84.93,218367.2,84.93,69.93,31.09,-17.21,46.2
2026-08-13 06:00:00,-60.92,0.0,8.78,1.0,15,139.59,14.55,0.0,26.47,218319.53,26.47,127.67,47.66,-14.23,33.9
2026-08-13 07:00:00,-59.71,0.0,7.56,1.0,15,137.65,24.31,0.0,13.01,218266.17,13.01,148.96,53.36,-11.3,42.4
2026-08-13 08:00:00,-59.0,0.0,7.52,1.0,15,137.83,20.71,0.0,12.68,218213.9,12.68,145.86,52.27,-8.59,39.5
2026-08-13 09:00:00,-58.79,0.0,7.22,1.0,15,134.81,20.91,0.0,10.34,218161.83,10.34,145.38,52.07,-6.28,39.7
2026-08-13 10:00:00,-57.78,0.0,6.13,1.0,15,132.16,18.95,0.0,4.23,218109.63,4.23,146.88,52.19,-4.52,47.6
2026-08-13 11:00:00,-58.52,0.0,6.63,1.0,15,136.79,20.74,0.0,6.57,218056.05,6.57,150.96,53.58,-3.41,45.1
2026-08-13 12:00:00,-59.16,0.0,6.66,1.0,15,140.16,18.56,0.0,6.74,218001.99,6.74,151.97,54.06,-3.03,39.7
2026-08-13 13:00:00,-60.32,0.0,5.86,1.0,15,141.8,21.4,0.0,3.21,217945.3,3.21,159.99,56.69,-3.41,43.5
2026-08-13 14:00:00,-60.61,0.0,5.97,1.0,15,144.2,22.04,0.0,3.58,217887.76,3.58,162.66,57.54,-4.52,30.0
2026-08-13 15:00:00,-60.4,0.0,8.6,1.0,15,137.8,13.89,0.0,24.05,217840.26,24.05,127.64,47.5,-6.28,27.8
2026-08-13 16:00:00,-60.26,0.0,7.94,1.0,15,138.04,14.88,0.0,16.56,217790.32,16.56,136.36,49.94,-8.59,35.3
2026-08-13 17:00:00,-60.14,0.0,8.98,1.0,15,133.48,14.93,0.0,29.38,217745.36,29.38,119.02,44.96,-11.3,33.9
2026-08-13 18:00:00,-60.99,0.0,9.31,1.0,15,138.17,11.99,0.0,34.4,217701.07,34.4,115.76,44.29,-14.23,37.1
2026-08-13 19:00:00,-60.51,0.0,8.88,1.0,15,135.32,12.86,0.0,27.85,217655.63,27.85,120.32,45.44,-17.21,44.4
2026-08-13 20:00:00,-60.41,0.0,7.92,1.0,15,137.87,18.67,0.0,16.3,217604.54,16.3,140.24,51.09,-20.02,37.7
2026-08-13 21:00:00,-60.01,0.0,7.69,1.0,15,141.02,16.74,0.0,14.13,217552.6,14.13,143.63,51.94,-22.48,43.7
2026-08-13 22:00:00,-61.22,0.0,8.3,1.0,15,142.23,11.04,0.0,20.47,217503.38,20.47,132.79,49.21,-24.4,42.7
2026-08-13 23:00:00,-61.06,0.0,7.9,1.0,15,138.92,14.56,0.0,16.16,217452.93,16.16,137.32,50.46,-25.61,29.5
2026-08-14 00:00:00,-61.57,0.0,7.13,1.0,15,139.18,9.45,0.0,9.66,217401.85,9.66,138.97,51.08,-25.71,41.5
2026-08-14 01:00:00,-61.8,0.0,6.16,1.0,15,139.0,18.77,0.0,4.34,217346.58,4.34,153.43,55.27,-25.3,43.6
2026-08-14 02:00:00,-61.43,0.0,8.68,1.0,15,142.11,12.31,0.0,25.16,217298.31,25.16,129.27,48.27,-24.08,44.3
2026-08-14 03:00:00,-61.3,0.0,8.48,1.0,15,139.32,8.0,0.0,22.53,217251.36,22.53,124.79,46.96,-22.17,37.7
2026-08-14 04:00:00,-61.7,0.0,8.99,1.0,15,141.22,20.95,0.0,29.55,217202.05,29.55,132.62,49.31,-19.71,38.3
2026-08-14 05:00:00,-61.55,0.0,8.87,1.0,15,141.87,14.44,0.0,27.78,217153.96,27.78,128.53,48.09,-16.9,38.8
2026-08-14 06:00:00,-62.0,0.0,10.56,1.0,15,142.73,22.6,0.0,59.25,217112.12,59.25,106.08,41.83,-13.92,37.4
2026-08-14 07:00:00,-61.38,0.0,10.19,1.0,15,134.02,20.42,0.0,50.98,217071.22,50.98,103.45,40.9,-10.99,33.1
2026-08-14 08:00:00,-61.28,0.0,9.69,1.0,15,141.22,19.64,0.0,41.13,217025.72,41.13,119.73,45.51,-8.28,34.3
2026-08-14 09:00:00,-60.37,0.0,11.64,1.0,15,138.8,14.17,0.0,88.45,216996.22,88.45,64.52,29.5,-5.97,42.1
2026-08-14 10:00:00,-60.47,0.0,11.65,1.0,15,134.76,20.72,0.0,88.79,216966.06,88.79,66.7,30.15,-4.2,38.2
2026-08-14 11:00:00,-60.57,0.0,9.37,1.0,15,141.92,16.17,0.0,35.44,216919.94,35.44,122.65,46.13,-3.09,39.4
2026-08-14 12:00:00,-60.83,0.0,8.03,1.0,15,139.72,20.0,0.0,17.47,216868.14,17.47,142.26,51.79,-2.71,44.2
2026-08-14 13:00:00,-60.12,0.0,9.41,1.0,15,134.78,21.33,0.0,36.08,216822.9,36.08,120.03,45.25,-3.09,39.6
2026-08-14 14:00:00,-60.41,0.0,10.68,1.0,15,137.35,24.38,0.0,62.12,216783.38,62.12,99.61,39.51,-4.2,33.3
2026-08-14 15:00:00,-59.91,0.0,10.27,1.0,15,137.39,17.87,0.0,52.7,216743.18,52.7,102.57,40.2,-5.97,50.4
2026-08-14 16:00:00,-60.07,0.0,10.01,1.0,15,143.86,25.21,0.0,47.26,216697.44,47.26,121.81,45.74,-8.28,37.8
2026-08-14 17:00:00,-61.23,0.0,10.12,1.0,15,137.98,13.06,0.0,49.44,216657.12,49.44,101.6,40.32,-10.99,36.6
2026-08-14 18:00:00,-61.55,0.0,9.5,1.0,15,138.89,14.06,0.0,37.63,216612.79,37.63,115.31,44.33,-13.92,39.6
2026-08-14 19:00:00,-62.0,0.0,9.95,1.0,15,141.5,15.87,0.0,45.99,216569.45,45.99,111.38,43.34,-16.9,37.1
2026-08-14 20:00:00,-62.0,0.0,8.14,1.0,15,145.81,8.0,0.0,18.6,216519.31,18.6,135.21,50.14,-19.71,37.5
2026-08-14 21:00:00,-62.0,0.0,11.09,1.0,15,140.59,9.78,0.0,72.53,216485.53,72.53,77.84,33.78,-22.17,35.0
2026-08-14 22:00:00,-62.0,0.0,11.4,1.0,15,140.12,14.3,0.0,81.28,216453.08,81.28,73.14,32.44,-24.08,42.7
2026-08-14 23:00:00,-62.0,0.0,11.11,1.0,15,141.5,15.7,0.0,73.05,216417.5,73.05,84.14,35.58,-25.3,43.4
2026-08-15 00:00:00,-62.0,0.0,9.78,1.0,15,140.37,9.97,0.0,42.83,216375.26,42.83,107.52,42.24,-25.39,46.9
2026-08-15 01:00:00,-61.95,0.0,8.26,1.0,15,140.27,11.31,0.0,19.94,216326.16,19.94,131.64,49.1,-24.97,47.7
2026-08-15 02:00:00,-61.32,0.0,8.07,1.0,15,142.16,14.41,0.0,17.86,216275.23,17.86,138.71,50.93,-23.76,28.5
2026-08-15 03:00:00,-61.25,0.0,8.85,1.0,15,138.84,8.12,0.0,27.45,216229.79,27.45,119.52,45.44,-21.85,41.5
2026-08-15 04:00:00,-61.6,0.0,9.29,1.0,15,139.71,13.71,0.0,34.2,216184.34,34.2,119.22,45.46,-19.39,32.2
2026-08-15 05:00:00,-62.0,0.0,8.72,1.0,15,143.3,14.63,0.0,25.64,216135.03,25.64,132.29,49.3,-16.58,44.3
2026-08-15 06:00:00,-62.0,0.0,9.12,1.0,15,137.96,21.79,0.0,31.45,216086.87,31.45,128.3,48.16,-13.61,39.5
2026-08-15 07:00:00,-62.0,0.0,10.34,1.0,15,140.34,19.27,0.0,54.18,216045.22,54.18,105.42,41.65,-10.67,34.2
2026-08-15 08:00:00,-62.0,0.0,7.89,1.0,15,137.44,18.81,0.0,16.04,215993.66,16.04,140.21,51.56,-7.96,32.2
2026-08-15 09:00:00,-62.0,0.0,7.95,1.0,15,140.0,21.99,0.0,16.6,215940.63,16.6,145.39,53.04,-5.65,34.6
2026-08-15 10:00:00,-61.85,0.0,9.2,1.0,15,140.1,21.06,0.0,32.66,215892.45,32.66,128.49,48.18,-3.88,33.9
2026-08-15 11:00:00,-61.98,0.0,9.21,1.0,15,140.33,18.05,0.0,32.93,215845.1,32.93,125.46,47.35,-2.77,44.5
2026-08-15 12:00:00,-61.79,0.0,9.63,1.0,15,139.91,23.16,0.0,39.91,215798.47,39.91,123.16,46.64,-2.39,38.4
2026-08-15 13:00:00,-60.87,0.0,9.42,1.0,15,139.97,23.42,0.0,36.23,215750.96,36.23,127.17,47.51,-2.77,33.7
2026-08-15 14:00:00,-60.51,0.0,13.11,1.0,15,136.33,19.44,0.0,100.0,215723.91,100.0,55.77,27.05,-3.88,41.1
2026-08-15 15:00:00,-60.43,0.0,10.09,1.0,15,139.53,20.28,0.0,48.96,215681.19,48.96,110.85,42.72,-5.65,41.1
2026-08-15 16:00:00,-60.72,0.0,9.66,1.0,15,138.0,24.61,0.0,40.52,215635.18,40.52,122.08,46.01,-7.96,38.2
2026-08-15 17:00:00,-61.05,0.0,7.85,1.0,15,141.29,18.29,0.0,15.6,215582.83,15.6,143.98,52.35,-10.67,44.8
2026-08-15 18:00:00,-61.54,0.0,6.87,1.0,15,140.25,15.89,0.0,7.94,215529.14,7.94,148.19,53.7,-13.61,41.2
2026-08-15 19:00:00,-61.86,0.0,6.99,1.0,15,139.59,12.32,0.0,8.69,215476.76,8.69,143.21,52.37,-16.58,40.6
2026-08-15 20:00:00,-61.42,0.0,6.24,1.0,15,137.31,11.55,0.0,4.65,215424.24,4.65,144.21,52.53,-19.39,29.2
2026-08-15 21:00:00,-61.58,0.0,9.78,1.0,15,141.1,13.61,0.0,42.74,215380.85,42.74,111.97,43.38,-21.85,36.6
2026-08-15 22:00:00,-62.0,0.0,12.0,1.0,15,140.68,11.02,0.0,100.0,215354.52,100.0,51.7,26.33,-23.76,41.3
2026-08-15 23:00:00,-61.37,0.0,10.49,1.0,15,143.33,14.7,0.0,57.68,215314.51,57.68,100.34,40.01,-24.97,40.4
2026-08-16 00:00:00,-60.94,0.0,10.49,1.0,15,142.84,11.64,0.0,57.68,215275.64,57.68,96.8,38.87,-25.06,39.3
2026-08-16 01:00:00,-61.78,0.0,10.09,1.0,15,139.69,21.51,0.0,48.98,215232.13,48.98,112.21,43.51,-24.65,41.7
2026-08-16 02:00:00,-61.99,0.0,11.04,1.0,15,135.9,13.6,0.0,71.39,215198.27,71.39,78.11,33.86,-23.43,40.3
2026-08-16 03:00:00,-61.83,0.0,10.84,1.0,15,142.79,8.58,0.0,66.03,215162.4,66.03,85.34,35.87,-21.52,42.2
2026-08-16 04:00:00,-60.68,0.0,7.79,1.0,15,137.88,14.82,0.0,15.1,215111.98,15.1,137.6,50.42,-19.07,41.1
2026-08-16 05:00:00,-61.21,0.0,9.11,1.0,15,139.1,14.22,0.0,31.31,215065.84,31.31,122.01,46.13,-16.26,42.5
2026-08-16 06:00:00,-60.43,0.0,9.97,1.0,15,141.3,18.65,0.0,46.5,215022.38,46.5,113.45,43.46,-13.29,42.8
2026-08-16 07:00:00,-59.39,0.0,9.64,1.0,15,137.82,17.68,0.0,40.14,214978.68,40.14,115.37,43.7,-10.35,40.0
2026-08-16 08:00:00,-59.57,0.0,11.37,1.0,15,139.2,19.99,0.0,80.42,214945.36,80.42,78.77,33.32,-7.64,40.2
2026-08-16 09:00:00,-59.52,0.0,12.66,1.0,15,139.6,27.82,0.0,100.0,214915.29,100.0,67.42,30.07,-5.32,40.7
2026-08-16 10:00:00,-59.93,0.0,11.61,1.0,15,137.53,19.76,0.0,87.51,214884.42,87.51,69.78,30.87,-3.55,33.8
2026-08-16 11:00:00,-59.84,0.0,11.17,1.0,15,139.26,23.06,0.0,74.68,214848.49,74.68,87.63,35.93,-2.44,32.4
2026-08-16 12:00:00,-59.67,0.0,14.89,1.0,15,137.72,24.32,0.0,100.0,214819.91,100.0,62.04,28.58,-2.06,42.8
2026-08-16 13:00:00,-59.1,0.0,12.42,1.0,15,137.79,21.78,0.0,100.0,214792.2,100.0,59.57,27.71,-2.44,43.5
2026-08-16 14:00:00,-58.31,0.0,10.75,1.0,15,135.72,15.56,0.0,63.97,214756.83,63.97,87.31,35.38,-3.55,41.1
2026-08-16 15:00:00,-58.67,0.0,9.04,1.0,15,138.93,22.02,0.0,30.24,214708.97,30.24,130.71,47.85,-5.32,42.8
2026-08-16 16:00:00,-59.8,0.0,10.88,1.0,15,134.87,12.78,0.0,67.03,214675.06,67.03,80.62,33.92,-7.64,43.4
2026-08-16 17:00:00,-59.78,0.0,11.22,1.0,15,136.7,22.79,0.0,76.24,214640.4,76.24,83.25,34.66,-10.35,42.3
2026-08-16 18:00:00,-59.59,0.0,9.03,1.0,15,137.17,12.59,0.0,30.13,214595.43,30.13,119.62,44.97,-13.29,43.1
2026-08-16 19:00:00,-59.46,0.0,12.29,1.0,15,137.43,21.22,0.0,100.0,214567.87,100.0,58.66,27.56,-16.26,33.9
2026-08-16 20:00:00,-59.7,0.0,12.17,1.0,15,134.72,14.5,0.0,100.0,214542.93,100.0,49.22,24.94,-19.07,48.5
2026-08-16 21:00:00,-59.68,0.0,12.75,1.0,15,135.87,15.94,0.0,100.0,214517.26,100.0,51.81,25.67,-21.52,41.9
2026-08-16 22:00:00,-58.82,0.0,9.79,1.0,15,136.25,14.43,0.0,42.96,214475.91,42.96,107.73,41.35,-23.43,45.6
2026-08-16 23:00:00,-58.65,0.0,9.49,1.0,15,134.71,15.82,0.0,37.54,214433.12,37.54,112.99,42.8,-24.65,43.9
2026-08-17 00:00:00,-58.67,0.0,10.02,1.0,15,132.17,8.0,0.0,47.5,214396.11,47.5,92.66,37.01,-24.73,35.8
2026-08-17 01:00:00,-58.99,0.0,9.79,1.0,15,135.63,10.97,0.0,42.98,214355.88,42.98,103.62,40.23,-24.32,37.3
2026-08-17 02:00:00,-59.08,0.0,10.1,1.0,15,133.9,14.12,0.0,49.11,214316.97,49.11,98.91,38.91,-23.1,38.1
2026-08-17 03:00:00,-58.04,0.0,11.06,1.0,15,136.28,13.47,0.0,71.88,214284.36,71.88,77.88,32.61,-21.2,47.2
2026-08-17 04:00:00,-58.08,0.0,9.95,1.0,15,135.67,13.05,0.0,46.09,214244.69,46.09,102.62,39.67,-18.75,36.6
2026-08-17 05:00:00,-57.98,0.0,11.15,1.0,15,136.85,15.91,0.0,74.38,214211.95,74.38,78.39,32.73,-15.94,35.2
2026-08-17 06:00:00,-58.14,0.0,9.25,1.0,15,135.57,15.84,0.0,33.41,214167.89,33.41,117.99,44.07,-12.96,43.5
2026-08-17 07:00:00,-57.31,0.0,8.3,1.0,15,131.46,24.29,0.0,20.37,214119.11,20.37,135.39,48.78,-10.03,50.8
2026-08-17 08:00:00,-55.95,0.0,6.57,1.0,15,124.8,22.78,0.0,6.26,214069.05,6.26,141.32,50.06,-7.31,38.8
2026-08-17 09:00:00,-55.51,0.0,6.71,1.0,15,133.56,24.14,0.0,7.02,214016.45,7.02,150.68,52.6,-5.0,50.5
2026-08-17 10:00:00,-55.3,0.0,6.86,1.0,15,129.78,25.82,0.0,7.92,213964.77,7.92,147.69,51.68,-3.23,47.3
2026-08-17 11:00:00,-55.13,0.0,8.68,1.0,15,125.55,22.32,0.0,25.08,213920.23,25.08,122.78,44.53,-2.11,41.5
2026-08-17 12:00:00,-56.44,0.0,9.25,1.0,15,135.93,18.2,0.0,33.46,213875.91,33.46,120.67,44.33,-1.73,36.1
2026-08-17 13:00:00,-55.87,0.0,8.87,1.0,15,132.86,20.01,0.0,27.73,213830.48,27.73,125.14,45.43,-2.11,41.4
2026-08-17 14:00:00,-55.7,0.0,9.38,1.0,15,134.75,21.45,0.0,35.65,213786.42,35.65,120.55,44.07,-3.23,39.3
2026-08-17 15:00:00,-55.39,0.0,7.42,1.0,15,131.79,20.14,0.0,11.82,213736.87,11.82,140.1,49.55,-5.0,49.5
2026-08-17 16:00:00,-55.8,0.0,6.65,1.0,15,132.96,14.77,0.0,6.66,213686.93,6.66,141.08,49.95,-7.31,43.0
2026-08-17 17:00:00,-56.05,0.0,7.69,1.0,15,130.77,18.74,0.0,14.2,213638.55,14.2,135.31,48.38,-10.03,45.4
2026-08-17 18:00:00,-56.35,0.0,8.5,1.0,15,133.9,13.14,0.0,22.82,213593.24,22.82,124.22,45.31,-12.96,45.2
2026-08-17 19:00:00,-55.8,0.0,9.67,1.0,15,135.75,21.16,0.0,40.76,213550.4,40.76,116.14,42.84,-15.94,40.0
2026-08-17 20:00:00,-56.12,0.0,9.06,1.0,15,133.81,16.59,0.0,30.49,213506.39,30.49,119.91,44.01,-18.75,43.3
2026-08-17 21:00:00,-54.96,0.0,9.82,1.0,15,129.41,12.75,0.0,43.5,213468.78,43.5,98.66,37.61,-21.2,48.8
2026-08-17 22:00:00,-54.82,0.0,10.19,1.0,15,127.1,13.09,0.0,51.05,213433.93,51.05,89.14,34.85,-23.1,43.5
2026-08-17 23:00:00,-55.71,0.0,12.6,1.0,15,133.87,18.08,0.0,100.0,213409.41,100.0,51.95,24.52,-24.32,41.9
2026-08-18 00:00:00,-55.62,0.0,10.48,1.0,15,131.34,8.42,0.0,57.52,213376.29,57.52,82.23,33.12,-24.4,46.7
2026-08-18 01:00:00,-56.07,0.0,10.15,1.0,15,132.14,11.46,0.0,50.23,213339.86,50.23,93.38,36.43,-23.98,36.4
2026-08-18 02:00:00,-57.42,0.0,10.1,1.0,15,129.65,14.5,0.0,49.15,213302.56,49.15,95.0,37.3,-22.77,30.9
2026-08-18 03:00:00,-56.43,0.0,14.67,1.0,15,127.95,8.0,0.0,100.0,213282.38,100.0,35.95,20.17,-20.87,44.1
2026-08-18 04:00:00,-55.95,0.0,11.91,1.0,15,131.91,13.83,0.0,97.03,213258.71,97.03,48.71,23.67,-18.42,48.2
2026-08-18 05:00:00,-55.55,0.0,11.07,1.0,15,129.12,14.0,0.0,72.1,213228.8,72.1,71.03,29.91,-15.61,52.3
2026-08-18 06:00:00,-55.35,0.0,9.86,1.0,15,131.25,23.91,0.0,44.32,213187.61,44.32,110.84,41.19,-12.64,44.5
2026-08-18 07:00:00,-56.05,0.0,9.62,1.0,15,133.98,17.26,0.0,39.73,213146.02,39.73,111.5,41.59,-9.7,47.1
2026-08-18 08:00:00,-56.19,0.0,8.42,1.0,15,130.84,15.66,0.0,21.83,213100.63,21.83,124.67,45.39,-6.98,49.5
2026-08-18 09:00:00,-55.51,0.0,6.69,1.0,15,131.55,17.03,0.0,6.91,213050.61,6.91,141.66,50.03,-4.67,43.5
2026-08-18 10:00:00,-55.98,0.0,7.52,1.0,15,131.51,12.32,0.0,12.68,213003.44,12.68,131.14,47.17,-2.89,39.8
2026-08-18 11:00:00,-57.34,0.0,7.29,1.0,15,140.38,25.9,0.0,10.84,212948.93,10.84,155.44,54.5,-1.78,38.3
2026-08-18 12:00:00,-57.31,0.0,6.56,1.0,15,132.68,21.33,0.0,6.21,212896.62,6.21,147.79,52.31,-1.4,40.5
2026-08-18 13:00:00,-57.26,0.0,6.57,1.0,15,132.21,20.32,0.0,6.22,212844.74,6.22,146.31,51.88,-1.78,49.3
2026-08-18 14:00:00,-57.06,0.0,5.38,1.0,15,132.45,23.22,0.0,1.85,212790.79,1.85,153.81,53.95,-2.89,46.9
2026-08-18 15:00:00,-56.55,0.0,8.92,1.0,15,135.21,21.33,0.0,28.45,212744.32,28.45,128.09,46.47,-4.67,41.5
2026-08-18 16:00:00,-56.13,0.0,9.14,1.0,15,130.91,18.8,0.0,31.81,212700.88,31.81,117.9,43.44,-6.98,49.1
2026-08-18 17:00:00,-55.98,0.0,10.36,1.0,15,133.4,14.66,0.0,54.68,212664.47,54.68,93.38,36.41,-9.7,45.3
2026-08-18 18:00:00,-55.3,0.0,9.62,1.0,15,130.79,14.87,0.0,39.73,212624.69,39.73,105.94,39.78,-12.64,42.4
2026-08-18 19:00:00,-56.3,0.0,11.36,1.0,15,132.4,15.71,0.0,80.07,212595.41,80.07,68.03,29.28,-15.61,43.7
2026-08-18 20:00:00,-56.08,0.0,10.54,1.0,15,135.44,16.26,0.0,58.7,212559.08,58.7,92.99,36.33,-18.42,45.0
2026-08-18 21:00:00,-55.8,0.0,10.27,1.0,15,127.51,9.32,0.0,52.74,212525.38,52.74,84.09,33.7,-20.87,43.8
2026-08-18 22:00:00,-56.65,0.0,9.79,1.0,15,133.1,12.64,0.0,42.93,212486.09,42.93,102.81,39.29,-22.77,51.2
2026-08-18 23:00:00,-57.64,0.0,10.39,1.0,15,135.88,16.78,0.0,55.41,212448.08,55.41,97.25,38.01,-23.98,41.0
2026-08-19 00:00:00,-57.88,0.0,10.14,1.0,15,135.58,9.18,0.0,49.97,212410.7,49.97,94.79,37.38,-24.06,34.7
2026-08-19 01:00:00,-58.3,0.0,8.94,1.0,15,132.15,15.13,0.0,28.72,212366.42,28.72,118.56,44.28,-23.65,42.8
2026-08-19 02:00:00,-57.84,0.0,7.59,1.0,15,132.14,9.0,0.0,13.25,212319.62,13.25,127.89,46.8,-22.43,40.2
2026-08-19 03:00:00,-58.17,0.0,8.29,1.0,15,135.77,11.72,0.0,20.27,212272.91,20.27,127.22,46.71,-20.53,34.7
2026-08-19 04:00:00,-58.6,0.0,8.36,1.0,15,130.7,8.31,0.0,21.15,212228.74,21.15,117.85,44.17,-18.08,44.4
2026-08-19 05:00:00,-58.85,0.0,6.94,1.0,15,135.05,16.24,0.0,8.41,212177.37,8.41,142.89,51.38,-15.28,25.0
2026-08-19 06:00:00,-58.02,0.0,7.08,1.0,15,132.22,14.19,0.0,9.33,212127.89,9.33,137.08,49.47,-12.3,42.9
2026-08-19 07:00:00,-57.84,0.0,7.59,1.0,15,135.07,11.67,0.0,13.28,212079.51,13.28,133.46,48.39,-9.37,29.8
2026-08-19 08:00:00,-57.76,0.0,9.33,1.0,15,134.18,19.16,0.0,34.72,212035.37,34.72,118.62,44.13,-6.65,41.7
2026-08-19 09:00:00,-57.62,0.0,7.52,1.0,15,135.15,22.86,0.0,12.68,211983.67,12.68,145.33,51.71,-4.33,44.5
2026-08-19 10:00:00,-56.64,0.0,7.34,1.0,15,130.89,21.62,0.0,11.18,211933.39,11.18,141.34,50.27,-2.56,46.2
2026-08-19 11:00:00,-56.92,0.0,9.12,1.0,15,133.81,21.93,0.0,31.38,211887.87,31.38,124.36,45.52,-1.44,46.4
2026-08-19 12:00:00,-55.96,0.0,9.54,1.0,15,131.75,23.35,0.0,38.43,211844.83,38.43,116.67,43.04,-1.06,37.8
2026-08-19 13:00:00,-55.71,0.0,8.58,1.0,15,129.46,18.69,0.0,23.78,211799.68,23.78,124.37,45.16,-1.44,44.2
2026-08-19 14:00:00,-55.71,0.0,10.15,1.0,15,133.76,20.73,0.0,50.11,211760.22,50.11,104.38,39.46,-2.56,39.7
2026-08-19 15:00:00,-54.14,0.0,9.71,1.0,15,130.45,26.28,0.0,41.38,211718.1,41.38,115.35,42.12,-4.33,40.6
2026-08-19 16:00:00,-54.78,0.0,9.41,1.0,15,128.5,19.19,0.0,36.11,211676.87,36.11,111.58,41.23,-6.65,43.4
2026-08-19 17:00:00,-55.01,0.0,12.38,1.0,15,128.54,15.16,0.0,100.0,211654.91,100.0,43.7,21.96,-9.37,41.6
2026-08-19 18:00:00,-55.81,0.0,13.86,1.0,15,133.55,17.55,0.0,100.0,211630.6,100.0,51.1,24.31,-12.3,38.0
2026-08-19 19:00:00,-55.3,0.0,11.9,1.0,15,127.18,14.19,0.0,96.65,211608.27,96.65,44.72,22.34,-15.28,45.1
2026-08-19 20:00:00,-54.38,0.0,9.68,1.0,15,126.44,14.14,0.0,40.9,211570.55,40.9,99.68,37.72,-18.08,47.0
2026-08-19 21:00:00,-53.49,0.0,8.8,1.0,15,128.97,15.55,0.0,26.74,211527.93,26.74,117.77,42.61,-20.53,40.6
2026-08-19 22:00:00,-52.89,0.0,6.83,1.0,15,130.97,11.28,0.0,7.7,211480.72,7.7,134.55,47.21,-22.43,44.4
2026-08-19 23:00:00,-53.14,0.0,5.33,1.0,15,126.04,8.0,0.0,1.73,211434.07,1.73,132.31,46.65,-23.65,44.3
2026-08-20 00:00:00,-53.21,0.0,5.93,1.0,15,126.4,12.38,0.0,3.45,211386.54,3.45,135.33,47.53,-23.72,44.3
2026-08-20 01:00:00,-54.31,0.0,9.16,1.0,15,128.69,14.38,0.0,32.13,211345.63,32.13,110.94,40.91,-23.3,44.0
2026-08-20 02:00:00,-53.12,0.0,10.76,1.0,15,126.3,18.14,0.0,64.04,211313.78,64.04,80.39,31.85,-22.09,46.6
2026-08-20 03:00:00,-52.86,0.0,10.21,1.0,15,126.0,16.53,0.0,51.32,211278.93,51.32,91.21,34.85,-20.19,51.2
2026-08-20 04:00:00,-53.16,0.0,10.0,1.0,15,126.04,13.25,0.0,47.13,211243.71,47.13,92.17,35.21,-17.75,45.8
2026-08-20 05:00:00,-52.31,0.0,7.39,1.0,15,126.49,16.77,0.0,11.6,211197.49,11.6,131.67,46.22,-14.94,43.2
2026-08-20 06:00:00,-52.83,0.0,6.77,1.0,15,128.42,15.76,0.0,7.32,211149.64,7.32,136.86,47.85,-11.97,45.3
2026-08-20 07:00:00,-52.49,0.0,5.32,1.0,15,126.7,20.32,0.0,1.72,211099.48,1.72,145.3,50.16,-9.03,40.3
2026-08-20 08:00:00,-52.48,0.0,7.3,1.0,15,125.99,18.27,0.0,10.94,211052.74,10.94,133.32,46.74,-6.31,41.2
2026-08-20 09:00:00,-51.97,0.0,6.42,1.0,15,124.22,21.94,0.0,5.5,211004.06,5.5,140.67,48.68,-3.99,48.2
2026-08-20 10:00:00,-51.89,0.0,8.78,1.0,15,122.84,25.4,0.0,26.5,210960.8,26.5,121.74,43.26,-2.21,30.4
2026-08-20 11:00:00,-52.66,0.0,9.28,1.0,15,123.76,28.49,0.0,34.04,210918.31,34.04,118.22,42.49,-1.1,44.4
2026-08-20 12:00:00,-52.51,0.0,8.17,1.0,15,123.09,16.53,0.0,18.97,210875.17,18.97,120.65,43.14,-0.72,50.3
2026-08-20 13:00:00,-51.79,0.0,7.09,1.0,15,126.67,15.46,0.0,9.4,210828.8,9.4,132.73,46.37,-1.1,48.2
2026-08-20 14:00:00,-51.77,0.0,8.02,1.0,15,123.97,17.59,0.0,17.31,210784.86,17.31,124.25,43.94,-2.21,50.5
2026-08-20 15:00:00,-51.3,0.0,10.19,1.0,15,125.39,19.51,0.0,50.99,210749.71,50.99,93.91,35.15,-3.99,48.2
2026-08-20 16:00:00,-51.97,0.0,10.61,1.0,15,123.98,17.17,0.0,60.43,210718.11,60.43,80.72,31.6,-6.31,56.0
2026-08-20 17:00:00,-52.05,0.0,9.54,1.0,15,125.51,21.41,0.0,38.38,210678.56,38.38,108.55,39.55,-9.03,39.8
2026-08-20 18:00:00,-52.52,0.0,9.61,1.0,15,125.66,14.12,0.0,39.63,210641.26,39.63,100.16,37.3,-11.97,46.2
2026-08-20 19:00:00,-52.18,0.0,8.7,1.0,15,129.34,12.0,0.0,25.36,210599.55,25.36,115.98,41.71,-14.94,49.5
2026-08-20 20:00:00,-52.3,0.0,13.92,1.0,15,125.02,18.26,0.0,100.0,210578.53,100.0,43.28,21.02,-17.75,43.7
2026-08-20 21:00:00,-52.03,0.0,13.41,1.0,15,127.5,14.95,0.0,100.0,210557.82,100.0,42.45,20.71,-20.19,51.9
2026-08-20 22:00:00,-51.53,0.0,12.48,1.0,15,121.79,13.79,0.0,100.0,210539.22,100.0,35.58,18.6,-22.09,49.4
2026-08-20 23:00:00,-51.26,0.0,11.13,1.0,15,127.43,9.56,0.0,73.74,210512.82,73.74,63.25,26.41,-23.3,39.1
2026-08-21 00:00:00,-50.96,0.0,10.86,1.0,15,125.81,16.12,0.0,66.7,210483.09,66.7,75.23,29.73,-23.37,48.6
2026-08-21 01:00:00,-51.68,0.0,9.7,1.0,15,123.81,12.21,0.0,41.23,210447.56,41.23,94.8,35.52,-22.96,49.3
2026-08-21 02:00:00,-51.76,0.0,7.46,1.0,15,123.9,13.31,0.0,12.15,210403.39,12.15,125.06,44.17,-21.75,54.3
2026-08-21 03:00:00,-52.13,0.0,7.45,1.0,15,128.42,14.34,0.0,12.07,210357.51,12.07,130.68,45.88,-19.85,45.0
2026-08-21 04:00:00,-52.33,0.0,10.11,1.0,15,128.17,18.41,0.0,49.25,210321.07,49.25,97.33,36.44,-17.41,48.5
2026-08-21 05:00:00,-52.52,0.0,10.16,1.0,15,125.89,16.67,0.0,50.43,210286.06,50.43,92.13,35.01,-14.6,46.9
2026-08-21 06:00:00,-53.04,0.0,8.17,1.0,15,125.33,14.44,0.0,18.9,210242.7,18.9,120.87,43.36,-11.63,42.4
2026-08-21 07:00:00,-54.12,0.0,10.15,1.0,15,131.26,17.65,0.0,50.24,210205.34,50.24,98.66,37.35,-8.69,42.7
2026-08-21 08:00:00,-54.38,0.0,8.94,1.0,15,128.26,20.79,0.0,28.72,210161.74,28.72,120.33,43.61,-5.97,33.2
2026-08-21 09:00:00,-54.11,0.0,7.98,1.0,15,129.61,24.78,0.0,16.91,210113.32,16.91,137.48,48.41,-3.65,42.1
2026-08-21 10:00:00,-54.77,0.0,7.48,1.0,15,128.64,19.18,0.0,12.35,210065.28,12.35,135.47,48.04,-1.87,51.8
2026-08-21 11:00:00,-54.6,0.0,8.1,1.0,15,129.15,19.37,0.0,18.22,210018.76,18.22,130.3,46.52,-0.75,43.2
2026-08-21 12:00:00,-53.32,0.0,8.43,1.0,15,131.83,23.29,0.0,21.93,209971.81,21.93,133.19,46.96,-0.37,49.2
2026-08-21 13:00:00,-52.61,0.0,8.47,1.0,15,126.37,18.2,0.0,22.46,209928.23,22.46,122.11,43.58,-0.75,46.7
2026-08-21 14:00:00,-51.56,0.0,9.38,1.0,15,128.08,18.5,0.0,35.58,209888.12,35.58,111.01,40.1,-1.87,48.5
2026-08-21 15:00:00,-51.32,0.0,8.55,1.0,15,121.19,19.76,0.0,23.45,209846.24,23.45,117.5,41.88,-3.65,56.5
2026-08-21 16:00:00,-50.64,0.0,9.75,1.0,15,119.69,20.06,0.0,42.2,209810.25,42.2,97.54,35.99,-5.97,45.0
2026-08-21 17:00:00,-51.16,0.0,8.29,1.0,15,125.58,20.72,0.0,20.35,209766.01,20.35,125.95,44.24,-8.69,44.6
2026-08-21 18:00:00,-51.65,0.0,9.57,1.0,15,123.37,16.99,0.0,38.92,209728.6,38.92,101.44,37.41,-11.63,51.7
2026-08-21 19:00:00,-53.43,0.0,9.93,1.0,15,127.76,15.6,0.0,45.67,209691.73,45.67,97.68,36.87,-14.6,44.5
2026-08-21 20:00:00,-52.83,0.0,10.27,1.0,15,122.22,15.97,0.0,52.7,209658.52,52.7,85.49,33.21,-17.41,44.0
2026-08-21 21:00:00,-52.03,0.0,9.75,1.0,15,121.18,8.72,0.0,42.24,209624.93,42.24,87.66,33.59,-19.85,50.7
2026-08-21 22:00:00,-52.51,0.0,10.07,1.0,15,126.43,13.14,0.0,48.56,209590.24,48.56,91.01,34.69,-21.75,46.9
2026-08-21 23:00:00,-52.8,0.0,8.08,1.0,15,125.78,17.74,0.0,17.96,209545.61,17.96,125.56,44.62,-22.96,44.6
2026-08-22 00:00:00,-53.09,0.0,9.84,1.0,15,126.55,15.25,0.0,43.81,209508.76,43.81,97.98,36.85,-23.02,43.5
2026-08-22 01:00:00,-52.94,0.0,7.76,1.0,15,130.72,12.82,0.0,14.79,209463.18,14.79,128.75,45.58,-22.61,41.1
2026-08-22 02:00:00,-52.31,0.0,6.76,1.0,15,127.13,15.11,0.0,7.29,209416.03,7.29,134.95,47.15,-21.4,38.0
2026-08-22 03:00:00,-53.4,0.0,7.59,1.0,15,132.48,9.62,0.0,13.22,209370.28,13.22,128.87,45.75,-19.5,50.5
2026-08-22 04:00:00,-53.13,0.0,8.85,1.0,15,127.51,15.55,0.0,27.41,209328.39,27.41,115.65,41.9,-17.06,43.0
2026-08-22 05:00:00,-53.24,0.0,7.18,1.0,15,130.81,15.23,0.0,10.02,209280.65,10.02,136.02,47.74,-14.26,36.6
2026-08-22 06:00:00,-53.09,0.0,9.8,1.0,15,129.45,16.81,0.0,43.14,209242.33,43.14,103.12,38.31,-11.29,54.1
2026-08-22 07:00:00,-52.7,0.0,12.57,1.0,15,125.57,16.56,0.0,100.0,209221.52,100.0,42.13,20.82,-8.35,45.9
2026-08-22 08:00:00,-52.69,0.0,11.84,1.0,15,126.29,22.96,0.0,94.87,209197.21,94.87,54.37,24.3,-5.63,45.6
2026-08-22 09:00:00,-52.62,0.0,10.88,1.0,15,125.77,18.2,0.0,67.01,209166.5,67.01,76.96,30.72,-3.3,37.6
2026-08-22 10:00:00,-52.61,0.0,11.21,1.0,15,128.91,17.2,0.0,75.81,209137.68,75.81,70.3,28.82,-1.52,48.4
2026-08-22 11:00:00,-51.89,0.0,9.9,1.0,15,126.04,16.41,0.0,45.02,209101.34,45.02,97.43,36.34,-0.4,43.4
2026-08-22 12:00:00,-51.54,0.0,9.53,1.0,15,122.86,14.54,0.0,38.15,209064.6,38.15,99.25,36.75,-0.02,43.7
2026-08-22 13:00:00,-51.33,0.0,11.43,1.0,15,121.73,21.5,0.0,82.05,209038.76,82.05,61.19,25.84,-0.4,48.6
2026-08-22 14:00:00,-52.06,0.0,13.33,1.0,15,122.94,18.05,0.0,100.0,209018.46,100.0,40.98,20.3,-1.52,46.6
2026-08-22 15:00:00,-52.27,0.0,14.26,1.0,15,124.05,15.77,0.0,100.0,208998.43,100.0,39.82,20.03,-3.3,40.9
2026-08-22 16:00:00,-51.74,0.0,11.85,1.0,15,123.12,17.96,0.0,95.07,208976.79,95.07,46.01,21.63,-5.63,39.1
2026-08-22 17:00:00,-51.78,0.0,10.02,1.0,15,122.6,19.71,0.0,47.36,208941.19,47.36,94.96,35.6,-8.35,47.0
2026-08-22 18:00:00,-51.47,0.0,8.94,1.0,15,127.25,16.2,0.0,28.75,208900.06,28.75,114.7,41.13,-11.29,46.8
2026-08-22 19:00:00,-50.52,0.0,8.66,1.0,15,119.94,15.74,0.0,24.93,208860.34,24.93,110.75,39.72,-14.26,60.1
2026-08-22 20:00:00,-50.05,0.0,8.03,1.0,15,123.47,17.76,0.0,17.49,208817.06,17.49,123.75,43.28,-17.06,36.2
2026-08-22 21:00:00,-50.17,0.0,7.79,1.0,15,127.77,15.79,0.0,15.06,208772.39,15.06,128.5,44.67,-19.5,48.1
2026-08-22 22:00:00,-50.65,0.0,8.49,1.0,15,123.69,13.23,0.0,22.64,208731.62,22.64,114.29,40.77,-21.4,38.9
2026-08-22 23:00:00,-52.35,0.0,9.6,1.0,15,126.34,9.95,0.0,39.49,208695.33,39.49,96.79,36.29,-22.61,43.7
2026-08-23 00:00:00,-54.38,1.86,10.27,1.0,15,129.79,11.26,0.0,52.69,208660.84,52.69,88.35,34.49,-22.67,42.1
2026-08-23 01:00:00,-55.14,1.86,11.16,1.0,15,127.22,12.99,0.0,74.58,208632.59,74.58,65.63,28.24,-22.26,46.4
2026-08-23 02:00:00,-55.26,1.86,8.53,1.0,15,131.6,15.05,0.0,23.22,208587.84,23.22,123.43,44.75,-21.05,46.4
2026-08-23 03:00:00,-55.47,1.86,6.78,1.0,15,131.72,14.34,0.0,7.38,208538.67,7.38,138.68,49.17,-19.16,50.2
2026-08-23 04:00:00,-55.55,1.86,8.52,1.0,15,131.02,12.4,0.0,23.11,208494.72,23.11,120.31,43.95,-16.72,44.6
2026-08-23 05:00:00,-56.28,1.86,8.69,1.0,15,128.52,16.54,0.0,25.21,208450.68,25.21,119.84,44.04,-13.91,47.7
2026-08-23 06:00:00,-56.28,1.86,8.97,1.0,15,136.4,21.62,0.0,29.12,208404.06,29.12,128.89,46.62,-10.94,49.7
2026-08-23 07:00:00,-55.24,1.86,7.12,1.0,15,131.15,18.54,0.0,9.58,208354.56,9.58,140.11,49.5,-8.0,44.9
2026-08-23 08:00:00,-53.35,1.86,6.72,1.0,15,125.0,20.6,0.0,7.06,208306.07,7.06,138.53,48.49,-5.28,50.9
2026-08-23 09:00:00,-52.5,1.86,7.79,1.0,15,124.16,18.64,0.0,15.09,208260.93,15.09,127.71,45.15,-2.95,46.7
2026-08-23 10:00:00,-51.39,1.86,9.69,1.0,15,122.94,19.82,0.0,41.0,208223.5,41.0,101.77,37.42,-1.17,46.4
2026-08-23 11:00:00,-49.97,1.86,11.55,1.0,15,125.95,15.78,0.0,85.66,208199.53,85.66,56.07,23.97,-0.05,44.3
2026-08-23 12:00:00,-49.74,1.86,10.73,1.0,15,121.83,21.65,1.08,63.39,208169.09,63.39,79.02,30.44,0.33,49.6
2026-08-23 13:00:00,-48.97,1.86,10.31,1.0,15,120.63,12.57,0.0,53.53,208138.69,53.53,79.67,30.4,-0.05,50.0
2026-08-23 14:00:00,-49.07,1.86,11.3,1.0,15,119.89,15.83,0.0,78.55,208114.68,78.55,57.17,24.01,-1.17,50.0
2026-08-23 15:00:00,-48.43,1.86,10.69,1.0,15,122.32,20.69,0.0,62.35,208084.16,62.35,80.66,30.52,-2.95,54.4
2026-08-23 16:00:00,-48.46,1.86,10.18,1.0,15,122.49,15.78,0.0,50.67,208051.66,50.67,87.59,32.5,-5.28,53.2
2026-08-23 17:00:00,-48.64,1.86,11.77,1.0,15,117.06,11.72,0.0,92.65,208033.77,92.65,36.13,17.89,-8.0,41.1
2026-08-23 18:00:00,-49.68,1.86,12.1,1.0,15,121.78,16.7,0.0,100.0,208014.9,100.0,38.48,18.87,-10.94,40.5
2026-08-23 19:00:00,-49.98,1.86,13.19,1.0,15,121.99,10.71,0.0,100.0,207997.59,100.0,32.7,17.31,-13.91,48.1
2026-08-23 20:00:00,-49.57,1.86,10.92,1.0,15,119.73,17.4,0.0,68.05,207970.03,68.05,69.09,27.56,-16.72,42.9
2026-08-23 21:00:00,-51.11,1.86,10.36,1.0,15,122.94,14.74,0.0,54.79,207938.07,54.79,82.89,31.96,-19.16,46.2
2026-08-23 22:00:00,-52.24,1.86,11.41,1.0,15,125.33,18.38,0.0,81.5,207911.67,81.5,62.21,26.4,-21.05,41.3
2026-08-23 23:00:00,-52.96,1.86,9.19,1.0,15,124.87,14.07,0.0,32.58,207872.47,32.58,106.36,39.2,-22.26,45.8
2026-08-24 00:00:00,-52.93,2.69,10.28,1.0,15,127.69,18.56,0.0,52.9,207836.98,52.9,93.34,35.48,-22.31,40.2
2026-08-24 01:00:00,-53.85,2.69,8.7,1.0,15,129.06,10.0,0.0,25.43,207795.45,25.43,113.63,41.54,-21.9,46.6
2026-08-24 02:00:00,-55.93,2.69,10.0,1.0,15,132.83,11.09,0.0,47.15,207758.09,47.15,96.76,37.35,-20.7,37.7
2026-08-24 03:00:00,-55.22,2.69,10.04,1.0,15,129.56,14.2,0.0,47.77,207721.17,47.77,95.98,36.92,-18.8,44.3
2026-08-24 04:00:00,-54.64,2.69,8.57,1.0,15,124.97,13.87,0.0,23.69,207678.96,23.69,115.15,42.21,-16.37,35.6
2026-08-24 05:00:00,-55.36,2.69,8.51,1.0,15,129.23,15.77,0.0,22.94,207634.56,22.94,122.06,44.39,-13.56,37.8
2026-08-24 06:00:00,-55.16,2.69,9.25,1.0,15,128.19,16.41,0.0,33.47,207593.34,33.47,111.13,41.22,-10.59,47.2
2026-08-24 07:00:00,-53.48,2.69,9.58,1.0,15,127.52,17.04,0.0,39.08,207554.23,39.08,105.49,39.11,-7.65,51.3
2026-08-24 08:00:00,-51.77,2.69,9.07,1.0,15,126.5,15.94,0.0,30.74,207513.87,30.74,111.7,40.36,-4.93,50.7
2026-08-24 09:00:00,-50.31,2.69,10.93,1.0,15,127.14,17.48,0.0,68.46,207484.07,68.46,76.16,29.8,-2.6,51.1
2026-08-24 10:00:00,-49.54,2.69,10.36,1.0,15,119.79,17.72,0.0,54.64,207452.59,54.64,82.87,31.48,-0.82,55.3
2026-08-24 11:00:00,-48.67,2.69,9.9,1.0,15,120.72,18.12,1.03,45.07,207418.56,45.07,92.74,34.03,0.3,53.3
2026-08-24 12:00:00,-48.05,2.69,7.85,1.0,15,119.86,21.69,2.24,15.64,207375.9,15.64,123.66,42.66,0.69,41.3
2026-08-24 13:00:00,-46.83,2.69,10.29,1.0,15,120.76,18.91,1.02,53.22,207344.51,53.22,85.43,31.4,0.3,54.6
2026-08-24 14:00:00,-47.04,2.69,8.69,1.0,15,118.4,18.82,0.0,25.26,207305.48,25.26,111.97,39.02,-0.82,54.4
2026-08-24 15:00:00,-47.43,2.69,8.79,1.0,15,117.72,23.88,0.0,26.59,207265.47,26.59,115.01,40.01,-2.6,40.1
2026-08-24 16:00:00,-46.96,2.69,10.04,1.0,15,117.69,20.18,0.0,47.85,207232.73,47.85,90.02,32.74,-4.93,46.4
2026-08-24 17:00:00,-47.36,2.69,8.66,1.0,15,119.17,20.09,0.0,24.85,207192.91,24.85,114.42,39.82,-7.65,57.4
2026-08-24 18:00:00,-47.11,2.69,8.76,1.0,15,119.64,19.87,0.0,26.24,207153.5,26.24,113.27,39.41,-10.59,49.0
2026-08-24 19:00:00,-48.28,2.69,7.84,1.0,15,123.57,20.27,0.0,15.56,207109.45,15.56,128.28,44.04,-13.56,43.1
2026-08-24 20:00:00,-49.18,2.69,9.13,1.0,15,124.75,14.21,0.0,31.57,207071.09,31.57,107.4,38.36,-16.37,52.4
2026-08-24 21:00:00,-50.68,2.69,9.23,1.0,15,121.87,14.14,0.0,33.18,207033.58,33.18,102.83,37.51,-18.8,45.6
2026-08-24 22:00:00,-51.6,2.69,10.69,1.0,15,121.67,11.35,0.0,62.39,207004.97,62.39,70.62,28.61,-20.7,44.4
2026-08-24 23:00:00,-53.35,2.69,12.04,1.0,15,124.95,10.38,0.0,100.0,206985.9,100.0,35.33,19.08,-21.9,49.4
2026-08-25 00:00:00,-54.08,3.32,11.64,1.0,15,129.35,8.43,0.0,88.32,206962.58,88.32,49.45,23.32,-21.95,46.5
2026-08-25 01:00:00,-55.5,3.32,11.67,1.0,15,133.51,9.86,0.0,89.5,206937.58,89.5,53.86,25.0,-21.54,42.8
2026-08-25 02:00:00,-55.42,3.32,10.99,1.0,15,130.37,11.33,0.0,70.08,206907.54,70.08,71.62,30.04,-20.34,45.1
2026-08-25 03:00:00,-55.1,3.32,9.94,1.0,15,128.3,13.92,0.0,45.81,206870.54,45.81,96.41,37.01,-18.45,42.8
2026-08-25 04:00:00,-56.03,3.32,10.13,1.0,15,128.62,10.83,0.0,49.71,206835.15,49.71,89.74,35.39,-16.01,47.5
2026-08-25 05:00:00,-54.86,3.32,11.77,1.0,15,133.52,12.42,0.0,92.62,206810.5,92.62,53.32,24.65,-13.21,36.8
2026-08-25 06:00:00,-52.8,3.32,10.6,1.0,15,125.77,10.22,0.0,60.32,206780.09,60.32,75.67,30.41,-10.24,44.4
2026-08-25 07:00:00,-52.06,3.32,9.42,1.0,15,122.3,15.6,0.0,36.28,206742.51,36.28,101.62,37.58,-7.3,43.9
2026-08-25 08:00:00,-51.63,3.32,8.83,1.0,15,124.97,18.94,0.0,27.14,206700.74,27.14,116.77,41.77,-4.58,47.8
2026-08-25 09:00:00,-49.03,3.32,8.56,1.0,15,121.01,19.84,0.0,23.62,206659.63,23.62,117.22,41.12,-2.25,42.6
2026-08-25 10:00:00,-48.96,3.32,6.96,1.0,15,122.84,19.43,0.0,8.54,206613.83,8.54,133.73,45.8,-0.46,55.8
2026-08-25 11:00:00,-48.13,3.32,7.45,1.0,15,116.98,20.57,2.17,12.08,206571.24,12.08,123.3,42.58,0.66,45.2
2026-08-25 12:00:00,-47.33,3.32,7.78,1.0,15,120.92,21.77,3.34,15.01,206528.61,15.01,124.34,42.63,1.05,54.8
2026-08-25 13:00:00,-45.99,3.32,8.36,1.0,15,119.18,25.06,2.17,21.11,206487.34,21.11,120.96,41.27,0.66,53.5
2026-08-25 14:00:00,-45.46,3.32,7.98,1.0,15,115.67,19.32,0.0,16.96,206447.06,16.96,118.03,40.28,-0.46,52.0
2026-08-25 15:00:00,-45.69,3.32,8.59,1.0,15,117.15,19.26,0.0,24.02,206408.33,24.02,112.39,38.74,-2.25,52.0
2026-08-25 16:00:00,-46.42,3.32,10.41,1.0,15,118.73,14.86,0.0,55.71,206379.21,55.71,77.89,29.12,-4.58,40.9
2026-08-25 17:00:00,-47.0,3.32,12.59,1.0,15,116.53,19.08,0.0,100.0,206361.96,100.0,35.61,17.25,-7.3,47.2
2026-08-25 18:00:00,-48.19,3.32,11.78,1.0,15,116.64,16.31,0.0,92.78,206343.05,92.78,40.18,18.91,-10.24,65.1
2026-08-25 19:00:00,-48.9,3.32,9.06,1.0,15,119.51,13.74,0.0,30.47,206306.08,30.47,102.78,36.96,-13.21,49.4
2026-08-25 20:00:00,-50.1,3.32,11.92,1.0,15,118.8,10.71,0.0,97.4,206288.9,97.4,32.11,17.18,-16.01,49.5
2026-08-25 21:00:00,-51.92,3.32,11.79,1.0,15,126.52,14.36,0.0,93.14,206266.72,93.14,47.74,22.18,-18.45,36.5
2026-08-25 22:00:00,-52.07,3.32,10.34,1.0,15,129.22,9.63,0.0,54.25,206233.98,54.25,84.6,32.73,-20.34,44.7
2026-08-25 23:00:00,-53.22,3.32,8.6,1.0,15,125.6,14.49,0.0,24.05,206191.94,24.05,116.05,42.04,-21.54,43.3
2026-08-26 00:00:00,-54.41,3.86,7.33,1.0,15,128.31,18.27,0.0,11.17,206144.03,11.17,135.42,47.92,-21.59,40.5
2026-08-26 01:00:00,-55.06,3.86,6.54,1.0,15,129.78,16.36,0.0,6.07,206094.59,6.07,140.07,49.44,-21.18,46.6
2026-08-26 02:00:00,-55.36,3.86,5.33,1.0,15,135.34,12.99,0.0,1.75,206043.21,1.75,146.59,51.38,-19.98,41.3
2026-08-26 03:00:00,-56.52,3.86,8.29,1.0,15,131.61,15.19,0.0,20.28,205997.19,20.28,126.52,46.01,-18.09,39.0
2026-08-26 04:00:00,-56.18,3.86,8.55,1.0,15,134.54,12.16,0.0,23.39,205952.2,23.39,123.31,45.0,-15.66,35.5
2026-08-26 05:00:00,-56.44,3.86,9.35,1.0,15,132.56,11.39,0.0,35.16,205911.26,35.16,108.8,40.94,-12.86,37.1
2026-08-26 06:00:00,-54.82,3.86,10.59,1.0,15,123.0,16.9,0.0,59.98,205879.04,59.98,79.91,32.22,-9.89,39.0
2026-08-26 07:00:00,-53.76,3.86,11.26,1.0,15,127.23,15.86,0.0,77.29,205851.15,77.29,65.8,27.88,-6.94,43.0
2026-08-26 08:00:00,-53.15,3.86,12.35,1.0,15,129.32,14.63,0.0,100.0,205829.68,100.0,43.96,21.47,-4.22,42.7
2026-08-26 09:00:00,-52.68,3.86,14.22,1.0,15,125.57,14.55,0.0,100.0,205809.44,100.0,40.12,20.24,-1.89,42.4
2026-08-26 10:00:00,-51.82,3.86,12.43,1.0,15,126.45,19.5,0.0,100.0,205787.8,100.0,45.95,21.64,-0.1,37.7
2026-08-26 11:00:00,-50.59,3.86,13.95,1.0,15,127.23,24.56,2.63,100.0,205765.61,100.0,49.16,22.19,1.02,42.0
2026-08-26 12:00:00,-49.87,3.86,13.32,1.0,15,123.43,21.54,3.7,100.0,205745.89,100.0,41.27,19.72,1.41,48.2
2026-08-26 13:00:00,-49.43,3.86,10.34,1.0,15,120.21,20.97,3.22,54.3,205714.22,54.3,83.66,31.67,1.02,55.2
2026-08-26 14:00:00,-49.03,3.86,10.56,1.0,15,122.55,20.24,0.0,59.21,205682.69,59.21,83.59,31.53,-0.1,56.2
2026-08-26 15:00:00,-49.26,3.86,10.73,1.0,15,122.42,16.82,0.0,63.4,205653.3,63.4,75.83,29.39,-1.89,58.1
2026-08-26 16:00:00,-49.56,3.86,12.18,1.0,15,123.96,17.43,0.0,100.0,205633.63,100.0,41.39,19.66,-4.22,49.1
2026-08-26 17:00:00,-51.15,3.86,10.75,1.0,15,124.08,21.42,0.0,63.73,205601.99,63.73,81.77,31.65,-6.94,46.4
2026-08-26 18:00:00,-51.08,3.86,10.46,1.0,15,122.39,21.08,0.0,56.99,205569.02,56.99,86.48,32.97,-9.89,49.9
2026-08-26 19:00:00,-51.59,3.86,7.82,1.0,15,126.14,18.47,0.0,15.35,205523.7,15.35,129.26,45.31,-12.86,44.5
2026-08-26 20:00:00,-52.87,3.86,7.49,1.0,15,128.2,16.56,0.0,12.43,205477.13,12.43,132.33,46.58,-15.66,49.4
2026-08-26 21:00:00,-52.59,3.86,6.13,1.0,15,125.35,17.96,0.0,4.2,205428.7,4.2,139.11,48.43,-18.09,44.8
2026-08-26 22:00:00,-53.43,3.86,6.94,1.0,15,124.42,9.64,0.0,8.36,205383.85,8.36,125.69,44.85,-19.98,46.3
2026-08-26 23:00:00,-54.88,3.86,8.8,1.0,15,129.06,21.07,0.0,26.75,205339.22,26.75,123.39,44.63,-21.18,40.2
2026-08-27 00:00:00,-54.75,4.35,7.74,1.0,15,127.27,8.0,0.0,14.58,205295.4,14.58,120.69,43.82,-21.23,48.8
2026-08-27 01:00:00,-55.05,4.35,8.1,1.0,15,129.73,11.93,0.0,18.25,205250.71,18.25,123.41,44.69,-20.82,38.8
2026-08-27 02:00:00,-55.14,4.35,7.23,1.0,15,132.18,8.0,0.0,10.4,205204.18,10.4,129.79,46.53,-19.62,40.5
2026-08-27 03:00:00,-55.51,4.35,6.26,1.0,15,126.63,15.57,0.0,4.74,205155.35,4.74,137.47,48.83,-17.73,41.7
2026-08-27 04:00:00,-55.11,4.35,6.99,1.0,15,131.1,10.75,0.0,8.71,205107.87,8.71,133.14,47.48,-15.3,39.5
2026-08-27 05:00:00,-54.9,4.35,5.87,1.0,15,131.01,12.16,0.0,3.24,205058.53,3.24,139.92,49.35,-12.5,46.7
2026-08-27 06:00:00,-54.0,4.35,6.99,1.0,15,126.67,20.61,0.0,8.71,205009.83,8.71,138.58,48.69,-9.53,45.1
2026-08-27 07:00:00,-54.42,4.35,5.54,1.0,15,130.12,16.93,0.0,2.26,204959.24,2.26,144.79,50.59,-6.59,39.3
2026-08-27 08:00:00,-53.81,4.35,4.98,1.0,15,130.99,20.66,0.0,1.07,204907.18,1.07,150.58,52.06,-3.86,42.0
2026-08-27 09:00:00,-51.84,4.35,6.22,1.0,15,126.3,18.28,0.0,4.57,204858.73,4.57,140.01,48.46,-1.52,46.8
2026-08-27 10:00:00,-51.39,4.35,7.25,1.0,15,129.18,17.74,0.91,10.55,204811.7,10.55,135.46,47.02,0.26,47.5
2026-08-27 11:00:00,-50.89,4.35,5.71,1.0,15,124.06,24.53,4.38,2.74,204763.12,2.74,141.47,48.59,1.39,42.1
2026-08-27 12:00:00,-50.41,4.35,6.82,1.0,15,125.35,22.79,5.52,7.67,204716.53,7.67,134.94,46.58,1.77,47.3
2026-08-27 13:00:00,-50.56,4.35,8.85,1.0,15,127.84,22.49,4.38,27.48,204674.6,27.48,118.47,41.93,1.39,50.2
2026-08-27 14:00:00,-51.51,4.35,9.67,1.0,15,125.96,18.8,0.91,40.72,204636.76,40.72,103.13,37.85,0.26,44.9
2026-08-27 15:00:00,-51.47,4.35,8.05,1.0,15,128.64,19.19,0.0,17.64,204591.21,17.64,130.19,45.55,-1.52,41.3
2026-08-27 16:00:00,-51.45,4.35,8.56,1.0,15,125.75,16.96,0.0,23.62,204548.83,23.62,119.09,42.38,-3.86,53.1
2026-08-27 17:00:00,-51.78,4.35,9.25,1.0,15,128.46,19.94,0.0,33.43,204507.53,33.43,114.97,41.3,-6.59,49.3
2026-08-27 18:00:00,-52.36,4.35,7.21,1.0,15,123.71,16.59,0.0,10.21,204461.75,10.21,130.09,45.79,-9.53,43.6
2026-08-27 19:00:00,-53.01,4.35,9.24,1.0,15,127.3,17.2,0.0,33.32,204421.16,33.32,111.17,40.59,-12.5,45.7
2026-08-27 20:00:00,-53.18,4.35,11.12,1.0,15,132.86,13.3,0.0,73.37,204391.46,73.37,72.79,29.7,-15.3,43.3
2026-08-27 21:00:00,-54.15,4.35,12.0,1.0,15,124.94,18.69,0.0,99.97,204369.77,99.97,43.66,21.69,-17.73,39.4
2026-08-27 22:00:00,-55.36,4.35,12.46,1.0,15,129.12,12.7,0.0,100.0,204348.25,100.0,41.82,21.53,-19.62,46.9
2026-08-27 23:00:00,-56.32,4.35,12.35,1.0,15,137.09,13.96,0.0,100.0,204323.8,100.0,51.05,24.45,-20.82,51.1
2026-08-28 00:00:00,-56.33,4.79,11.8,1.0,15,132.07,14.64,0.0,93.39,204298.7,93.39,53.33,25.1,-20.86,47.3
2026-08-28 01:00:00,-55.98,4.79,11.58,1.0,15,131.53,10.39,0.0,86.73,204273.18,86.73,55.2,25.53,-20.45,44.2
2026-08-28 02:00:00,-56.68,4.79,12.05,1.0,15,134.87,11.86,0.0,100.0,204249.86,100.0,46.73,23.32,-19.25,40.9
2026-08-28 03:00:00,-56.7,4.79,11.7,1.0,15,135.64,15.02,0.0,90.27,204222.63,90.27,60.39,27.22,-17.36,29.2
2026-08-28 04:00:00,-56.34,4.79,10.25,1.0,15,131.52,9.64,0.0,52.21,204187.38,52.21,88.95,35.25,-14.93,50.6
2026-08-28 05:00:00,-56.56,4.79,9.38,1.0,15,129.05,16.62,0.0,35.55,204146.03,35.55,110.13,41.35,-12.14,39.2
2026-08-28 06:00:00,-55.95,4.79,11.13,1.0,15,129.68,12.29,0.0,73.61,204116.76,73.61,68.36,29.27,-9.17,47.2
2026-08-28 07:00:00,-56.07,4.79,8.36,1.0,15,130.67,13.19,0.0,21.09,204071.95,21.09,122.78,44.81,-6.23,47.7
2026-08-28 08:00:00,-56.24,4.79,9.21,1.0,15,129.58,15.45,0.0,32.89,204030.12,32.89,112.14,41.83,-3.5,47.4
2026-08-28 09:00:00,-55.04,4.79,11.73,1.0,15,128.42,21.09,0.0,91.26,204004.0,91.26,58.25,26.11,-1.16,36.7
2026-08-28 10:00:00,-54.3,4.79,11.65,1.0,15,129.19,28.8,1.9,88.91,203975.57,88.91,67.18,28.44,0.63,49.2
2026-08-28 11:00:00,-53.27,4.79,14.89,1.0,15,125.7,18.3,4.14,100.0,203955.22,100.0,39.86,20.34,1.76,42.7
2026-08-28 12:00:00,-52.49,4.79,13.83,1.0,15,130.25,22.74,5.34,100.0,203932.89,100.0,47.65,22.33,2.14,45.2
2026-08-28 13:00:00,-52.46,4.79,10.46,1.0,15,125.43,25.07,5.35,56.92,203899.01,56.92,88.23,33.88,1.76,45.1
2026-08-28 14:00:00,-52.07,4.79,11.37,1.0,15,122.35,22.39,1.93,80.55,203872.64,80.55,62.26,26.37,0.63,42.9
2026-08-28 15:00:00,-52.63,4.79,9.86,1.0,15,129.15,17.64,0.0,44.37,203834.66,44.37,102.43,37.98,-1.16,44.0
2026-08-28 16:00:00,-51.83,4.79,9.34,1.0,15,132.42,20.81,0.0,34.98,203792.41,34.98,118.25,42.25,-3.5,46.8
2026-08-28 17:00:00,-52.93,4.79,8.51,1.0,15,126.31,16.12,0.0,22.93,203749.48,22.93,119.5,42.94,-6.23,40.6
2026-08-28 18:00:00,-53.52,4.79,7.76,1.0,15,128.53,16.08,0.0,14.8,203703.43,14.8,129.81,46.05,-9.17,36.7
2026-08-28 19:00:00,-54.8,4.79,7.79,1.0,15,132.81,12.67,0.0,15.06,203656.82,15.06,130.41,46.61,-12.14,48.4
2026-08-28 20:00:00,-55.21,4.79,7.63,1.0,15,129.75,17.49,0.0,13.61,203609.17,13.61,133.64,47.65,-14.93,45.0
2026-08-28 21:00:00,-56.24,4.79,8.42,1.0,15,136.29,14.2,0.0,21.86,203562.63,21.86,128.64,46.53,-17.36,33.5
2026-08-28 22:00:00,-57.38,4.79,9.83,1.0,15,130.4,12.02,0.0,43.78,203524.31,43.78,98.65,38.33,-19.25,44.0
2026-08-28 23:00:00,-57.62,4.79,8.81,1.0,15,134.05,13.89,0.0,26.88,203479.52,26.88,121.06,44.79,-20.45,40.9
2026-08-29 00:00:00,-57.92,5.2,7.77,1.0,15,132.99,13.17,0.0,14.91,203431.74,14.91,131.25,47.78,-20.49,35.0
2026-08-29 01:00:00,-58.09,5.2,8.66,1.0,15,132.55,13.83,0.0,24.86,203386.68,24.86,121.52,45.06,-20.08,38.7
2026-08-29 02:00:00,-58.96,5.2,9.31,1.0,15,134.66,15.22,0.0,34.41,203343.08,34.41,115.47,43.6,-18.88,42.6
2026-08-29 03:00:00,-59.85,5.2,11.12,1.0,15,138.9,14.26,0.0,73.31,203309.36,73.31,79.86,33.72,-17.0,35.1
2026-08-29 04:00:00,-59.58,5.2,8.34,1.0,15,139.38,11.79,0.0,20.83,203261.34,20.83,130.34,48.02,-14.57,35.2
2026-08-29 05:00:00,-59.34,5.2,10.03,1.0,15,138.53,10.12,0.0,47.66,203221.76,47.66,101.0,39.59,-11.77,37.7
2026-08-29 06:00:00,-58.32,5.2,9.72,1.0,15,132.15,18.78,0.0,41.62,203180.11,41.62,109.32,41.65,-8.81,36.5
2026-08-29 07:00:00,-57.56,5.2,9.87,1.0,15,135.43,15.98,0.0,44.42,203139.35,44.42,106.98,40.76,-5.86,36.3
2026-08-29 08:00:00,-56.51,5.2,7.99,1.0,15,132.33,22.1,0.0,17.08,203090.25,17.08,137.35,49.1,-3.13,37.0
2026-08-29 09:00:00,-56.51,5.2,7.96,1.0,15,131.31,15.27,0.0,16.72,203043.29,16.72,129.85,46.96,-0.79,44.8
2026-08-29 10:00:00,-54.37,5.2,7.22,1.0,15,128.79,18.34,3.21,10.28,202995.89,10.28,133.65,47.4,1.0,39.7
2026-08-29 11:00:00,-53.55,5.2,6.79,1.0,15,131.67,22.01,6.57,7.44,202947.02,7.44,139.67,48.87,2.13,50.2
2026-08-29 12:00:00,-52.33,5.2,7.34,1.0,15,125.51,23.14,7.69,11.23,202901.35,11.23,129.72,45.67,2.51,56.5
2026-08-29 13:00:00,-52.22,5.2,9.06,1.0,15,127.62,25.23,6.57,30.52,202859.69,30.52,115.76,41.66,2.13,45.0
2026-08-29 14:00:00,-51.61,5.2,9.92,1.0,15,127.26,24.26,3.21,45.47,202821.9,45.47,102.85,37.8,1.0,56.4
2026-08-29 15:00:00,-52.21,5.2,9.9,1.0,15,127.86,19.53,0.0,44.97,202784.04,44.97,102.42,37.85,-0.79,48.6
2026-08-29 16:00:00,-51.98,5.2,9.69,1.0,15,124.56,21.01,0.0,41.05,202745.67,41.05,104.51,38.38,-3.13,46.8
2026-08-29 17:00:00,-52.47,5.2,9.15,1.0,15,125.44,12.14,0.0,31.93,202706.82,31.93,105.64,38.85,-5.86,45.3
2026-08-29 18:00:00,-52.93,5.2,12.08,1.0,15,127.64,15.5,0.0,100.0,202685.64,100.0,43.15,21.18,-8.81,35.5
2026-08-29 19:00:00,-53.16,5.2,11.32,1.0,15,126.18,17.76,0.0,79.13,202658.23,79.13,64.8,27.42,-11.77,42.9
2026-08-29 20:00:00,-54.68,5.2,9.72,1.0,15,127.88,14.46,0.0,41.61,202620.11,41.61,100.73,38.11,-14.57,38.4
2026-08-29 21:00:00,-55.92,5.2,8.48,1.0,15,131.9,17.69,0.0,22.63,202574.15,22.63,126.95,45.96,-17.0,47.4
2026-08-29 22:00:00,-56.47,5.2,8.95,1.0,15,130.76,10.09,0.0,28.85,202532.3,28.85,111.99,41.86,-18.88,51.2
2026-08-29 23:00:00,-55.97,5.2,8.95,1.0,15,130.8,15.58,0.0,28.93,202489.03,28.93,117.45,43.27,-20.08,44.1
2026-08-30 00:00:00,-56.39,5.58,6.67,1.0,15,131.8,11.44,0.0,6.79,202440.23,6.79,136.45,48.8,-20.11,44.0
2026-08-30 01:00:00,-56.53,5.58,8.69,1.0,15,131.4,14.38,0.0,25.24,202395.91,25.24,120.54,44.31,-19.7,47.4
2026-08-30 02:00:00,-56.89,5.58,9.47,1.0,15,132.62,10.3,0.0,37.19,202355.71,37.19,105.73,40.2,-18.51,42.9
2026-08-30 03:00:00,-55.79,5.58,9.85,1.0,15,130.52,13.75,0.0,44.13,202317.44,44.13,100.14,38.28,-16.63,49.2
2026-08-30 04:00:00,-56.69,5.58,7.86,1.0,15,137.37,16.87,0.0,15.7,202267.95,15.7,138.54,49.49,-14.2,54.3
2026-08-30 05:00:00,-56.24,5.58,7.62,1.0,15,136.06,17.66,0.0,13.52,202218.12,13.52,140.2,49.83,-11.41,50.0
2026-08-30 06:00:00,-56.62,5.58,10.29,1.0,15,131.82,16.86,0.0,53.22,202180.93,53.22,95.46,37.19,-8.44,39.4
2026-08-30 07:00:00,-57.34,5.58,11.5,1.0,15,132.88,20.13,0.0,84.18,202151.11,84.18,68.82,29.82,-5.49,46.2
2026-08-30 08:00:00,-56.24,5.58,9.96,1.0,15,131.68,20.68,0.0,46.18,202110.98,46.18,106.18,40.13,-2.76,39.5
2026-08-30 09:00:00,-55.17,5.58,8.36,1.0,15,131.04,18.78,0.0,21.18,202064.77,21.18,128.64,46.21,-0.42,42.5
2026-08-30 10:00:00,-54.36,5.58,8.28,1.0,15,129.03,21.95,4.33,20.2,202019.42,20.2,126.46,45.35,1.37,52.4
2026-08-30 11:00:00,-53.5,5.58,7.9,1.0,15,127.96,25.3,7.65,16.16,201973.48,16.16,129.44,45.94,2.5,39.9
2026-08-30 12:00:00,-50.83,5.58,8.82,1.0,15,125.52,28.67,8.77,26.99,201931.47,26.99,118.43,42.0,2.89,44.9
2026-08-30 13:00:00,-50.38,5.58,11.68,1.0,15,121.18,24.31,7.01,89.79,201909.49,89.79,48.68,21.99,2.5,52.9
2026-08-30 14:00:00,-49.67,5.58,10.36,1.0,15,120.69,17.93,4.25,54.62,201878.86,54.62,79.74,30.63,1.37,43.5
2026-08-30 15:00:00,-49.9,5.58,8.18,1.0,15,119.18,20.89,0.0,19.02,201836.39,19.02,121.05,42.47,-0.42,38.0
2026-08-30 16:00:00,-49.79,5.58,10.27,1.0,15,121.3,24.28,0.0,52.8,201802.0,52.8,92.78,34.38,-2.76,40.2
2026-08-30 17:00:00,-50.24,5.58,7.95,1.0,15,122.95,15.72,0.0,16.6,201759.14,16.6,122.08,42.86,-5.49,44.3
2026-08-30 18:00:00,-51.0,5.58,10.79,1.0,15,124.15,12.57,0.0,64.84,201730.36,64.84,71.88,28.78,-8.44,46.6
2026-08-30 19:00:00,-50.57,5.58,10.8,1.0,15,126.15,16.86,0.0,65.21,201700.01,65.21,77.79,30.34,-11.41,45.6
2026-08-30 20:00:00,-50.67,5.58,12.66,1.0,15,121.62,14.43,0.0,100.0,201681.54,100.0,36.05,18.48,-14.2,44.4
2026-08-30 21:00:00,-51.47,5.58,10.47,1.0,15,121.2,13.58,0.0,57.1,201650.96,57.1,77.68,30.58,-16.63,46.8
2026-08-30 22:00:00,-53.75,5.58,8.1,1.0,15,128.51,12.3,0.0,18.25,201606.9,18.25,122.57,44.06,-18.51,42.2
2026-08-30 23:00:00,-54.77,5.58,8.23,1.0,15,129.49,11.25,0.0,19.62,201562.95,19.62,121.12,43.95,-19.7,40.4
2026-08-31 00:00:00,-53.48,5.95,8.19,1.0,15,129.78,10.77,0.0,19.16,201519.31,19.16,121.38,43.64,-19.74,46.0
2026-08-31 01:00:00,-54.16,5.95,7.75,1.0,15,129.13,13.77,0.0,14.73,201473.53,14.73,128.17,45.78,-19.33,45.0
2026-08-31 02:00:00,-53.82,5.95,10.74,1.0,15,131.24,15.05,0.0,63.62,201440.83,63.62,82.67,32.71,-18.14,49.7
2026-08-31 03:00:00,-53.06,5.95,11.55,1.0,15,126.94,12.26,0.0,85.67,201416.65,85.67,53.52,24.17,-16.26,55.3
2026-08-31 04:00:00,-52.81,5.95,11.33,1.0,15,125.72,18.18,0.0,79.4,201389.43,79.4,64.51,27.23,-13.83,34.8
2026-08-31 05:00:00,-52.98,5.95,9.37,1.0,15,128.67,15.46,0.0,35.51,201349.58,35.51,108.63,39.85,-11.04,47.9
2026-08-31 06:00:00,-53.89,5.95,10.1,1.0,15,129.59,18.8,0.0,49.09,201312.11,49.09,99.3,37.47,-8.07,45.4
2026-08-31 07:00:00,-52.72,5.95,10.58,1.0,15,125.15,16.39,0.0,59.84,201280.01,59.84,81.7,32.1,-5.13,51.8
2026-08-31 08:00:00,-52.35,5.95,9.78,1.0,15,127.35,19.2,0.0,42.82,201241.74,42.82,103.72,38.27,-2.39,43.2
2026-08-31 09:00:00,-51.32,5.95,11.71,1.0,15,125.51,20.74,0.0,90.52,201217.46,90.52,55.73,24.28,-0.05,44.6
2026-08-31 10:00:00,-51.14,5.95,9.66,1.0,15,124.16,21.34,5.44,40.45,201180.73,40.45,99.6,36.73,1.75,40.2
2026-08-31 11:00:00,-50.42,5.95,8.58,1.0,15,125.62,19.43,8.74,23.78,201140.53,23.78,112.52,40.2,2.88,52.3
2026-08-31 12:00:00,-49.64,5.95,6.91,1.0,15,125.16,27.16,9.85,8.2,201094.37,8.2,134.27,46.16,3.26,48.4
2026-08-31 13:00:00,-48.89,5.95,8.65,1.0,15,119.5,22.51,8.74,24.77,201055.78,24.77,108.5,38.59,2.88,54.0
2026-08-31 14:00:00,-49.18,5.95,9.11,1.0,15,122.3,15.62,5.44,31.24,201019.18,31.24,101.24,36.61,1.75,46.0
2026-08-31 15:00:00,-48.3,5.95,8.35,1.0,15,120.02,18.26,0.0,21.02,200978.27,21.02,117.26,40.91,-0.05,45.4
2026-08-31 16:00:00,-48.75,5.95,7.25,1.0,15,119.57,23.53,0.0,10.51,200932.86,10.51,132.59,45.41,-2.39,52.1
2026-08-31 17:00:00,-50.07,5.95,5.8,1.0,15,122.34,21.28,0.0,3.01,200884.76,3.01,140.61,48.1,-5.13,45.8
2026-08-31 18:00:00,-50.64,5.95,5.44,1.0,15,119.61,17.33,0.0,1.99,200838.11,1.99,134.95,46.65,-8.07,50.2
2026-08-31 19:00:00,-51.3,5.95,6.2,1.0,15,126.88,17.88,0.0,4.51,200789.75,4.51,140.25,48.36,-11.04,49.1
2026-08-31 20:00:00,-52.0,5.95,6.04,1.0,15,127.33,18.49,0.0,3.84,200740.69,3.84,141.98,49.06,-13.83,46.5
2026-08-31 21:00:00,-52.03,5.95,5.96,1.0,15,121.42,13.66,0.0,3.56,200694.59,3.56,131.52,46.09,-16.26,42.9
2026-08-31 22:00:00,-53.05,5.95,8.5,1.0,15,126.81,16.08,0.0,22.86,200651.47,22.86,120.04,43.13,-18.14,47.0
2026-08-31 23:00:00,-53.93,5.95,8.61,1.0,15,129.33,10.52,0.0,24.19,200609.33,24.19,115.65,42.14,-19.33,40.8
2026-09-01 00:00:00,-54.94,6.3,9.53,1.0,15,132.03,9.7,0.0,38.18,200570.33,38.18,103.56,38.99,-19.36,44.3
2026-09-01 01:00:00,-54.95,6.3,7.4,1.0,15,129.6,12.95,0.0,11.65,200523.54,11.65,130.9,46.79,-18.95,52.2
2026-09-01 02:00:00,-55.15,6.3,7.3,1.0,15,129.94,15.12,0.0,10.92,200475.77,10.92,134.14,47.78,-17.76,49.8
2026-09-01 03:00:00,-55.49,6.3,7.62,1.0,15,131.82,17.1,0.0,13.57,200427.54,13.57,135.35,48.22,-15.88,40.8
2026-09-01 04:00:00,-56.48,6.3,6.82,1.0,15,131.05,13.96,0.0,7.65,200378.45,7.65,137.36,49.09,-13.46,44.0
2026-09-01 05:00:00,-55.21,6.3,5.96,1.0,15,134.23,12.86,0.0,3.56,200327.99,3.56,143.53,50.47,-10.67,40.9
2026-09-01 06:00:00,-55.35,6.3,8.46,1.0,15,131.02,22.98,0.0,22.34,200280.86,22.34,131.66,47.13,-7.7,44.9
2026-09-01 07:00:00,-54.93,6.3,10.95,1.0,15,130.57,17.09,0.0,68.93,200248.94,68.93,78.74,31.92,-4.75,39.2
2026-09-01 08:00:00,-53.81,6.3,8.7,1.0,15,131.37,15.74,0.0,25.38,200205.1,25.38,121.74,43.84,-2.02,41.4
2026-09-01 09:00:00,-53.58,6.3,8.18,1.0,15,127.99,21.65,1.1,19.03,200159.12,19.03,129.51,45.98,0.32,54.2
2026-09-01 10:00:00,-53.51,6.3,11.06,1.0,15,130.93,32.05,6.21,71.7,200125.82,71.7,85.07,33.3,2.12,45.5
2026-09-01 11:00:00,-53.87,6.3,8.8,1.0,15,124.98,23.47,9.83,26.73,200084.77,26.73,111.89,41.05,3.25,42.3
2026-09-01 12:00:00,-52.62,6.3,9.3,1.0,15,129.1,23.85,10.93,34.25,200045.26,34.25,107.78,39.5,3.64,34.9
2026-09-01 13:00:00,-52.31,6.3,12.17,1.0,15,128.35,25.46,8.76,100.0,200023.73,100.0,45.05,21.53,3.25,46.6
2026-09-01 14:00:00,-50.1,6.3,14.4,1.0,15,118.14,24.74,5.11,100.0,200004.94,100.0,37.77,18.8,2.12,58.4
2026-09-01 15:00:00,-50.52,6.3,12.67,1.0,15,122.6,16.4,0.95,100.0,199985.94,100.0,38.04,19.0,0.32,44.3
2026-09-01 16:00:00,-51.13,6.3,10.33,1.0,15,125.15,23.22,0.0,53.96,199950.69,53.96,94.41,35.25,-2.02,44.7
2026-09-01 17:00:00,-51.74,6.3,8.81,1.0,15,126.99,17.31,0.0,26.93,199908.72,26.93,117.36,41.97,-4.75,46.4
2026-09-01 18:00:00,-52.07,6.3,10.66,1.0,15,128.6,16.7,0.0,61.57,199876.24,61.57,83.72,32.48,-7.7,42.8
2026-09-01 19:00:00,-53.01,6.3,12.18,1.0,15,123.87,11.94,0.0,100.0,199857.13,100.0,35.81,19.11,-10.67,56.3
2026-09-01 20:00:00,-53.4,6.3,11.58,1.0,15,127.95,13.28,0.0,86.54,199832.52,86.54,54.69,24.61,-13.46,49.9
2026-09-01 21:00:00,-54.82,6.3,11.83,1.0,15,127.91,17.59,0.0,94.42,199808.52,94.42,51.08,24.0,-15.88,47.4
2026-09-01 22:00:00,-56.48,6.3,11.88,1.0,15,130.99,16.34,0.0,96.07,199783.96,96.07,51.26,24.55,-17.76,53.2
2026-09-01 23:00:00,-58.32,6.3,11.57,1.0,15,137.16,14.28,0.0,86.42,199754.94,86.42,65.02,29.03,-18.95,49.8
2026-09-02 00:00:00,-59.93,6.64,12.17,1.0,15,136.14,8.0,0.0,100.0,199731.38,100.0,44.14,23.56,-18.98,40.4
2026-09-02 01:00:00,-60.67,6.64,11.88,1.0,15,139.05,10.75,0.0,96.02,199704.85,96.02,53.78,26.53,-18.57,38.1
2026-09-02 02:00:00,-61.08,6.64,11.09,1.0,15,138.69,14.21,0.0,72.53,199670.62,72.53,80.37,34.23,-17.38,37.7
2026-09-02 03:00:00,-61.45,6.64,9.49,1.0,15,142.45,12.03,0.0,37.44,199625.83,37.44,117.04,44.79,-15.5,36.2
2026-09-02 04:00:00,-60.44,6.64,10.23,1.0,15,134.65,16.22,0.0,51.76,199586.45,51.76,99.11,39.38,-13.08,38.6
2026-09-02 05:00:00,-59.23,6.64,9.69,1.0,15,139.54,17.73,0.0,41.14,199542.58,41.14,116.13,43.87,-10.29,38.0
2026-09-02 06:00:00,-58.77,6.64,8.7,1.0,15,139.37,20.72,0.0,25.41,199493.57,25.41,134.68,49.02,-7.33,35.3
2026-09-02 07:00:00,-59.02,6.64,9.97,1.0,15,137.79,12.25,0.0,46.41,199453.32,46.41,103.64,40.24,-4.38,28.6
2026-09-02 08:00:00,-58.4,6.64,10.35,1.0,15,136.01,17.64,0.0,54.55,199414.56,54.55,99.11,38.76,-1.64,46.4
2026-09-02 09:00:00,-57.73,6.64,12.27,1.0,15,129.99,17.88,2.03,100.0,199391.17,100.0,45.84,23.38,0.7,28.4
2026-09-02 10:00:00,-57.09,6.64,10.05,1.0,15,134.9,20.51,7.64,48.17,199352.66,48.17,99.6,38.51,2.5,44.0
2026-09-02 11:00:00,-56.53,6.64,10.22,1.0,15,134.84,23.22,10.8,51.57,199315.43,51.57,95.7,37.23,3.64,47.4
2026-09-02 12:00:00,-56.06,6.64,8.89,1.0,15,132.12,24.63,12.02,28.07,199272.36,28.07,116.67,43.07,4.02,45.2
2026-09-02 13:00:00,-55.6,6.64,10.84,1.0,15,129.74,25.43,10.46,66.18,199240.3,66.18,78.54,32.06,3.64,42.6
2026-09-02 14:00:00,-55.49,6.64,8.73,1.0,15,134.23,19.88,7.66,25.84,199196.27,25.84,120.61,44.02,2.5,44.5
2026-09-02 15:00:00,-55.1,6.64,9.3,1.0,15,128.49,19.22,2.29,34.31,199155.08,34.31,111.11,41.2,0.7,41.5
2026-09-02 16:00:00,-54.86,6.64,10.34,1.0,15,132.51,19.13,0.0,54.16,199117.84,54.16,97.48,37.24,-1.64,43.4
2026-09-02 17:00:00,-55.62,6.64,9.37,1.0,15,132.37,17.88,0.0,35.41,199075.42,35.41,114.84,42.41,-4.38,41.7
2026-09-02 18:00:00,-55.26,6.64,11.83,1.0,15,130.28,14.79,0.0,94.41,199051.41,94.41,50.66,24.02,-7.33,40.1
2026-09-02 19:00:00,-56.45,6.64,12.51,1.0,15,137.86,13.49,0.0,100.0,199026.84,100.0,51.35,24.57,-10.29,48.6
2026-09-02 20:00:00,-58.13,6.64,10.71,1.0,15,136.17,13.67,0.0,62.89,198991.62,62.89,86.95,35.22,-13.08,45.8
2026-09-02 21:00:00,-58.66,6.64,7.92,1.0,15,137.21,8.88,0.0,16.38,198944.05,16.38,129.71,47.56,-15.5,40.3
2026-09-02 22:00:00,-59.92,6.64,7.44,1.0,15,138.99,9.01,0.0,12.03,198894.33,12.03,135.97,49.73,-17.38,40.3
2026-09-02 23:00:00,-60.42,6.64,7.05,1.0,15,139.31,12.35,0.0,9.08,198842.57,9.08,142.58,51.76,-18.57,36.0
2026-09-03 00:00:00,-62.0,6.97,9.4,1.0,15,140.89,13.12,0.0,35.92,198797.31,35.92,118.09,45.26,-18.59,40.3
2026-09-03 01:00:00,-61.64,6.97,12.11,1.0,15,142.21,16.42,0.0,100.0,198769.11,100.0,58.63,28.2,-18.19,38.2
2026-09-03 02:00:00,-61.44,6.97,9.48,1.0,15,140.45,8.09,0.0,37.34,198725.99,37.34,111.19,43.12,-17.0,37.3
2026-09-03 03:00:00,-62.0,6.97,9.15,1.0,15,137.09,14.64,0.0,31.97,198680.26,31.97,119.76,45.73,-15.12,39.8
2026-09-03 04:00:00,-62.0,6.97,9.19,1.0,15,139.29,18.47,0.0,32.55,198632.97,32.55,125.21,47.28,-12.71,38.9
2026-09-03 05:00:00,-61.42,6.97,7.52,1.0,15,142.74,16.19,0.0,12.65,198579.86,12.65,146.28,53.12,-9.92,34.7
2026-09-03 06:00:00,-61.17,6.97,7.43,1.0,15,141.75,14.47,0.0,11.94,198527.38,11.94,144.28,52.47,-6.95,43.6
2026-09-03 07:00:00,-60.8,6.97,7.16,1.0,15,136.95,16.64,0.0,9.89,198475.19,9.89,143.7,52.19,-4.0,44.3
2026-09-03 08:00:00,-61.17,6.97,7.72,1.0,15,138.61,24.2,0.0,14.47,198421.56,14.47,148.35,53.63,-1.27,35.7
2026-09-03 09:00:00,-60.3,6.97,8.6,1.0,15,137.11,23.83,3.45,24.11,198372.46,24.11,133.38,49.1,1.08,55.7
2026-09-03 10:00:00,-59.36,6.97,9.41,1.0,15,140.21,20.54,8.76,36.09,198328.62,36.09,115.9,43.84,2.88,35.8
2026-09-03 11:00:00,-57.91,6.97,7.88,1.0,15,131.37,21.46,12.0,15.99,198282.67,15.99,124.83,45.95,4.02,44.6
2026-09-03 12:00:00,-57.86,6.97,9.45,1.0,15,133.34,25.39,13.1,36.8,198241.29,36.8,108.83,41.38,4.41,44.4
2026-09-03 13:00:00,-58.05,6.97,9.91,1.0,15,135.15,25.1,12.0,45.17,198201.5,45.17,103.08,39.79,4.02,45.1
2026-09-03 14:00:00,-57.24,6.97,11.43,1.0,15,130.55,26.71,8.13,82.27,198172.27,82.27,66.86,29.23,2.88,50.6
2026-09-03 15:00:00,-56.34,6.97,10.47,1.0,15,132.5,19.84,3.37,57.25,198136.23,57.25,91.73,36.04,1.08,41.4
2026-09-03 16:00:00,-57.24,6.97,11.88,1.0,15,131.42,14.26,0.0,96.09,198111.93,96.09,49.59,24.3,-1.27,42.3
2026-09-03 17:00:00,-56.76,6.97,12.66,1.0,15,131.13,16.84,0.0,100.0,198088.23,100.0,47.97,23.7,-4.0,44.6
2026-09-03 18:00:00,-57.12,6.97,11.31,1.0,15,132.4,15.06,0.0,78.68,198058.49,78.68,68.77,29.74,-6.95,33.7
2026-09-03 19:00:00,-57.03,6.97,10.15,1.0,15,132.99,8.0,0.0,50.18,198022.5,50.18,90.82,35.99,-9.92,42.9
2026-09-03 20:00:00,-57.76,6.97,12.07,1.0,15,133.29,13.42,0.0,100.0,197998.86,100.0,46.71,23.64,-12.71,43.7
2026-09-03 21:00:00,-60.04,6.97,11.94,1.0,15,138.27,16.19,0.0,97.88,197971.72,97.88,56.59,27.14,-15.12,36.4
2026-09-03 22:00:00,-60.87,6.97,13.29,1.0,15,142.09,15.15,0.0,100.0,197944.15,100.0,57.23,27.57,-17.0,50.3
2026-09-03 23:00:00,-60.9,6.97,13.21,1.0,15,141.31,11.93,0.0,100.0,197917.7,100.0,53.23,26.44,-18.19,40.6
2026-09-04 00:00:00,-61.65,7.29,12.32,1.0,15,143.89,11.62,0.0,100.0,197890.39,100.0,55.51,27.31,-18.21,35.1
2026-09-04 01:00:00,-62.0,7.29,9.87,1.0,15,140.94,11.34,0.0,44.41,197848.05,44.41,107.86,42.34,-17.8,35.6
2026-09-04 02:00:00,-62.0,7.29,8.81,1.0,15,140.94,11.28,0.0,26.93,197800.74,26.93,125.29,47.31,-16.62,34.5
2026-09-04 03:00:00,-62.0,7.29,11.74,1.0,15,141.56,15.73,0.0,91.49,197770.39,91.49,65.8,30.35,-14.74,34.7
2026-09-04 04:00:00,-62.0,7.29,10.25,1.0,15,137.73,18.32,0.0,52.19,197729.19,52.19,103.86,41.2,-12.33,40.2
2026-09-04 05:00:00,-62.0,7.29,8.27,1.0,15,143.38,17.6,0.0,20.12,197677.44,20.12,140.85,51.74,-9.54,40.6
2026-09-04 06:00:00,-61.95,7.29,9.19,1.0,15,140.2,14.32,0.0,32.56,197631.1,32.56,121.97,46.35,-6.57,40.8
2026-09-04 07:00:00,-61.11,7.29,9.97,1.0,15,139.63,15.22,0.0,46.41,197588.86,46.41,108.43,42.24,-3.63,42.5
2026-09-04 08:00:00,-59.34,7.29,8.86,1.0,15,137.92,23.13,0.0,27.65,197540.03,27.65,133.41,48.82,-0.89,42.6
2026-09-04 09:00:00,-58.04,7.29,8.12,1.0,15,133.27,20.98,4.6,18.38,197492.21,18.38,131.27,47.82,1.46,52.4
2026-09-04 10:00:00,-57.13,7.29,8.17,1.0,15,131.93,20.55,9.86,18.97,197446.83,18.97,123.64,45.38,3.27,46.7
2026-09-04 11:00:00,-56.68,7.29,6.3,1.0,15,133.72,24.29,13.09,4.92,197396.93,4.92,140.0,49.9,4.4,37.3
2026-09-04 12:00:00,-55.33,7.29,8.18,1.0,15,131.71,20.43,14.18,19.08,197353.45,19.08,118.88,43.48,4.79,43.7
2026-09-04 13:00:00,-55.76,7.29,7.7,1.0,15,136.46,20.48,13.09,14.22,197306.78,14.22,129.62,46.67,4.4,37.5
2026-09-04 14:00:00,-54.86,7.29,9.58,1.0,15,130.57,20.91,9.86,39.08,197268.1,39.08,102.54,38.68,3.27,44.0
2026-09-04 15:00:00,-55.26,7.29,10.6,1.0,15,131.83,23.42,4.46,60.22,197232.71,60.22,90.56,35.39,1.46,36.5
2026-09-04 16:00:00,-54.47,7.29,10.66,1.0,15,134.54,17.89,0.0,61.57,197197.48,61.57,90.86,35.23,-0.89,43.0
2026-09-04 17:00:00,-54.58,7.29,9.49,1.0,15,130.35,19.76,0.0,37.55,197156.02,37.55,112.56,41.45,-3.63,43.5
2026-09-04 18:00:00,-54.6,7.29,9.32,1.0,15,130.59,17.04,0.0,34.61,197114.43,34.61,113.01,41.59,-6.57,37.3
2026-09-04 19:00:00,-55.15,7.29,8.95,1.0,15,124.07,11.2,0.0,28.86,197074.56,28.86,106.41,39.87,-9.54,43.7
2026-09-04 20:00:00,-56.92,7.29,8.32,1.0,15,132.38,18.97,0.0,20.66,197027.24,20.66,130.69,47.32,-12.33,40.4
2026-09-04 21:00:00,-58.21,7.29,9.99,1.0,15,135.67,9.68,0.0,46.76,196988.68,46.76,98.59,38.56,-14.74,35.9
2026-09-04 22:00:00,-58.56,7.29,9.56,1.0,15,134.09,11.14,0.0,38.66,196947.74,38.66,106.57,40.94,-16.62,45.7
2026-09-04 23:00:00,-59.16,7.29,10.77,1.0,15,137.17,11.48,0.0,64.24,196912.93,64.24,84.41,34.81,-17.8,38.9
2026-09-05 00:00:00,-58.67,7.6,8.71,1.0,15,137.52,15.29,0.0,25.48,196866.04,25.48,127.33,46.89,-17.82,46.6
2026-09-05 01:00:00,-58.86,7.6,7.4,1.0,15,138.26,11.03,0.0,11.7,196816.17,11.7,137.59,49.87,-17.42,41.9
2026-09-05 02:00:00,-59.67,7.6,10.97,1.0,15,137.25,10.28,0.0,69.39,196783.0,69.39,78.15,33.17,-16.23,38.3
2026-09-05 03:00:00,-60.15,7.6,10.63,1.0,15,134.8,15.88,0.0,60.97,196746.38,60.97,89.71,36.61,-14.36,35.1
2026-09-05 04:00:00,-59.84,7.6,10.11,1.0,15,137.94,13.41,0.0,49.29,196706.35,49.29,102.06,40.04,-11.95,34.3
2026-09-05 05:00:00,-60.76,7.6,9.78,1.0,15,138.25,17.24,0.0,42.83,196663.01,42.83,112.67,43.34,-9.16,40.4
2026-09-05 06:00:00,-59.05,7.6,8.47,1.0,15,134.83,23.74,0.0,22.51,196613.52,22.51,136.06,49.49,-6.19,42.5
2026-09-05 07:00:00,-57.92,7.6,9.39,1.0,15,134.16,16.35,0.0,35.71,196570.42,35.71,114.8,43.1,-3.25,37.4
2026-09-05 08:00:00,-56.22,7.6,7.61,1.0,15,131.37,20.07,0.0,13.47,196521.23,13.47,137.97,49.19,-0.51,36.8
2026-09-05 09:00:00,-56.16,7.6,8.18,1.0,15,131.56,17.35,5.74,19.09,196476.02,19.09,124.09,45.21,1.85,46.4
2026-09-05 10:00:00,-54.38,7.6,8.58,1.0,15,128.28,21.27,10.97,23.81,196434.0,23.81,114.77,42.02,3.65,47.9
2026-09-05 11:00:00,-52.07,7.6,10.73,1.0,15,128.88,25.2,13.67,63.27,196403.39,63.27,77.14,30.61,4.79,41.8
2026-09-05 12:00:00,-52.06,7.6,10.24,1.0,15,126.28,29.03,15.09,51.96,196369.62,51.96,88.26,33.77,5.18,45.0
2026-09-05 13:00:00,-50.94,7.6,8.48,1.0,15,124.55,19.66,14.18,22.54,196330.7,22.54,107.49,38.92,4.79,49.4
2026-09-05 14:00:00,-50.5,7.6,8.8,1.0,15,124.19,24.17,10.97,26.72,196291.01,26.72,110.68,39.69,3.65,41.6
2026-09-05 15:00:00,-51.22,7.6,7.23,1.0,15,121.37,17.59,5.74,10.37,196247.63,10.37,122.86,43.38,1.85,42.2
2026-09-05 16:00:00,-50.94,7.6,6.61,1.0,15,126.2,17.88,0.0,6.43,196200.12,6.43,137.65,47.51,-0.51,50.9
2026-09-05 17:00:00,-50.7,7.6,5.27,1.0,15,130.73,15.96,0.0,1.6,196150.56,1.6,145.09,49.56,-3.25,42.5
2026-09-05 18:00:00,-51.53,7.6,6.29,1.0,15,122.75,14.23,0.0,4.89,196104.45,4.89,132.09,46.1,-6.19,46.7
2026-09-05 19:00:00,-51.46,7.6,5.4,1.0,15,123.28,15.86,0.0,1.9,196056.9,1.9,137.24,47.55,-9.16,46.9
2026-09-05 20:00:00,-53.23,7.6,6.23,1.0,15,126.3,11.23,0.0,4.64,196010.06,4.64,132.89,46.84,-11.95,39.1
2026-09-05 21:00:00,-54.95,7.6,9.27,1.0,15,130.83,8.0,0.0,33.83,195970.65,33.83,104.99,39.41,-14.36,48.7
2026-09-05 22:00:00,-55.67,7.6,9.96,1.0,15,130.98,11.59,0.0,46.23,195933.49,46.23,96.34,37.16,-16.23,35.5
2026-09-05 23:00:00,-56.39,7.6,7.98,1.0,15,131.28,10.47,0.0,16.96,195888.01,16.96,124.78,45.48,-17.42,44.1
2026-09-06 00:00:00,-57.08,7.9,7.22,1.0,15,134.76,11.55,0.0,10.32,195839.13,10.32,135.98,48.88,-17.43,39.9
2026-09-06 01:00:00,-57.04,7.9,8.29,1.0,15,134.26,10.48,0.0,20.35,195793.57,20.35,124.39,45.56,-17.03,42.7
2026-09-06 02:00:00,-56.97,7.9,10.33,1.0,15,136.0,14.38,0.0,54.07,195756.03,54.07,96.31,37.54,-15.84,41.1
2026-09-06 03:00:00,-56.48,7.9,7.95,1.0,15,132.87,15.02,0.0,16.6,195708.67,16.6,131.29,47.36,-13.98,37.0
2026-09-06 04:00:00,-56.36,7.9,9.49,1.0,15,132.27,10.34,0.0,37.5,195668.81,37.5,105.1,39.86,-11.56,41.2
2026-09-06 05:00:00,-55.56,7.9,9.48,1.0,15,130.17,18.87,0.0,37.33,195627.3,37.33,111.71,41.51,-8.78,45.7
2026-09-06 06:00:00,-55.2,7.9,9.42,1.0,15,131.08,18.46,0.0,36.23,195585.45,36.23,113.31,41.85,-5.81,42.4
2026-09-06 07:00:00,-53.16,7.9,11.93,1.0,15,125.11,16.25,0.0,97.73,195564.07,97.73,43.62,21.38,-2.86,42.7
2026-09-06 08:00:00,-52.75,7.9,11.99,1.0,15,129.16,18.33,0.0,99.69,195541.62,99.69,47.8,22.45,-0.12,35.5
2026-09-06 09:00:00,-50.51,7.9,12.62,1.0,15,124.67,24.1,5.97,100.0,195521.27,100.0,42.8,20.35,2.23,42.7
2026-09-06 10:00:00,-49.54,7.9,11.0,1.0,15,122.28,21.92,11.47,70.13,195495.56,70.13,62.61,25.7,4.04,44.1
2026-09-06 11:00:00,-49.48,7.9,10.53,1.0,15,120.81,26.77,14.87,58.54,195466.58,58.54,74.18,28.99,5.18,52.1
2026-09-06 12:00:00,-47.88,7.9,10.42,1.0,15,122.81,25.87,16.01,56.1,195437.39,56.1,76.58,29.19,5.57,47.2
2026-09-06 13:00:00,-47.2,7.9,9.31,1.0,15,116.96,27.05,15.27,34.54,195403.38,34.54,94.21,34.01,5.18,52.1
2026-09-06 14:00:00,-46.3,7.9,9.39,1.0,15,114.9,25.03,12.07,35.72,195370.22,35.72,92.15,33.15,4.04,46.4
2026-09-06 15:00:00,-45.41,7.9,8.27,1.0,15,114.71,19.45,6.87,20.08,195333.05,20.08,107.2,37.18,2.23,40.6
2026-09-06 16:00:00,-45.31,7.9,7.1,1.0,15,117.05,19.17,0.0,9.47,195290.33,9.47,126.75,42.72,-0.12,55.9
2026-09-06 17:00:00,-46.0,7.9,7.12,1.0,15,119.45,20.14,0.0,9.61,195246.49,9.61,129.98,43.84,-2.86,46.6
2026-09-06 18:00:00,-45.94,7.9,8.52,1.0,15,118.55,18.7,0.0,23.01,195207.15,23.01,114.24,39.34,-5.81,55.2
2026-09-06 19:00:00,-46.66,7.9,10.7,1.0,15,114.44,17.28,0.0,62.69,195180.48,62.69,69.03,26.67,-8.78,48.9
2026-09-06 20:00:00,-47.07,7.9,9.98,1.0,15,117.84,13.56,0.0,46.65,195149.2,46.65,84.75,31.28,-11.56,56.6
2026-09-06 21:00:00,-49.27,7.9,10.14,1.0,15,120.32,17.68,0.0,49.89,195116.31,49.89,88.11,32.89,-13.98,64.0
2026-09-06 22:00:00,-49.89,7.9,8.25,1.0,15,123.2,13.91,0.0,19.81,195074.92,19.81,117.29,41.39,-15.84,49.8
2026-09-06 23:00:00,-51.1,7.9,10.39,1.0,15,123.55,17.87,0.0,55.37,195042.06,55.37,86.06,32.85,-17.03,39.9
2026-09-07 00:00:00,-50.42,8.2,10.15,1.0,15,124.85,9.36,0.0,50.1,195009.96,50.1,84.11,32.1,-17.04,49.9
2026-09-07 01:00:00,-50.59,8.2,10.88,1.0,15,122.41,12.0,0.0,67.2,194982.64,67.2,67.2,27.33,-16.64,48.9
2026-09-07 02:00:00,-50.78,8.2,11.48,1.0,15,121.86,12.38,0.0,83.79,194960.02,83.79,50.45,22.61,-15.46,40.7
2026-09-07 03:00:00,-50.61,8.2,9.84,1.0,15,126.32,15.81,0.0,43.95,194923.86,43.95,98.18,36.16,-13.59,43.7
2026-09-07 04:00:00,-51.09,8.2,9.61,1.0,15,124.13,11.9,0.0,39.7,194888.08,39.7,96.32,35.78,-11.18,44.5
2026-09-07 05:00:00,-49.76,8.2,12.13,1.0,15,124.07,12.96,0.0,100.0,194869.6,100.0,37.03,18.48,-8.39,49.5
2026-09-07 06:00:00,-48.0,8.2,9.6,1.0,15,116.87,19.37,0.0,39.38,194834.59,39.38,96.86,35.01,-5.43,44.4
2026-09-07 07:00:00,-47.07,8.2,10.03,1.0,15,115.86,17.21,0.0,47.66,194803.13,47.66,85.41,31.46,-2.48,44.5
2026-09-07 08:00:00,-45.29,8.2,12.46,1.0,15,112.41,20.64,0.79,100.0,194787.35,100.0,32.26,15.78,0.26,45.2
2026-09-07 09:00:00,-44.77,8.2,10.7,1.0,15,112.69,19.08,7.72,62.51,194763.38,62.51,61.54,23.97,2.62,42.1
2026-09-07 10:00:00,-44.38,8.2,11.78,1.0,15,112.31,25.68,12.0,92.73,194747.58,92.73,33.26,15.79,4.43,54.9
2026-09-07 11:00:00,-43.55,8.2,13.24,1.0,15,110.81,27.4,13.71,100.0,194734.53,100.0,24.51,13.05,5.57,52.8
2026-09-07 12:00:00,-42.59,8.2,12.92,1.0,15,110.92,29.1,14.89,100.0,194721.6,100.0,25.14,12.94,5.96,57.0
2026-09-07 13:00:00,-42.3,8.2,10.78,1.0,15,108.37,21.85,15.72,64.53,194701.66,64.53,49.97,19.93,5.57,49.7
2026-09-07 14:00:00,-41.65,8.2,9.61,1.0,15,107.9,20.0,13.17,39.63,194674.76,39.63,75.1,26.9,4.43,50.0
2026-09-07 15:00:00,-41.38,8.2,7.45,1.0,15,109.62,21.29,8.0,12.13,194637.77,12.13,110.79,36.99,2.62,55.7
2026-09-07 16:00:00,-42.14,8.2,9.26,1.0,15,114.63,22.58,0.9,33.59,194602.86,33.59,102.72,34.92,0.26,57.8
2026-09-07 17:00:00,-42.2,8.2,10.66,1.0,15,111.46,14.98,0.0,61.75,194578.76,61.75,64.7,24.1,-2.48,58.3
2026-09-07 18:00:00,-42.27,8.2,10.59,1.0,15,111.36,13.25,0.0,59.9,194554.63,59.9,64.71,24.12,-5.43,47.7
2026-09-07 19:00:00,-42.93,8.2,9.54,1.0,15,110.95,13.84,0.0,38.34,194524.12,38.34,86.45,30.52,-8.39,57.5
2026-09-07 20:00:00,-43.11,8.2,7.68,1.0,15,107.47,14.81,0.0,14.04,194487.34,14.04,108.23,36.78,-11.18,60.2
2026-09-07 21:00:00,-44.8,8.2,8.98,1.0,15,114.0,13.66,0.0,29.32,194452.87,29.32,98.35,34.47,-13.59,53.5
2026-09-07 22:00:00,-45.46,8.2,9.78,1.0,15,113.22,10.24,0.0,42.78,194423.24,42.78,80.67,29.63,-15.46,56.7
2026-09-07 23:00:00,-47.05,8.2,11.57,1.0,15,120.18,10.7,0.0,86.31,194403.42,86.31,44.58,19.82,-16.64,52.3
2026-09-08 00:00:00,-48.09,8.49,11.65,1.0,15,123.0,12.62,0.0,88.78,194382.64,88.78,46.84,20.78,-16.65,43.3
2026-09-08 01:00:00,-49.05,8.49,12.24,1.0,15,119.03,10.66,0.0,100.0,194366.47,100.0,29.69,16.18,-16.24,52.9
2026-09-08 02:00:00,-49.98,8.49,12.2,1.0,15,122.42,9.74,0.0,100.0,194349.3,100.0,32.16,17.16,-15.06,49.5
2026-09-08 03:00:00,-50.43,8.49,11.68,1.0,15,120.18,14.91,0.0,89.57,194328.2,89.57,45.52,21.1,-13.2,42.1
2026-09-08 04:00:00,-50.44,8.49,10.57,1.0,15,125.01,12.52,0.0,59.5,194297.83,59.5,78.03,30.37,-10.79,44.3
2026-09-08 05:00:00,-49.58,8.49,12.03,1.0,15,124.6,13.84,0.0,100.0,194279.0,100.0,38.44,18.83,-8.01,49.9
2026-09-08 06:00:00,-49.23,8.49,11.63,1.0,15,122.55,15.46,0.0,88.25,194257.05,88.25,49.77,21.95,-5.05,60.1
2026-09-08 07:00:00,-49.46,8.49,10.44,1.0,15,122.37,18.54,0.0,56.53,194225.16,56.53,84.38,31.89,-2.09,56.9
2026-09-08 08:00:00,-47.92,8.49,8.36,1.0,15,119.17,19.39,2.13,21.13,194184.93,21.13,115.3,40.23,0.65,39.1
2026-09-08 09:00:00,-47.51,8.49,7.73,1.0,15,119.73,20.17,9.12,14.55,194144.55,14.55,116.24,40.38,3.01,49.4
2026-09-08 10:00:00,-46.63,8.49,8.16,1.0,15,116.68,23.43,14.26,18.85,194107.06,18.85,107.0,37.48,4.82,57.5
2026-09-08 11:00:00,-45.51,8.49,7.54,1.0,15,114.72,24.5,17.45,12.81,194069.35,12.81,108.96,37.71,5.96,48.9
2026-09-08 12:00:00,-44.66,8.49,6.89,1.0,15,116.98,29.93,18.52,8.09,194028.67,8.09,120.3,40.68,6.35,49.0
2026-09-08 13:00:00,-43.43,8.49,7.5,1.0,15,114.04,25.08,17.45,12.51,193991.53,12.51,109.17,37.14,5.96,49.7
2026-09-08 14:00:00,-42.8,8.49,6.66,1.0,15,110.09,21.41,14.26,6.75,193954.2,6.75,110.49,37.33,4.82,57.1
2026-09-08 15:00:00,-43.21,8.49,8.51,1.0,15,115.95,17.07,9.12,22.89,193919.45,22.89,101.02,34.75,3.01,54.5
2026-09-08 16:00:00,-42.02,8.49,8.5,1.0,15,108.6,22.06,2.13,22.85,193883.72,22.85,105.68,35.72,0.65,56.2
2026-09-08 17:00:00,-42.27,8.49,8.82,1.0,15,114.77,17.41,0.0,27.02,193848.07,27.02,105.16,35.65,-2.09,52.3
2026-09-08 18:00:00,-42.94,8.49,7.51,1.0,15,108.7,17.45,0.0,12.59,193809.82,12.59,113.56,38.25,-5.05,61.5
2026-09-08 19:00:00,-43.1,8.49,7.24,1.0,15,111.49,17.67,0.0,10.49,193770.07,10.49,118.68,39.75,-8.01,51.1
2026-09-08 20:00:00,-43.83,8.49,7.35,1.0,15,113.93,11.99,0.0,11.27,193731.24,11.27,114.65,38.82,-10.79,56.5
2026-09-08 21:00:00,-44.52,8.49,9.04,1.0,15,114.78,10.99,0.0,30.19,193697.65,30.19,95.57,33.59,-13.2,41.2
2026-09-08 22:00:00,-43.96,8.49,10.04,1.0,15,113.54,13.08,0.0,47.79,193669.0,47.79,78.83,28.65,-15.06,51.8
2026-09-08 23:00:00,-45.03,8.49,8.68,1.0,15,117.59,19.83,0.0,25.2,193630.51,25.2,112.22,38.49,-16.24,48.9
2026-09-09 00:00:00,-45.61,8.78,9.11,1.0,15,116.66,10.74,0.0,31.26,193596.42,31.26,96.14,34.08,-16.26,51.3
2026-09-09 01:00:00,-46.14,8.78,8.1,1.0,15,117.65,11.33,0.0,18.17,193558.0,18.17,110.81,38.42,-15.85,42.3
2026-09-09 02:00:00,-45.9,8.78,11.93,1.0,15,114.8,15.41,0.0,97.56,193541.92,97.56,32.66,16.08,-14.67,58.8
2026-09-09 03:00:00,-46.98,8.78,13.62,1.0,15,119.63,15.1,0.0,100.0,193524.93,100.0,34.73,16.99,-12.81,50.6
2026-09-09 04:00:00,-48.1,8.78,12.44,1.0,15,118.58,12.75,0.0,100.0,193508.57,100.0,31.33,16.36,-10.4,60.2
2026-09-09 05:00:00,-48.13,8.78,12.13,1.0,15,122.1,10.57,0.0,100.0,193491.82,100.0,32.68,16.75,-7.62,52.8
2026-09-09 06:00:00,-48.58,8.78,12.41,1.0,15,123.47,15.72,0.0,100.0,193473.08,100.0,39.18,18.74,-4.66,49.9
2026-09-09 07:00:00,-48.11,8.78,12.21,1.0,15,119.75,23.11,0.0,100.0,193453.43,100.0,42.86,19.65,-1.71,49.0
2026-09-09 08:00:00,-46.97,8.78,11.97,1.0,15,118.95,18.17,2.99,98.94,193436.31,98.94,35.19,17.12,1.04,53.1
2026-09-09 09:00:00,-46.61,8.78,13.77,1.0,15,117.86,24.56,8.31,100.0,193419.61,100.0,34.12,16.7,3.4,53.8
2026-09-09 10:00:00,-46.56,8.78,12.66,1.0,15,117.01,20.84,13.31,100.0,193405.65,100.0,24.54,13.96,5.21,52.6
2026-09-09 11:00:00,-45.66,8.78,12.03,1.0,15,115.29,27.94,16.65,100.0,193391.38,100.0,26.57,14.27,6.35,62.1
2026-09-09 12:00:00,-44.4,8.78,12.64,1.0,15,111.33,28.52,17.02,100.0,193378.55,100.0,22.82,12.82,6.74,57.5
2026-09-09 13:00:00,-44.86,8.78,12.15,1.0,15,113.08,25.51,16.54,100.0,193365.81,100.0,22.05,12.74,6.35,48.2
2026-09-09 14:00:00,-43.99,8.78,12.08,1.0,15,113.4,27.84,13.77,100.0,193351.78,100.0,27.47,14.03,5.21,48.0
2026-09-09 15:00:00,-43.37,8.78,10.18,1.0,15,115.37,21.8,10.14,50.85,193324.06,50.85,76.18,27.72,3.4,54.7
2026-09-09 16:00:00,-42.9,8.78,9.31,1.0,15,112.25,25.44,3.32,34.53,193289.74,34.53,99.84,34.33,1.04,53.8
2026-09-09 17:00:00,-42.52,8.78,7.86,1.0,15,113.41,17.31,0.0,15.79,193251.23,15.79,114.93,38.51,-1.71,54.5
2026-09-09 18:00:00,-41.76,8.78,8.12,1.0,15,105.89,15.49,0.0,18.4,193216.35,18.4,102.99,34.88,-4.66,45.6
2026-09-09 19:00:00,-42.73,8.78,8.13,1.0,15,114.23,16.33,0.0,18.49,193178.59,18.49,112.07,37.76,-7.62,57.4
2026-09-09 20:00:00,-43.54,8.78,12.84,1.0,15,113.93,10.65,0.0,100.0,193165.52,100.0,24.58,13.07,-10.4,50.5
2026-09-09 21:00:00,-44.73,8.78,12.06,1.0,15,116.61,14.03,0.0,100.0,193150.37,100.0,30.65,15.15,-12.81,62.6
2026-09-09 22:00:00,-45.66,8.78,12.28,1.0,15,111.5,10.44,0.0,100.0,193137.42,100.0,21.94,12.95,-14.67,51.9
2026-09-09 23:00:00,-45.6,8.78,10.68,1.0,15,114.82,15.81,0.0,62.21,193111.24,62.21,68.42,26.18,-15.85,50.2
2026-09-10 00:00:00,-46.78,9.07,11.56,1.0,15,115.21,15.56,0.0,86.12,193091.48,86.12,44.65,19.76,-15.86,52.4
2026-09-10 01:00:00,-47.89,9.07,11.16,1.0,15,120.79,10.62,0.0,74.53,193067.9,74.53,56.87,23.57,-15.46,45.8
2026-09-10 02:00:00,-47.42,9.07,11.21,1.0,15,119.63,11.57,0.0,75.82,193044.89,75.82,55.38,23.01,-14.28,57.8
2026-09-10 03:00:00,-46.96,9.07,9.78,1.0,15,119.84,16.23,0.0,42.75,193011.21,42.75,93.32,33.68,-12.42,61.7
2026-09-10 04:00:00,-47.09,9.07,9.64,1.0,15,117.16,20.1,0.0,40.14,192976.4,40.14,97.11,34.81,-10.01,53.3
2026-09-10 05:00:00,-46.26,9.07,9.86,1.0,15,118.51,15.37,0.0,44.28,192943.99,44.28,89.6,32.42,-7.24,53.6
2026-09-10 06:00:00,-45.54,9.07,9.84,1.0,15,115.6,18.99,0.0,43.99,192911.5,43.99,90.6,32.48,-4.27,47.9
2026-09-10 07:00:00,-43.96,9.07,11.64,1.0,15,115.72,19.93,0.0,88.53,192891.89,88.53,47.12,19.62,-1.32,52.0
2026-09-10 08:00:00,-43.13,9.07,12.76,1.0,15,113.36,22.06,3.87,100.0,192876.96,100.0,31.55,14.93,1.43,55.4
2026-09-10 09:00:00,-41.66,9.07,14.61,1.0,15,107.97,15.52,8.74,100.0,192867.26,100.0,14.75,9.7,3.79,48.0
2026-09-10 10:00:00,-39.22,9.07,13.54,1.0,15,106.43,21.71,13.54,100.0,192858.33,100.0,14.6,8.93,5.6,63.5
2026-09-10 11:00:00,-38.11,9.07,15.2,1.0,15,101.02,30.12,14.52,100.0,192849.16,100.0,16.62,9.17,6.75,48.7
2026-09-10 12:00:00,-37.45,9.07,14.79,1.0,15,105.67,23.79,15.74,100.0,192841.02,100.0,13.72,8.14,7.14,46.6
2026-09-10 13:00:00,-36.55,9.07,12.26,1.0,15,103.11,25.07,17.41,100.0,192833.98,100.0,10.77,7.03,6.75,66.3
2026-09-10 14:00:00,-36.51,9.07,10.99,1.0,15,103.14,30.34,15.65,69.89,192816.36,69.89,47.96,17.62,5.6,61.5
2026-09-10 15:00:00,-35.04,9.07,9.42,1.0,15,101.34,20.94,11.35,36.31,192791.58,36.31,74.61,24.78,3.79,54.0
2026-09-10 16:00:00,-35.17,9.07,6.93,1.0,15,100.0,20.19,4.49,8.36,192757.44,8.36,107.34,34.14,1.43,59.4
2026-09-10 17:00:00,-35.79,9.07,6.33,1.0,15,97.27,18.93,0.0,5.08,192722.03,5.08,111.12,35.41,-1.32,59.3
2026-09-10 18:00:00,-36.96,9.07,4.73,1.0,15,104.42,20.0,0.0,0.71,192682.69,0.71,123.71,39.35,-4.27,57.8
2026-09-10 19:00:00,-37.13,9.07,6.71,1.0,15,100.93,17.18,0.0,7.02,192646.89,7.02,111.08,35.8,-7.24,52.0
2026-09-10 20:00:00,-37.55,9.07,7.02,1.0,15,101.4,12.71,0.0,8.91,192612.64,8.91,105.2,34.25,-10.01,58.4
2026-09-10 21:00:00,-38.87,9.07,6.85,1.0,15,106.91,13.35,0.0,7.85,192575.94,7.85,112.41,36.7,-12.42,61.7
2026-09-10 22:00:00,-39.54,9.07,8.43,1.0,15,105.13,12.22,0.0,22.0,192543.91,22.0,95.36,32.04,-14.28,46.7
2026-09-10 23:00:00,-41.41,9.07,9.96,1.0,15,109.55,15.62,0.0,46.28,192516.0,46.28,78.89,27.91,-15.46,51.5
2026-09-11 00:00:00,-41.72,9.35,12.73,1.0,15,111.26,12.77,0.0,100.0,192503.64,100.0,24.03,12.36,-15.46,47.9
2026-09-11 01:00:00,-42.09,9.35,12.1,1.0,15,111.78,13.57,0.0,100.0,192490.78,100.0,25.35,12.85,-15.06,49.6
2026-09-11 02:00:00,-41.51,9.35,10.99,1.0,15,111.77,11.47,0.0,70.02,192470.17,70.02,53.21,20.62,-13.88,55.8
2026-09-11 03:00:00,-42.21,9.35,9.66,1.0,15,109.22,19.33,0.0,40.6,192439.44,40.6,87.94,30.73,-12.03,46.9
2026-09-11 04:00:00,-42.97,9.35,8.42,1.0,15,110.93,11.77,0.0,21.8,192404.79,21.8,100.91,34.65,-9.62,61.5
2026-09-11 05:00:00,-43.25,9.35,7.49,1.0,15,112.81,21.71,0.0,12.41,192364.02,12.41,122.11,40.78,-6.85,52.9
2026-09-11 06:00:00,-43.58,9.35,7.52,1.0,15,109.72,15.96,0.0,12.66,192325.73,12.66,113.03,38.29,-3.88,50.4
2026-09-11 07:00:00,-42.12,9.35,11.75,1.0,15,108.52,20.41,0.0,91.87,192309.53,91.87,37.05,16.19,-0.93,43.9
2026-09-11 08:00:00,-40.42,9.35,8.49,1.0,15,105.7,20.41,5.65,22.66,192276.54,22.66,97.79,33.0,1.82,55.4
2026-09-11 09:00:00,-39.41,9.35,7.48,1.0,15,101.47,19.12,12.47,12.32,192244.41,12.32,95.8,32.13,4.18,55.7
2026-09-11 10:00:00,-37.86,9.35,6.72,1.0,15,102.5,23.26,17.55,7.08,192211.23,7.08,101.13,33.18,6.0,50.0
2026-09-11 11:00:00,-37.04,9.35,8.13,1.0,15,102.44,29.36,20.71,18.49,192180.73,18.49,92.6,30.5,7.15,52.3
2026-09-11 12:00:00,-36.48,9.35,7.78,1.0,15,101.89,23.28,21.78,14.99,192151.59,14.99,88.4,29.14,7.54,66.2
2026-09-11 13:00:00,-36.22,9.35,7.89,1.0,15,100.13,18.23,20.71,16.06,192124.47,16.06,81.59,27.12,7.15,55.9
2026-09-11 14:00:00,-36.15,9.35,6.85,1.0,15,99.15,19.29,17.55,7.85,192094.11,7.85,93.03,30.36,6.0,58.1
2026-09-11 15:00:00,-37.06,9.35,7.05,1.0,15,102.18,22.72,12.47,9.12,192060.55,9.12,103.31,33.56,4.18,60.0
2026-09-11 16:00:00,-37.1,9.35,6.04,1.0,15,101.38,17.11,5.65,3.86,192025.36,3.86,108.98,35.19,1.82,56.4
2026-09-11 17:00:00,-37.55,9.35,6.91,1.0,15,98.01,17.84,0.0,8.22,191990.42,8.22,107.62,34.94,-0.93,63.6
2026-09-11 18:00:00,-37.73,9.35,5.92,1.0,15,101.58,18.27,0.0,3.41,191952.91,3.41,116.45,37.51,-3.88,53.0
2026-09-11 19:00:00,-38.48,9.35,7.92,1.0,15,105.32,17.23,0.0,16.3,191918.09,16.3,106.25,34.83,-6.85,54.0
2026-09-11 20:00:00,-39.51,9.35,8.37,1.0,15,106.21,15.38,0.0,21.29,191884.65,21.29,100.3,33.44,-9.62,53.3
2026-09-11 21:00:00,-41.02,9.35,9.34,1.0,15,109.0,19.4,0.0,34.91,191852.7,34.91,93.48,31.95,-12.03,50.3
2026-09-11 22:00:00,-41.95,9.35,8.87,1.0,15,111.37,17.64,0.0,27.75,191818.26,27.75,101.26,34.44,-13.88,49.1
2026-09-11 23:00:00,-42.42,9.35,8.41,1.0,15,111.34,10.04,0.0,21.74,191784.13,21.74,99.65,34.13,-15.06,53.3
2026-09-12 00:00:00,-43.5,9.62,6.99,1.0,15,112.62,14.78,0.0,8.71,191744.26,8.71,118.69,39.88,-15.06,59.1
2026-09-12 01:00:00,-44.07,9.62,7.56,1.0,15,112.42,14.61,0.0,12.98,191705.53,12.98,114.05,38.72,-14.66,46.1
2026-09-12 02:00:00,-44.34,9.62,7.93,1.0,15,112.22,9.59,0.0,16.44,191669.2,16.44,105.37,36.33,-13.49,50.8
2026-09-12 03:00:00,-44.96,9.62,8.04,1.0,15,114.82,11.67,0.0,17.51,191631.65,17.51,108.98,37.55,-11.63,55.1
2026-09-12 04:00:00,-45.25,9.62,9.17,1.0,15,112.89,9.37,0.0,32.27,191599.43,32.27,89.99,32.22,-9.23,61.0
2026-09-12 05:00:00,-44.81,9.62,10.49,1.0,15,116.02,13.68,0.0,57.65,191572.45,57.65,72.05,26.98,-6.46,56.1
2026-09-12 06:00:00,-44.99,9.62,10.98,1.0,15,112.64,18.43,0.0,69.62,191548.44,69.62,61.45,24.01,-3.49,50.2
2026-09-12 07:00:00,-44.1,9.62,9.04,1.0,15,116.43,20.87,0.0,30.18,191511.68,30.18,107.13,36.76,-0.54,49.1
2026-09-12 08:00:00,-43.84,9.62,9.38,1.0,15,112.83,26.99,6.81,35.67,191477.79,35.67,97.34,33.89,2.21,57.8
2026-09-12 09:00:00,-42.33,9.62,7.59,1.0,15,113.11,25.35,13.58,13.24,191440.27,13.24,111.65,37.52,4.58,57.7
2026-09-12 10:00:00,-40.05,9.62,8.64,1.0,15,104.72,26.23,18.65,24.66,191410.28,24.66,87.63,29.99,6.4,55.0
2026-09-12 11:00:00,-39.79,9.62,8.25,1.0,15,110.3,31.78,21.8,19.86,191376.72,19.86,100.43,33.56,7.54,54.1
2026-09-12 12:00:00,-38.8,9.62,7.04,1.0,15,102.75,31.37,22.86,9.04,191342.94,9.04,102.23,33.77,7.94,66.0
2026-09-12 13:00:00,-38.74,9.62,9.17,1.0,15,104.93,24.6,21.8,32.21,191316.79,32.21,75.53,26.15,7.54,65.3
2026-09-12 14:00:00,-37.82,9.62,9.45,1.0,15,100.75,24.63,18.65,36.74,191292.5,36.74,69.99,24.29,6.4,58.6
2026-09-12 15:00:00,-38.52,9.62,8.73,1.0,15,104.76,25.06,13.58,25.82,191262.18,25.82,90.42,30.33,4.58,57.1
2026-09-12 16:00:00,-38.4,9.62,6.78,1.0,15,104.21,16.29,6.81,7.43,191227.37,7.43,106.26,34.81,2.21,50.5
2026-09-12 17:00:00,-39.33,9.62,7.46,1.0,15,100.93,18.84,0.0,12.16,191191.9,12.16,107.61,35.47,-0.54,55.7
2026-09-12 18:00:00,-40.05,9.62,10.03,1.0,15,107.4,17.82,0.0,47.59,191164.77,47.59,77.62,27.14,-3.49,61.0
2026-09-12 19:00:00,-41.44,9.62,9.99,1.0,15,110.38,17.54,0.0,46.88,191136.24,46.88,81.04,28.53,-6.46,44.3
2026-09-12 20:00:00,-41.82,9.62,12.65,1.0,15,107.93,16.87,0.0,100.0,191123.62,100.0,24.81,12.62,-9.23,56.6
2026-09-12 21:00:00,-43.27,9.62,10.2,1.0,15,111.44,12.3,0.0,51.21,191096.97,51.21,72.54,26.65,-11.63,56.0
2026-09-12 22:00:00,-43.87,9.62,10.01,1.0,15,112.51,14.22,0.0,47.28,191068.16,47.28,79.45,28.81,-13.49,55.6
2026-09-12 23:00:00,-44.96,9.62,10.88,1.0,15,118.32,11.66,0.0,67.19,191043.78,67.19,62.79,24.38,-14.66,48.0
2026-09-13 00:00:00,-45.37,9.9,10.34,1.0,15,115.77,15.78,0.0,54.35,191015.17,54.35,77.2,28.61,-14.67,49.4
2026-09-13 01:00:00,-45.87,9.9,8.33,1.0,15,114.9,13.52,0.0,20.8,190977.73,20.8,107.61,37.43,-14.26,47.5
2026-09-13 02:00:00,-46.71,9.9,8.73,1.0,15,114.99,15.81,0.0,25.82,190940.8,25.82,104.98,36.93,-13.09,59.9
2026-09-13 03:00:00,-46.72,9.9,9.12,1.0,15,113.66,8.0,0.0,31.51,190908.09,31.51,90.15,32.71,-11.24,57.7
2026-09-13 04:00:00,-45.71,9.9,9.9,1.0,15,115.57,10.38,0.0,44.97,190878.3,44.97,80.97,29.79,-8.84,52.6
2026-09-13 05:00:00,-45.86,9.9,10.6,1.0,15,116.35,16.29,0.0,60.3,190850.93,60.3,72.34,27.38,-6.06,50.8
2026-09-13 06:00:00,-44.63,9.9,11.16,1.0,15,111.51,12.74,0.0,74.48,190830.35,74.48,49.77,20.57,-3.1,51.5
2026-09-13 07:00:00,-43.04,9.9,11.06,1.0,15,108.6,20.7,0.0,71.91,190808.09,71.91,57.39,22.27,-0.15,51.2
2026-09-13 08:00:00,-42.74,9.9,9.39,1.0,15,112.29,23.69,7.95,35.8,190775.98,35.8,92.22,32.11,2.6,43.5
2026-09-13 09:00:00,-42.76,9.9,8.86,1.0,15,113.43,24.64,14.69,27.61,190742.85,27.61,95.78,33.13,4.97,53.1
2026-09-13 10:00:00,-41.7,9.9,9.94,1.0,15,109.0,24.35,19.74,45.87,190718.04,45.87,67.74,24.82,6.79,63.9
2026-09-13 11:00:00,-41.22,9.9,12.23,1.0,15,110.01,25.52,20.33,100.0,190708.34,100.0,15.2,9.7,7.94,55.5
2026-09-13 12:00:00,-39.4,9.9,9.61,1.0,15,105.84,29.69,23.95,39.62,190683.01,39.62,71.96,25.33,8.33,52.4
2026-09-13 13:00:00,-38.87,9.9,9.47,1.0,15,110.96,28.4,22.88,37.17,190655.74,37.17,79.31,27.26,7.94,57.1
2026-09-13 14:00:00,-39.05,9.9,8.6,1.0,15,105.34,22.7,19.74,24.13,190627.04,24.13,84.17,28.7,6.79,54.6
2026-09-13 15:00:00,-39.65,9.9,7.67,1.0,15,109.49,24.52,14.69,13.97,190592.12,13.97,105.36,34.92,4.97,50.3
2026-09-13 16:00:00,-39.14,9.9,7.98,1.0,15,106.91,25.08,7.95,16.94,190556.86,16.94,107.1,35.26,2.6,50.0
2026-09-13 17:00:00,-39.87,9.9,8.57,1.0,15,105.61,19.37,0.0,23.66,190523.02,23.66,101.31,33.84,-0.15,55.3
2026-09-13 18:00:00,-40.43,9.9,6.43,1.0,15,108.96,15.39,0.0,5.54,190484.03,5.54,118.81,38.99,-3.1,47.4
2026-09-13 19:00:00,-40.61,9.9,8.23,1.0,15,107.81,14.67,0.0,19.59,190449.52,19.59,102.9,34.51,-6.06,54.6
2026-09-13 20:00:00,-41.78,9.9,9.74,1.0,15,107.52,13.13,0.0,41.92,190421.55,41.92,78.73,27.97,-8.84,53.2
2026-09-13 21:00:00,-42.75,9.9,12.32,1.0,15,111.46,11.99,0.0,100.0,190409.04,100.0,23.45,12.51,-11.24,56.5
2026-09-13 22:00:00,-43.69,9.9,10.15,1.0,15,111.78,9.27,0.0,50.13,190382.72,50.13,70.91,26.32,-13.09,51.4
2026-09-13 23:00:00,-44.16,9.9,10.07,1.0,15,113.33,13.22,0.0,48.53,190354.24,48.53,78.03,28.49,-14.26,46.6
2026-09-14 00:00:00,-44.15,10.17,9.42,1.0,15,113.27,8.22,0.0,36.36,190323.73,36.36,85.14,30.51,-14.27,52.7
2026-09-14 01:00:00,-44.88,10.17,8.65,1.0,15,114.07,15.24,0.0,24.69,190287.45,24.69,104.62,36.28,-13.86,56.6
2026-09-14 02:00:00,-45.23,10.17,8.89,1.0,15,113.01,11.91,0.0,28.05,190253.27,28.05,96.87,34.18,-12.69,48.4
2026-09-14 03:00:00,-45.61,10.17,10.0,1.0,15,118.38,17.28,0.0,46.98,190221.31,46.98,88.69,31.96,-10.84,58.8
2026-09-14 04:00:00,-46.42,10.17,7.61,1.0,15,116.79,11.27,0.0,13.48,190181.73,13.48,114.58,39.58,-8.44,50.8
2026-09-14 05:00:00,-45.93,10.17,10.9,1.0,15,116.69,14.93,0.0,67.52,190156.69,67.52,64.09,25.05,-5.67,48.8
2026-09-14 06:00:00,-44.26,10.17,11.58,1.0,15,113.16,16.83,0.0,86.71,190138.07,86.71,43.29,18.61,-2.71,48.7
2026-09-14 07:00:00,-44.11,10.17,11.76,1.0,15,112.47,14.38,0.77,92.16,190122.17,92.16,33.93,15.9,0.24,52.9
2026-09-14 08:00:00,-43.76,10.17,11.93,1.0,15,113.27,22.38,8.21,97.68,190107.57,97.68,29.75,14.61,3.0,51.7
2026-09-14 09:00:00,-43.4,10.17,10.62,1.0,15,115.37,20.1,15.3,60.75,190084.61,60.75,59.42,22.96,5.37,46.0
2026-09-14 10:00:00,-42.08,10.17,11.07,1.0,15,106.79,26.86,19.71,72.23,190067.1,72.23,41.71,17.51,7.19,61.4
2026-09-14 11:00:00,-40.98,10.17,10.0,1.0,15,106.12,31.3,23.96,47.13,190042.9,47.13,66.34,24.2,8.34,52.6
2026-09-14 12:00:00,-40.38,10.17,11.59,1.0,15,106.87,29.07,23.04,86.95,190030.39,86.95,25.94,12.51,8.73,62.6
2026-09-14 13:00:00,-40.4,10.17,9.62,1.0,15,105.89,25.52,23.97,39.72,190005.97,39.72,67.73,24.42,8.34,49.2
2026-09-14 14:00:00,-40.01,10.17,8.64,1.0,15,111.45,29.07,20.83,24.56,189973.85,24.56,95.14,32.12,7.19,59.8
2026-09-14 15:00:00,-40.85,10.17,8.83,1.0,15,107.56,30.52,15.79,27.21,189941.5,27.21,95.07,32.35,5.37,61.1
2026-09-14 16:00:00,-40.89,10.17,8.17,1.0,15,109.42,21.66,9.09,18.96,189906.87,18.96,103.03,34.63,3.0,60.7
2026-09-14 17:00:00,-40.71,10.17,8.06,1.0,15,107.48,15.87,0.84,17.73,189871.8,17.73,104.78,35.08,0.24,56.5
2026-09-14 18:00:00,-42.03,10.17,8.21,1.0,15,104.57,16.73,0.0,19.39,189837.14,19.39,101.91,34.65,-2.71,58.5
2026-09-14 19:00:00,-43.68,10.17,9.96,1.0,15,111.81,11.68,0.0,46.33,189809.04,46.33,77.17,28.1,-5.67,54.6
2026-09-14 20:00:00,-43.56,10.17,9.68,1.0,15,109.94,17.65,0.0,40.89,189778.27,40.89,86.7,30.78,-8.44,47.2
2026-09-14 21:00:00,-44.83,10.17,8.92,1.0,15,115.22,14.24,0.0,28.52,189743.05,28.52,100.94,35.22,-10.84,53.4
2026-09-14 22:00:00,-45.05,10.17,7.98,1.0,15,114.17,11.32,0.0,16.96,189705.61,16.96,108.52,37.44,-12.69,45.8
2026-09-14 23:00:00,-45.99,10.17,7.87,1.0,15,114.6,14.46,0.0,15.84,189666.54,15.84,113.23,39.07,-13.86,44.4
2026-09-15 00:00:00,-46.4,10.44,8.16,1.0,15,116.66,11.41,0.0,18.82,189628.48,18.82,109.26,38.06,-13.86,51.6
2026-09-15 01:00:00,-46.69,10.44,9.29,1.0,15,116.43,12.32,0.0,34.1,189594.5,34.1,94.65,33.98,-13.46,47.0
2026-09-15 02:00:00,-47.58,10.44,7.73,1.0,15,120.99,12.91,0.0,14.49,189553.19,14.49,119.41,41.31,-12.3,57.3
2026-09-15 03:00:00,-47.61,10.44,7.03,1.0,15,120.04,18.74,0.0,8.97,189508.92,8.97,129.8,44.28,-10.44,57.7
2026-09-15 04:00:00,-47.72,10.44,7.09,1.0,15,122.78,10.87,0.0,9.38,189466.18,9.38,124.27,42.73,-8.05,62.9
2026-09-15 05:00:00,-48.17,10.44,7.07,1.0,15,121.25,17.67,0.0,9.23,189421.77,9.23,129.68,44.41,-5.28,42.1
2026-09-15 06:00:00,-47.39,10.44,7.16,1.0,15,119.53,14.39,0.0,9.86,189379.2,9.86,124.06,42.57,-2.32,43.8
2026-09-15 07:00:00,-46.81,10.44,8.82,1.0,15,118.87,23.42,2.09,27.03,189339.9,27.03,113.17,39.3,0.64,54.2
2026-09-15 08:00:00,-46.05,10.44,8.18,1.0,15,117.99,18.44,10.22,19.04,189302.55,19.04,107.16,37.36,3.39,48.9
2026-09-15 09:00:00,-45.85,10.44,8.33,1.0,15,112.11,21.15,16.9,20.76,189268.54,20.76,95.61,34.0,5.76,47.0
2026-09-15 10:00:00,-43.96,10.44,8.88,1.0,15,114.28,28.16,21.92,27.95,189235.97,27.95,92.57,32.57,7.59,50.1
2026-09-15 11:00:00,-42.57,10.44,7.9,1.0,15,107.48,27.14,25.05,16.1,189203.56,16.1,93.47,32.41,8.74,52.7
2026-09-15 12:00:00,-41.26,10.44,8.97,1.0,15,104.75,30.03,26.11,29.22,189175.54,29.22,79.45,28.02,9.14,57.4
2026-09-15 13:00:00,-40.89,10.44,9.06,1.0,15,105.94,30.8,25.05,30.48,189147.12,30.48,81.21,28.41,8.74,45.3
2026-09-15 14:00:00,-41.59,10.44,8.77,1.0,15,110.02,26.43,21.92,26.31,189116.5,26.31,88.23,30.62,7.59,55.8
2026-09-15 15:00:00,-40.28,10.44,10.06,1.0,15,104.57,26.89,16.85,48.29,189092.52,48.29,66.32,23.99,5.76,53.8
2026-09-15 16:00:00,-40.44,10.44,8.78,1.0,15,108.8,15.36,10.22,26.47,189062.46,26.47,87.47,30.06,3.39,50.7
2026-09-15 17:00:00,-41.24,10.44,10.58,1.0,15,112.52,19.22,2.03,59.69,189037.13,59.69,70.03,25.33,0.64,61.0
2026-09-15 18:00:00,-41.54,10.44,10.25,1.0,15,108.71,15.91,0.0,52.37,189011.07,52.37,72.26,26.06,-2.32,51.7
2026-09-15 19:00:00,-41.56,10.44,10.2,1.0,15,109.87,19.86,0.0,51.26,188983.24,51.26,78.47,27.83,-5.28,52.1
2026-09-15 20:00:00,-42.43,10.44,11.53,1.0,15,109.22,8.0,0.0,85.1,188968.35,85.1,32.12,14.88,-8.05,51.8
2026-09-15 21:00:00,-42.57,10.44,12.08,1.0,15,108.3,11.13,0.0,100.0,188957.04,100.0,19.42,11.31,-10.44,60.9
2026-09-15 22:00:00,-42.85,10.44,11.48,1.0,15,110.99,8.96,0.0,83.58,188940.83,83.58,36.36,16.22,-12.3,53.4
2026-09-15 23:00:00,-44.37,10.44,11.69,1.0,15,112.06,13.54,0.0,90.14,188924.4,90.14,35.47,16.42,-13.46,51.4
2026-09-16 00:00:00,-45.1,10.71,10.6,1.0,15,113.9,13.66,0.0,60.32,188898.71,60.32,67.24,25.69,-13.46,55.6
2026-09-16 01:00:00,-45.1,10.71,10.22,1.0,15,113.29,13.01,0.0,51.71,188870.92,51.71,74.6,27.79,-13.06,40.0
2026-09-16 02:00:00,-47.11,10.71,8.08,1.0,15,115.07,15.31,0.0,17.98,188831.76,17.98,112.4,39.17,-11.9,50.7
2026-09-16 03:00:00,-47.32,10.71,6.71,1.0,15,118.08,16.63,0.0,6.99,188788.16,6.99,127.72,43.59,-10.05,50.6
2026-09-16 04:00:00,-48.06,10.71,8.71,1.0,15,115.25,15.34,0.0,25.54,188750.81,25.54,105.05,37.36,-7.65,53.1
2026-09-16 05:00:00,-47.98,10.71,6.98,1.0,15,120.48,11.34,0.0,8.67,188708.31,8.67,123.15,42.49,-4.88,50.5
2026-09-16 06:00:00,-47.58,10.71,6.29,1.0,15,115.03,14.83,0.0,4.9,188665.42,4.9,124.97,42.89,-1.92,43.7
2026-09-16 07:00:00,-47.05,10.71,8.21,1.0,15,116.62,20.46,3.3,19.44,188625.72,19.44,114.34,39.7,1.03,41.4
2026-09-16 08:00:00,-46.51,10.71,5.98,1.0,15,119.67,22.23,11.35,3.62,188582.59,3.62,126.94,43.13,3.79,53.3
2026-09-16 09:00:00,-46.24,10.71,6.0,1.0,15,118.25,22.19,18.0,3.71,188541.88,3.71,118.73,40.71,6.16,47.9
2026-09-16 10:00:00,-43.91,10.71,7.07,1.0,15,113.06,29.26,23.01,9.25,188504.34,9.25,110.06,37.54,7.99,50.4
2026-09-16 11:00:00,-41.92,10.71,7.88,1.0,15,114.8,29.2,26.13,15.9,188469.7,15.9,101.97,34.64,9.14,49.3
2026-09-16 12:00:00,-41.9,10.71,9.24,1.0,15,110.15,30.93,27.19,33.38,188441.18,33.38,80.51,28.51,9.54,53.6
2026-09-16 13:00:00,-40.37,10.71,9.1,1.0,15,109.91,28.57,26.13,31.2,188412.95,31.2,81.14,28.24,9.14,54.4
2026-09-16 14:00:00,-40.27,10.71,9.02,1.0,15,106.04,24.01,23.01,29.89,188385.88,29.89,77.15,27.07,7.99,48.7
2026-09-16 15:00:00,-40.07,10.71,9.8,1.0,15,100.76,28.48,18.0,43.19,188361.46,43.19,68.05,24.42,6.16,58.8
2026-09-16 16:00:00,-40.23,10.71,9.48,1.0,15,107.85,23.52,11.35,37.31,188332.82,37.31,82.72,28.64,3.79,51.3
2026-09-16 17:00:00,-40.98,10.71,9.65,1.0,15,109.49,20.01,3.3,40.27,188303.04,40.27,85.93,29.78,1.03,61.4
2026-09-16 18:00:00,-40.93,10.71,11.33,1.0,15,109.35,19.21,0.0,79.18,188283.68,79.18,49.38,19.35,-1.92,55.4
2026-09-16 19:00:00,-41.58,10.71,10.23,1.0,15,106.28,14.55,0.0,51.91,188258.56,51.91,68.92,25.12,-4.88,53.4
2026-09-16 20:00:00,-42.72,10.71,9.4,1.0,15,117.77,15.97,0.0,35.91,188224.87,35.91,97.83,33.7,-7.65,45.4
2026-09-16 21:00:00,-44.41,10.71,6.9,1.0,15,111.41,13.0,0.0,8.15,188185.41,8.15,116.26,39.46,-10.05,54.4
2026-09-16 22:00:00,-45.85,10.71,7.82,1.0,15,116.29,10.69,0.0,15.4,188146.86,15.4,111.57,38.55,-11.9,50.4
2026-09-16 23:00:00,-47.66,10.71,6.13,1.0,15,119.43,8.87,0.0,4.19,188104.19,4.19,124.1,42.67,-13.06,50.1
2026-09-17 00:00:00,-47.92,10.97,6.87,1.0,15,121.07,8.0,0.0,7.96,188062.3,7.96,121.11,41.89,-13.06,55.6
2026-09-17 01:00:00,-49.16,10.97,8.68,1.0,15,119.68,14.05,0.0,25.08,188023.58,25.08,108.66,38.72,-12.66,52.5
2026-09-17 02:00:00,-49.63,10.97,8.86,1.0,15,123.07,10.68,0.0,27.53,187985.42,27.53,106.22,38.16,-11.5,53.4
2026-09-17 03:00:00,-48.87,10.97,8.01,1.0,15,124.31,11.81,0.0,17.27,187943.88,17.27,118.86,41.54,-9.65,36.3
2026-09-17 04:00:00,-48.0,10.97,9.39,1.0,15,118.39,11.94,0.0,35.77,187909.54,35.77,94.56,34.35,-7.26,48.0
2026-09-17 05:00:00,-47.65,10.97,8.39,1.0,15,117.74,10.77,0.0,21.52,187871.75,21.52,106.98,37.78,-4.49,41.3
2026-09-17 06:00:00,-47.12,10.97,9.39,1.0,15,115.81,19.7,0.0,35.85,187836.21,35.85,99.67,35.54,-1.53,52.0
2026-09-17 07:00:00,-45.24,10.97,9.59,1.0,15,115.65,24.78,4.49,39.29,187802.1,39.29,96.65,34.12,1.43,41.7
2026-09-17 08:00:00,-44.07,10.97,8.16,1.0,15,111.36,16.37,12.47,18.83,187768.39,18.83,96.43,33.7,4.18,57.2
2026-09-17 09:00:00,-43.37,10.97,10.33,1.0,15,113.74,25.57,18.78,54.11,187743.45,54.11,66.42,24.94,6.56,60.3
2026-09-17 10:00:00,-43.32,10.97,8.81,1.0,15,111.08,22.88,24.09,26.92,187713.82,26.92,82.95,29.64,8.39,51.6
2026-09-17 11:00:00,-42.22,10.97,12.52,1.0,15,109.92,30.15,23.78,100.0,187703.51,100.0,16.28,10.3,9.54,55.0
2026-09-17 12:00:00,-40.98,10.97,9.21,1.0,15,106.33,32.39,28.27,32.86,187676.1,32.86,77.6,27.41,9.94,62.0
2026-09-17 13:00:00,-40.8,10.97,8.24,1.0,15,112.98,30.05,27.21,19.78,187643.49,19.78,96.04,32.61,9.54,64.8
2026-09-17 14:00:00,-40.27,10.97,7.32,1.0,15,107.64,23.68,24.09,11.02,187610.99,11.02,96.2,32.5,8.39,63.2
2026-09-17 15:00:00,-40.36,10.97,5.6,1.0,15,105.02,22.29,19.1,2.4,187575.72,2.4,105.82,35.27,6.56,57.4
2026-09-17 16:00:00,-40.58,10.97,7.39,1.0,15,108.51,20.46,12.47,11.62,187540.66,11.62,104.87,35.06,4.18,62.6
2026-09-17 17:00:00,-42.42,10.97,8.5,1.0,15,107.03,20.77,4.49,22.82,187506.3,22.82,100.49,34.36,1.43,48.4
2026-09-17 18:00:00,-43.08,10.97,9.77,1.0,15,110.32,15.84,0.0,42.58,187476.55,42.58,83.58,29.74,-1.53,49.3
2026-09-17 19:00:00,-43.18,10.97,8.62,1.0,15,112.87,17.41,0.0,24.34,187440.41,24.34,105.93,36.15,-4.49,57.3
2026-09-17 20:00:00,-44.38,10.97,8.45,1.0,15,114.93,14.29,0.0,22.16,187403.58,22.16,107.06,36.83,-7.26,51.9
2026-09-17 21:00:00,-45.22,10.97,9.11,1.0,15,117.06,13.12,0.0,31.26,187368.82,31.26,98.92,34.76,-9.65,54.5
2026-09-17 22:00:00,-46.55,10.97,8.78,1.0,15,120.03,13.27,0.0,26.48,187331.42,26.48,106.81,37.41,-11.5,54.7
2026-09-17 23:00:00,-47.14,10.97,9.51,1.0,15,117.68,12.79,0.0,37.81,187297.86,37.81,92.67,33.55,-12.66,54.3
2026-09-18 00:00:00,-47.54,11.24,9.77,1.0,15,120.65,8.23,0.0,42.48,187265.98,42.48,86.39,31.88,-12.66,40.1
2026-09-18 01:00:00,-48.62,11.24,8.04,1.0,15,122.13,10.05,0.0,17.54,187225.72,17.54,114.64,40.26,-12.26,51.9
2026-09-18 02:00:00,-48.13,11.24,9.38,1.0,15,121.45,17.85,0.0,35.61,187188.73,35.61,103.69,36.99,-11.1,45.7
2026-09-18 03:00:00,-47.65,11.24,10.04,1.0,15,115.6,14.75,0.0,47.87,187157.93,47.87,82.48,30.8,-9.25,50.5
2026-09-18 04:00:00,-47.88,11.24,10.23,1.0,15,119.78,19.66,0.0,51.93,187125.63,51.93,87.52,32.31,-6.86,46.9
2026-09-18 05:00:00,-47.2,11.24,8.55,1.0,15,117.53,12.68,0.0,23.51,187088.06,23.51,106.69,37.57,-4.09,47.5
2026-09-18 06:00:00,-46.3,11.24,7.79,1.0,15,119.63,16.49,0.0,15.09,187046.67,15.09,121.03,41.38,-1.14,47.2
2026-09-18 07:00:00,-45.17,11.24,7.68,1.0,15,115.25,18.38,5.66,14.06,187007.66,14.06,113.91,39.02,1.82,54.9
2026-09-18 08:00:00,-45.34,11.24,7.21,1.0,15,114.4,18.91,13.59,10.23,186969.85,10.23,109.49,37.81,4.58,50.2
2026-09-18 09:00:00,-43.8,11.24,6.68,1.0,15,112.21,19.65,20.19,6.86,186933.84,6.86,104.81,36.01,6.96,50.9
2026-09-18 10:00:00,-43.22,11.24,8.55,1.0,15,111.19,23.76,25.18,23.41,186903.26,23.41,86.35,30.58,8.79,50.9
2026-09-18 11:00:00,-42.57,11.24,9.1,1.0,15,111.34,31.15,28.29,31.08,186873.8,31.08,83.12,29.46,9.95,56.0
2026-09-18 12:00:00,-40.23,11.24,9.21,1.0,15,108.07,27.01,29.34,32.89,186847.97,32.89,72.85,25.83,10.34,50.6
2026-09-18 13:00:00,-39.49,11.24,8.11,1.0,15,105.77,27.06,28.29,18.27,186818.53,18.27,86.28,29.44,9.95,63.3
2026-09-18 14:00:00,-39.38,11.24,10.43,1.0,15,105.33,26.7,24.63,56.31,186799.16,56.31,51.09,19.37,8.79,52.2
2026-09-18 15:00:00,-40.59,11.24,8.84,1.0,15,105.82,25.18,20.19,27.38,186770.2,27.38,83.43,28.95,6.96,52.4
2026-09-18 16:00:00,-39.85,11.24,10.03,1.0,15,109.95,21.14,13.57,47.68,186745.34,47.68,69.84,24.86,4.58,55.2
2026-09-18 17:00:00,-41.01,11.24,12.56,1.0,15,107.96,17.81,4.94,100.0,186734.11,100.0,20.83,11.24,1.82,56.6
2026-09-18 18:00:00,-42.15,11.24,12.34,1.0,15,110.86,17.69,0.0,100.0,186720.32,100.0,28.55,13.78,-1.14,52.5
2026-09-18 19:00:00,-43.05,11.24,15.28,1.0,15,112.64,20.22,0.0,100.0,186705.04,100.0,32.86,15.28,-4.09,51.5
2026-09-18 20:00:00,-43.0,11.24,13.96,1.0,15,112.26,12.4,0.0,100.0,186692.11,100.0,24.66,12.93,-6.86,58.2
2026-09-18 21:00:00,-43.43,11.24,11.47,1.0,15,111.3,8.73,0.0,83.21,186675.59,83.21,36.81,16.52,-9.25,41.1
2026-09-18 22:00:00,-44.42,11.24,9.63,1.0,15,115.15,11.02,0.0,40.01,186644.71,40.01,86.16,30.88,-11.1,48.8
2026-09-18 23:00:00,-45.06,11.24,8.76,1.0,15,118.0,12.6,0.0,26.21,186608.44,26.21,104.38,36.27,-12.26,47.1
2026-09-19 00:00:00,-45.71,11.5,6.52,1.0,15,117.33,8.0,0.0,6.0,186567.72,6.0,119.33,40.72,-12.26,48.7
2026-09-19 01:00:00,-46.17,11.5,7.83,1.0,15,117.51,13.2,0.0,15.45,186528.02,15.45,115.26,39.7,-11.86,57.3
2026-09-19 02:00:00,-46.46,11.5,7.28,1.0,15,118.44,14.62,0.0,10.72,186486.22,10.72,122.33,41.8,-10.69,46.7
2026-09-19 03:00:00,-45.98,11.5,9.03,1.0,15,116.42,10.22,0.0,30.04,186451.9,30.04,96.59,34.32,-8.85,50.0
2026-09-19 04:00:00,-45.28,11.5,8.45,1.0,15,114.57,13.36,0.0,22.17,186415.17,22.17,105.76,36.72,-6.47,53.8
2026-09-19 05:00:00,-44.63,11.5,8.45,1.0,15,118.39,17.37,0.0,22.15,186376.4,22.15,113.61,38.77,-3.7,47.6
2026-09-19 06:00:00,-44.31,11.5,11.4,1.0,15,117.05,16.4,0.0,81.34,186355.26,81.34,52.12,21.15,-0.74,40.3
2026-09-19 07:00:00,-43.14,11.5,9.73,1.0,15,110.81,19.73,6.82,41.83,186325.98,41.83,81.89,29.28,2.22,39.9
2026-09-19 08:00:00,-42.37,11.5,10.29,1.0,15,113.16,22.02,14.49,53.23,186301.04,53.23,67.46,24.94,4.98,59.9
2026-09-19 09:00:00,-42.13,11.5,10.86,1.0,15,111.32,25.25,20.37,66.56,186281.25,66.56,49.65,19.79,7.36,55.7
2026-09-19 10:00:00,-41.47,11.5,9.26,1.0,15,109.56,31.75,26.26,33.71,186252.63,33.71,81.34,28.62,9.19,52.3
2026-09-19 11:00:00,-40.57,11.5,9.1,1.0,15,111.2,30.02,29.36,31.16,186224.46,31.16,80.7,28.17,10.35,52.9
2026-09-19 12:00:00,-39.3,11.5,8.47,1.0,15,106.17,22.63,30.41,22.45,186198.03,22.45,75.94,26.43,10.74,51.3
2026-09-19 13:00:00,-38.86,11.5,9.64,1.0,15,105.79,28.79,29.36,40.15,186174.83,40.15,65.07,23.2,10.35,56.7
2026-09-19 14:00:00,-39.25,11.5,9.81,1.0,15,106.91,32.31,26.26,43.42,186150.24,43.42,69.54,24.59,9.19,59.2
2026-09-19 15:00:00,-39.09,11.5,9.41,1.0,15,102.87,25.12,21.28,36.11,186125.39,36.11,70.6,24.85,7.36,51.2
2026-09-19 16:00:00,-39.13,11.5,10.35,1.0,15,106.26,16.91,14.45,54.46,186105.18,54.46,54.26,20.2,4.98,56.9
2026-09-19 17:00:00,-39.37,11.5,8.95,1.0,15,102.97,16.2,6.82,28.95,186076.61,28.95,83.39,28.58,2.22,51.2
2026-09-19 18:00:00,-39.37,11.5,9.89,1.0,15,107.31,16.2,0.0,44.93,186049.4,44.93,78.58,27.21,-0.74,55.0
2026-09-19 19:00:00,-39.48,11.5,11.23,1.0,15,107.39,12.96,0.0,76.54,186032.07,76.54,43.81,17.33,-3.7,52.6
2026-09-19 20:00:00,-40.7,11.5,12.29,1.0,15,110.67,19.11,0.0,100.0,186018.37,100.0,29.79,13.7,-6.47,59.0
2026-09-19 21:00:00,-41.99,11.5,12.43,1.0,15,111.46,10.13,0.0,100.0,186006.62,100.0,21.59,11.75,-8.85,53.5
2026-09-19 22:00:00,-43.53,11.5,11.05,1.0,15,118.14,12.76,0.0,71.46,185983.62,71.46,59.44,23.0,-10.69,46.6
2026-09-19 23:00:00,-43.95,11.5,13.73,1.0,15,110.01,12.88,0.0,100.0,185970.91,100.0,22.89,12.71,-11.86,51.6
2026-09-20 00:00:00,-43.36,11.77,11.88,1.0,15,112.17,17.54,0.0,95.91,185955.27,95.91,33.8,15.64,-11.85,57.4
2026-09-20 01:00:00,-44.12,11.77,11.48,1.0,15,115.7,12.63,0.0,83.51,185936.26,83.51,44.82,19.01,-11.46,45.9
2026-09-20 02:00:00,-44.63,11.77,9.47,1.0,15,116.69,16.31,0.0,37.1,185902.54,37.1,95.9,33.72,-10.29,50.2
2026-09-20 03:00:00,-43.87,11.77,12.55,1.0,15,111.74,12.56,0.0,100.0,185889.45,100.0,24.3,13.09,-8.45,50.1
2026-09-20 04:00:00,-43.47,11.77,12.23,1.0,15,114.99,13.88,0.0,100.0,185875.18,100.0,28.87,14.27,-6.07,53.4
2026-09-20 05:00:00,-42.88,11.77,12.23,1.0,15,108.25,14.22,0.0,100.0,185862.91,100.0,22.47,12.27,-3.3,51.8
2026-09-20 06:00:00,-43.08,11.77,9.54,1.0,15,110.0,11.28,0.0,38.32,185833.35,38.32,82.96,29.57,-0.35,54.5
2026-09-20 07:00:00,-41.96,11.77,10.36,1.0,15,110.94,22.57,7.83,54.66,185807.52,54.66,71.02,25.83,2.61,49.9
2026-09-20 08:00:00,-41.7,11.77,11.0,1.0,15,110.26,24.78,15.02,70.33,185787.85,70.33,49.68,19.67,5.37,52.9
2026-09-20 09:00:00,-41.5,11.77,10.99,1.0,15,112.08,25.21,21.27,69.91,185769.26,69.91,46.12,18.59,7.76,52.8
2026-09-20 10:00:00,-40.81,11.77,9.61,1.0,15,110.21,25.9,27.34,39.69,185744.33,39.69,69.08,24.93,9.59,63.3
2026-09-20 11:00:00,-40.32,11.77,9.31,1.0,15,106.53,24.89,30.43,34.51,185720.28,34.51,66.48,24.04,10.75,56.3
2026-09-20 12:00:00,-39.72,11.77,7.69,1.0,15,109.34,27.39,31.48,14.19,185689.41,14.19,91.07,30.87,11.15,59.4
2026-09-20 13:00:00,-40.03,11.77,7.88,1.0,15,108.26,28.48,30.43,15.93,185658.64,15.93,90.39,30.77,10.75,64.2
2026-09-20 14:00:00,-39.09,11.77,7.22,1.0,15,107.41,28.25,27.34,10.31,185625.98,10.31,98.01,32.66,9.59,56.9
2026-09-20 15:00:00,-38.28,11.77,7.12,1.0,15,106.09,26.67,22.37,9.61,185592.78,9.61,100.78,33.21,7.76,55.1
2026-09-20 16:00:00,-39.57,11.77,6.36,1.0,15,105.81,19.88,15.81,5.22,185558.08,5.22,104.65,34.7,5.37,50.4
2026-09-20 17:00:00,-39.32,11.77,6.09,1.0,15,108.12,16.94,7.98,4.04,185521.07,4.04,113.04,37.01,2.61,49.3
2026-09-20 18:00:00,-40.35,11.77,5.21,1.0,15,108.31,16.28,0.0,1.48,185480.88,1.48,123.1,40.19,-0.35,43.9
2026-09-20 19:00:00,-40.55,11.77,8.38,1.0,15,109.84,14.31,0.0,21.41,185446.43,21.41,102.74,34.45,-3.3,59.0
2026-09-20 20:00:00,-41.43,11.77,8.58,1.0,15,112.49,16.28,0.0,23.8,185411.09,23.8,104.97,35.34,-6.07,56.2
2026-09-20 21:00:00,-42.31,11.77,8.25,1.0,15,110.37,9.11,0.0,19.89,185377.01,19.89,99.58,34.07,-8.45,52.1
2026-09-20 22:00:00,-43.32,11.77,8.5,1.0,15,114.43,14.63,0.0,22.83,185340.74,22.83,106.24,36.27,-10.29,51.2
2026-09-20 23:00:00,-43.42,11.77,9.02,1.0,15,111.55,13.08,0.0,29.98,185307.74,29.98,94.65,33.0,-11.46,47.4
2026-09-21 00:00:00,-44.46,12.03,11.13,1.0,15,112.89,11.04,0.0,73.7,185287.08,73.7,50.23,20.65,-11.45,54.1
2026-09-21 01:00:00,-44.64,12.03,9.29,1.0,15,114.17,13.86,0.0,34.18,185253.94,34.18,93.86,33.14,-11.05,48.5
2026-09-21 02:00:00,-44.32,12.03,8.42,1.0,15,113.68,14.68,0.0,21.8,185217.28,21.8,106.55,36.66,-9.89,50.4
2026-09-21 03:00:00,-44.01,12.03,11.64,1.0,15,114.24,8.0,0.0,88.6,185201.49,88.6,33.64,15.79,-8.05,46.4
2026-09-21 04:00:00,-42.51,12.03,10.36,1.0,15,108.4,20.1,0.0,54.63,185174.68,54.63,73.87,26.8,-5.67,48.4
2026-09-21 05:00:00,-42.51,12.03,7.87,1.0,15,112.13,15.21,0.0,15.82,185137.15,15.82,111.52,37.53,-2.91,57.8
2026-09-21 06:00:00,-41.4,12.03,6.83,1.0,15,108.85,17.92,0.18,7.72,185097.85,7.72,118.87,39.3,0.05,59.5
2026-09-21 07:00:00,-40.78,12.03,5.39,1.0,15,104.05,21.13,9.12,1.87,185060.07,1.87,114.2,37.78,3.01,48.2
2026-09-21 08:00:00,-39.23,12.03,10.09,1.0,15,106.68,23.41,16.84,48.94,185036.97,48.94,64.31,23.1,5.77,58.6
2026-09-21 09:00:00,-38.37,12.03,8.93,1.0,15,107.59,23.99,23.46,28.59,185009.79,28.59,79.53,27.18,8.15,52.5
2026-09-21 10:00:00,-37.75,12.03,11.08,1.0,15,105.85,27.87,26.87,72.39,184995.65,72.39,34.46,14.15,9.99,54.2
2026-09-21 11:00:00,-36.16,12.03,14.73,1.0,15,101.04,28.89,24.06,100.0,184990.13,100.0,5.87,5.52,11.15,63.9
2026-09-21 12:00:00,-35.78,12.03,13.36,1.0,15,99.52,30.17,27.08,100.0,184985.65,100.0,2.61,4.48,11.55,56.7
2026-09-21 13:00:00,-36.13,12.03,10.11,1.0,15,102.91,33.47,31.32,49.35,184965.93,49.35,55.71,19.71,11.15,56.4
2026-09-21 14:00:00,-36.12,12.03,8.11,1.0,15,100.05,26.68,28.41,18.36,184939.31,18.36,79.96,26.62,9.99,49.7
2026-09-21 15:00:00,-35.66,12.03,8.21,1.0,15,100.17,22.8,23.46,19.44,184912.79,19.44,80.07,26.52,8.15,56.6
2026-09-21 16:00:00,-34.97,12.03,8.03,1.0,15,104.86,23.04,16.92,17.42,184882.63,17.42,93.56,30.17,5.77,55.6
2026-09-21 17:00:00,-35.3,12.03,8.6,1.0,15,102.98,17.62,9.12,24.09,184854.13,24.09,87.4,28.5,3.01,60.8
2026-09-21 18:00:00,-35.11,12.03,8.41,1.0,15,99.02,13.2,0.18,21.76,184824.87,21.76,90.28,29.26,0.05,56.0
2026-09-21 19:00:00,-36.71,12.03,10.84,1.0,15,103.41,13.11,0.0,66.18,184806.51,66.18,50.34,18.36,-2.91,63.6
2026-09-21 20:00:00,-37.86,12.03,10.35,1.0,15,107.2,10.07,0.0,54.44,184784.24,54.44,62.82,22.26,-5.67,58.6
2026-09-21 21:00:00,-38.98,12.03,10.61,1.0,15,106.46,9.46,0.0,60.53,184763.76,60.53,55.39,20.48,-8.05,56.7
2026-09-21 22:00:00,-40.0,12.03,12.0,1.0,15,104.59,17.28,0.0,100.0,184752.53,100.0,21.88,11.23,-9.89,58.5
2026-09-21 23:00:00,-40.82,12.03,9.78,1.0,15,109.04,16.06,0.0,42.83,184723.83,42.83,82.27,28.69,-11.05,55.4
2026-09-22 00:00:00,-40.72,12.3,8.53,1.0,15,107.62,12.8,0.0,23.19,184690.91,23.19,97.23,32.93,-11.05,58.1
2026-09-22 01:00:00,-41.59,12.3,7.12,1.0,15,109.01,9.65,0.0,9.59,184654.35,9.59,109.07,36.56,-10.65,53.1
2026-09-22 02:00:00,-41.89,12.3,6.26,1.0,15,108.46,8.0,0.0,4.76,184616.95,4.76,111.69,37.4,-9.49,53.1
2026-09-22 03:00:00,-42.07,12.3,7.0,1.0,15,107.8,12.47,0.0,8.77,184579.55,8.77,111.49,37.4,-7.66,49.4
2026-09-22 04:00:00,-42.55,12.3,6.87,1.0,15,109.71,16.2,0.0,7.94,184540.16,7.94,117.97,39.39,-5.27,49.5
2026-09-22 05:00:00,-42.3,12.3,7.12,1.0,15,112.24,14.97,0.0,9.61,184500.95,9.61,117.6,39.21,-2.51,59.8
2026-09-22 06:00:00,-41.85,12.3,10.95,1.0,15,112.06,19.65,1.41,69.03,184477.94,69.03,61.26,23.01,0.44,55.9
2026-09-22 07:00:00,-41.25,12.3,9.08,1.0,15,113.64,18.83,10.25,30.77,184446.5,30.77,91.44,31.44,3.4,46.4
2026-09-22 08:00:00,-40.41,12.3,9.11,1.0,15,106.59,22.33,18.02,31.27,184418.69,31.27,79.63,27.82,6.17,60.0
2026-09-22 09:00:00,-39.48,12.3,7.49,1.0,15,104.49,27.46,24.54,12.42,184386.77,12.42,94.98,31.91,8.55,56.0
2026-09-22 10:00:00,-38.86,12.3,7.21,1.0,15,107.19,23.87,29.48,10.23,184356.08,10.23,91.35,30.69,10.39,51.9
2026-09-22 11:00:00,-37.26,12.3,7.73,1.0,15,99.53,29.77,32.56,14.49,184328.46,14.49,82.24,27.62,11.56,66.0
2026-09-22 12:00:00,-37.28,12.3,10.53,1.0,15,98.41,30.07,32.72,58.64,184313.7,58.64,37.12,14.76,11.95,63.3
2026-09-22 13:00:00,-37.17,12.3,9.63,1.0,15,104.49,28.47,32.56,40.01,184292.34,40.01,60.39,21.36,11.56,60.9
2026-09-22 14:00:00,-35.16,12.3,7.67,1.0,15,97.48,31.9,29.48,14.01,184264.31,14.01,85.89,28.03,10.39,59.4
2026-09-22 15:00:00,-35.7,12.3,7.58,1.0,15,98.85,27.91,24.54,13.17,184235.23,13.17,89.04,29.09,8.55,59.9
2026-09-22 16:00:00,-36.66,12.3,6.62,1.0,15,103.25,18.44,18.02,6.5,184203.53,6.5,97.17,31.69,6.17,46.7
2026-09-22 17:00:00,-36.58,12.3,6.27,1.0,15,101.89,18.97,10.25,4.79,184169.4,4.79,105.81,34.13,3.4,61.3
2026-09-22 18:00:00,-38.42,12.3,7.39,1.0,15,103.97,14.73,1.48,11.61,184134.78,11.61,105.61,34.62,0.44,57.1
2026-09-22 19:00:00,-39.28,12.3,6.09,1.0,15,103.05,14.98,0.0,4.04,184097.51,4.04,113.99,37.27,-2.51,56.7
2026-09-22 20:00:00,-38.83,12.3,6.71,1.0,15,104.02,11.29,0.0,6.99,184061.99,6.99,108.31,35.52,-5.27,57.0
2026-09-22 21:00:00,-40.69,12.3,7.67,1.0,15,107.0,10.15,0.0,13.98,184027.38,13.98,103.17,34.61,-7.66,52.1
2026-09-22 22:00:00,-42.8,12.3,7.69,1.0,15,110.46,12.4,0.0,14.17,183990.56,14.17,108.69,36.81,-9.49,48.2
2026-09-22 23:00:00,-44.53,12.3,5.93,1.0,15,115.38,13.14,0.0,3.44,183948.56,3.44,125.08,42.01,-10.65,52.1
2026-09-23 00:00:00,-44.24,12.56,10.23,1.0,15,114.31,10.43,0.0,51.91,183921.53,51.91,72.83,27.03,-10.64,45.2
2026-09-23 01:00:00,-44.1,12.56,9.34,1.0,15,112.9,10.09,0.0,34.88,183890.19,34.88,88.1,31.34,-10.25,53.3
2026-09-23 02:00:00,-44.75,12.56,10.29,1.0,15,114.66,8.15,0.0,53.21,183863.93,53.21,69.6,26.26,-9.09,46.3
2026-09-23 03:00:00,-44.44,12.56,9.24,1.0,15,117.84,14.27,0.0,33.27,183829.42,33.27,98.85,34.5,-7.26,56.5
2026-09-23 04:00:00,-43.48,12.56,8.99,1.0,15,113.21,13.07,0.0,29.51,183795.8,29.51,96.78,33.63,-4.88,45.3
2026-09-23 05:00:00,-42.06,12.56,8.52,1.0,15,113.4,13.55,0.0,23.09,183760.58,23.09,103.85,35.21,-2.12,53.2
2026-09-23 06:00:00,-41.67,12.56,8.03,1.0,15,108.36,19.6,2.71,17.44,183724.36,17.44,107.81,36.23,0.84,54.1
2026-09-23 07:00:00,-42.36,12.56,6.2,1.0,15,110.23,12.73,11.38,4.48,183688.13,4.48,107.1,36.23,3.8,59.3
2026-09-23 08:00:00,-42.01,12.56,6.43,1.0,15,109.41,25.05,19.11,5.53,183651.23,5.53,109.82,36.9,6.56,54.8
2026-09-23 09:00:00,-41.35,12.56,8.95,1.0,15,109.96,30.39,25.62,28.94,183621.37,28.94,85.8,29.86,8.95,49.9
2026-09-23 10:00:00,-40.59,12.56,9.6,1.0,15,108.99,21.89,30.55,39.47,183598.85,39.47,60.87,22.52,10.79,50.1
2026-09-23 11:00:00,-39.84,12.56,8.06,1.0,15,107.97,23.59,33.63,17.79,183571.05,17.79,80.15,27.8,11.96,62.4
2026-09-23 12:00:00,-38.43,12.56,8.57,1.0,15,99.42,25.54,34.67,23.68,183547.54,23.68,66.61,23.51,12.36,56.0
2026-09-23 13:00:00,-37.09,12.56,10.51,1.0,15,100.55,25.84,32.78,58.0,183533.26,58.0,35.61,14.28,11.96,56.2
2026-09-23 14:00:00,-36.85,12.56,10.75,1.0,15,102.7,31.17,29.4,63.92,183517.64,63.92,40.56,15.62,10.79,53.9
2026-09-23 15:00:00,-36.08,12.56,8.9,1.0,15,105.03,25.32,25.62,28.14,183491.99,28.14,76.59,25.65,8.95,51.9
2026-09-23 16:00:00,-35.99,12.56,10.54,1.0,15,99.68,29.57,18.6,58.81,183473.42,58.81,51.85,18.58,6.56,67.5
2026-09-23 17:00:00,-36.32,12.56,9.33,1.0,15,106.21,19.28,11.38,34.77,183446.91,34.77,79.33,26.51,3.8,58.1
2026-09-23 18:00:00,-36.35,12.56,8.99,1.0,15,98.41,16.23,2.71,29.42,183419.49,29.42,82.5,27.42,0.84,52.2
2026-09-23 19:00:00,-37.06,12.56,8.99,1.0,15,102.97,19.31,0.0,29.51,183388.93,29.51,92.78,30.56,-2.12,60.9
2026-09-23 20:00:00,-36.68,12.56,10.48,1.0,15,101.51,8.0,0.0,57.44,183370.09,57.44,52.07,18.84,-4.88,60.5
2026-09-23 21:00:00,-38.5,12.56,12.29,1.0,15,103.59,13.65,0.0,100.0,183360.63,100.0,17.24,9.46,-7.26,49.9
2026-09-23 22:00:00,-39.75,12.56,13.55,1.0,15,108.59,14.53,0.0,100.0,183349.11,100.0,23.13,11.52,-9.09,52.3
2026-09-23 23:00:00,-40.69,12.56,9.96,1.0,15,107.91,16.25,0.0,46.3,183321.72,46.3,77.85,27.4,-10.25,56.8
2026-09-24 00:00:00,-40.73,12.83,11.8,1.0,15,104.81,15.58,0.0,93.49,183308.83,93.49,26.91,12.89,-10.24,58.1
2026-09-24 01:00:00,-40.54,12.83,9.16,1.0,15,103.53,13.69,0.0,31.99,183279.38,31.99,85.22,29.45,-9.85,50.8
2026-09-24 02:00:00,-40.95,12.83,8.21,1.0,15,106.13,16.79,0.0,19.43,183244.6,19.43,103.49,34.78,-8.69,45.0
2026-09-24 03:00:00,-41.96,12.83,8.4,1.0,15,111.44,17.42,0.0,21.6,183208.44,21.6,107.26,36.16,-6.86,54.8
2026-09-24 04:00:00,-41.36,12.83,8.41,1.0,15,108.66,16.2,0.0,21.74,183173.64,21.74,103.12,34.8,-4.48,58.3
2026-09-24 05:00:00,-40.59,12.83,8.87,1.0,15,110.19,12.3,0.0,27.74,183141.46,27.74,94.75,32.18,-1.72,54.3
2026-09-24 06:00:00,-41.24,12.83,8.75,1.0,15,108.6,17.84,3.91,26.01,183108.58,26.01,96.51,32.88,1.23,52.5
2026-09-24 07:00:00,-40.54,12.83,11.08,1.0,15,108.45,23.15,11.82,72.47,183089.94,72.47,47.3,18.64,4.19,62.5
2026-09-24 08:00:00,-40.67,12.83,9.5,1.0,15,111.37,22.93,20.2,37.64,183062.95,37.64,76.45,26.99,6.96,44.4
2026-09-24 09:00:00,-40.17,12.83,8.49,1.0,15,106.86,28.51,26.69,22.66,183033.39,22.66,86.02,29.57,9.35,58.5
2026-09-24 10:00:00,-39.81,12.83,10.73,1.0,15,111.02,28.25,30.45,63.44,183015.51,63.44,45.38,17.88,11.2,59.1
2026-09-24 11:00:00,-38.47,12.83,8.53,1.0,15,106.12,28.04,34.68,23.21,182989.23,23.21,76.27,26.28,12.36,52.3
2026-09-24 12:00:00,-37.67,12.83,8.97,1.0,15,101.32,30.64,35.73,29.24,182965.84,29.24,66.99,23.39,12.76,45.2
2026-09-24 13:00:00,-37.89,12.83,9.58,1.0,15,101.08,25.64,34.68,39.06,182946.37,39.06,52.97,19.46,12.36,60.4
2026-09-24 14:00:00,-37.0,12.83,9.34,1.0,15,99.18,29.22,31.61,35.01,182924.67,35.01,61.78,21.71,11.2,58.9
2026-09-24 15:00:00,-37.74,12.83,9.9,1.0,15,103.58,24.27,26.69,45.0,182904.34,45.0,56.15,20.33,9.35,63.8
2026-09-24 16:00:00,-37.64,12.83,8.39,1.0,15,99.76,25.5,20.2,21.45,182876.23,21.45,83.6,28.12,6.96,53.9
2026-09-24 17:00:00,-38.47,12.83,10.06,1.0,15,108.52,17.28,12.46,48.37,182853.17,48.37,64.97,23.06,4.19,57.0
2026-09-24 18:00:00,-39.22,12.83,8.37,1.0,15,110.72,23.13,3.91,21.22,182817.42,21.22,108.72,35.75,1.23,47.2
2026-09-24 19:00:00,-39.62,12.83,8.12,1.0,15,102.89,12.27,0.0,18.39,182784.95,18.39,96.76,32.46,-1.72,58.9
2026-09-24 20:00:00,-40.13,12.83,6.65,1.0,15,107.75,16.82,0.0,6.7,182746.32,6.7,117.88,38.63,-4.48,47.2
2026-09-24 21:00:00,-40.21,12.83,7.39,1.0,15,103.02,12.87,0.0,11.64,182711.55,11.64,104.24,34.77,-6.86,54.7
2026-09-24 22:00:00,-41.17,12.83,8.4,1.0,15,110.37,14.46,0.0,21.62,182676.78,21.62,103.22,34.77,-8.69,48.9
2026-09-24 23:00:00,-41.82,12.83,10.93,1.0,15,111.9,15.1,0.0,68.48,182654.55,68.48,58.52,22.23,-9.85,55.3
2026-09-25 00:00:00,-42.36,13.09,11.24,1.0,15,110.65,12.3,0.0,76.67,182635.65,76.67,46.28,18.9,-9.84,52.3
2026-09-25 01:00:00,-42.8,13.09,10.65,1.0,15,112.0,12.4,0.0,61.49,182611.88,61.49,62.91,23.77,-9.44,51.8
2026-09-25 02:00:00,-42.88,13.09,12.42,1.0,15,110.02,12.34,0.0,100.0,182599.65,100.0,22.35,12.24,-8.29,52.5
2026-09-25 03:00:00,-43.06,13.09,11.28,1.0,15,111.85,8.0,0.0,77.89,182581.77,77.89,41.96,17.88,-6.46,52.9
2026-09-25 04:00:00,-44.04,13.09,10.76,1.0,15,114.83,16.75,0.0,64.03,182556.31,64.03,67.55,25.46,-4.08,59.0
2026-09-25 05:00:00,-43.47,13.09,10.51,1.0,15,111.97,15.46,0.0,58.15,182530.52,58.15,69.28,25.79,-1.33,54.8
2026-09-25 06:00:00,-42.68,13.09,9.68,1.0,15,113.85,16.65,5.09,40.9,182500.63,40.9,84.51,29.89,1.63,49.6
2026-09-25 07:00:00,-42.36,13.09,10.89,1.0,15,109.14,20.57,13.01,67.42,182480.88,67.42,49.28,19.75,4.59,50.2
2026-09-25 08:00:00,-42.28,13.09,9.15,1.0,15,109.83,22.72,21.29,31.89,182452.58,31.89,79.37,28.3,7.36,58.4
2026-09-25 09:00:00,-40.45,13.09,9.21,1.0,15,103.16,20.58,27.76,32.87,182429.45,32.87,63.11,23.12,9.75,49.3
2026-09-25 10:00:00,-39.24,13.09,9.93,1.0,15,110.93,27.43,32.67,45.6,182407.56,45.6,60.09,21.9,11.6,55.6
2026-09-25 11:00:00,-38.52,13.09,11.59,1.0,15,100.33,30.01,32.9,86.83,182399.97,86.83,10.62,7.58,12.76,47.7
2026-09-25 12:00:00,-38.48,13.09,12.59,1.0,15,107.09,28.04,32.02,100.0,182394.54,100.0,3.11,5.43,13.16,55.6
2026-09-25 13:00:00,-38.4,13.09,11.5,1.0,15,105.45,30.19,33.05,84.37,182384.83,84.37,18.22,9.71,12.76,50.7
2026-09-25 14:00:00,-37.23,13.09,11.23,1.0,15,102.7,31.29,30.66,76.42,182372.99,76.42,26.91,11.84,11.6,53.8
2026-09-25 15:00:00,-37.02,13.09,10.14,1.0,15,100.42,24.92,27.57,49.9,182355.25,49.9,47.86,17.75,9.75,58.2
2026-09-25 16:00:00,-37.45,13.09,9.61,1.0,15,102.04,19.73,21.29,39.67,182333.68,39.67,60.81,21.57,7.36,59.9
2026-09-25 17:00:00,-37.48,13.09,11.38,1.0,15,102.23,21.12,12.67,80.84,182320.93,80.84,29.84,12.75,4.59,53.3
2026-09-25 18:00:00,-38.51,13.09,12.92,1.0,15,103.54,18.95,4.35,100.0,182311.21,100.0,18.15,9.73,1.63,61.7
2026-09-25 19:00:00,-38.31,13.09,13.64,1.0,15,99.71,20.49,0.0,100.0,182300.96,100.0,20.19,10.25,-1.33,50.3
2026-09-25 20:00:00,-38.33,13.09,10.92,1.0,15,105.7,12.79,0.0,68.09,182282.1,68.09,50.4,18.86,-4.08,60.2
2026-09-25 21:00:00,-39.53,13.09,11.85,1.0,15,107.7,13.42,0.0,95.21,182269.85,95.21,25.91,12.24,-6.46,53.3
2026-09-25 22:00:00,-40.81,13.09,13.51,1.0,15,107.49,16.54,0.0,100.0,182257.76,100.0,24.04,12.09,-8.29,59.2
2026-09-25 23:00:00,-43.23,13.09,11.65,1.0,15,111.91,10.32,0.0,88.92,182242.29,88.92,33.32,15.47,-9.44,50.5
2026-09-26 00:00:00,-44.37,13.36,10.87,1.0,15,115.04,14.57,0.0,66.9,182218.11,66.9,62.71,24.18,-9.44,48.2
2026-09-26 01:00:00,-45.69,13.36,11.39,1.0,15,112.78,14.47,0.0,81.1,182198.25,81.1,46.15,19.86,-9.04,53.8
2026-09-26 02:00:00,-45.91,13.36,10.84,1.0,15,112.6,14.75,0.0,66.11,182174.03,66.11,61.24,24.23,-7.89,52.8
2026-09-26 03:00:00,-46.17,13.36,14.27,1.0,15,116.59,11.56,0.0,100.0,182159.15,100.0,28.15,14.87,-6.06,47.7
2026-09-26 04:00:00,-46.81,13.36,12.52,1.0,15,116.84,11.49,0.0,100.0,182144.03,100.0,28.33,15.12,-3.69,52.6
2026-09-26 05:00:00,-46.57,13.36,12.25,1.0,15,116.25,14.57,0.0,100.0,182128.28,100.0,30.82,15.75,-0.93,49.4
2026-09-26 06:00:00,-45.64,13.36,12.45,1.0,15,117.08,17.92,5.49,100.0,182113.17,100.0,29.51,15.1,2.02,51.5
2026-09-26 07:00:00,-44.54,13.36,11.36,1.0,15,113.17,17.24,13.72,80.04,182096.37,80.04,36.64,16.8,4.98,53.3
2026-09-26 08:00:00,-44.79,13.36,12.22,1.0,15,115.4,25.89,19.89,100.0,182083.84,100.0,21.4,12.54,7.75,44.4
2026-09-26 09:00:00,-43.89,13.36,11.37,1.0,15,116.93,29.51,26.85,80.45,182066.51,80.45,39.14,17.32,10.15,52.1
2026-09-26 10:00:00,-43.75,13.36,10.3,1.0,15,117.43,25.29,33.22,53.36,182044.39,53.36,56.14,22.13,12.0,44.9
2026-09-26 11:00:00,-42.28,13.36,8.39,1.0,15,112.43,33.02,36.78,21.43,182013.84,21.43,87.24,30.55,13.16,48.0
2026-09-26 12:00:00,-41.01,13.36,8.11,1.0,15,103.32,27.27,37.82,18.26,181987.31,18.26,74.5,26.54,13.56,53.7
2026-09-26 13:00:00,-40.93,13.36,9.19,1.0,15,109.83,28.14,36.78,32.57,181962.47,32.57,68.61,24.83,13.16,59.2
2026-09-26 14:00:00,-40.97,13.36,11.24,1.0,15,111.92,29.12,31.63,76.83,181947.9,76.83,32.58,14.58,12.0,53.1
2026-09-26 15:00:00,-41.05,13.36,9.65,1.0,15,109.22,27.28,28.82,40.39,181923.41,40.39,67.28,24.49,10.15,52.4
2026-09-26 16:00:00,-42.45,13.36,8.88,1.0,15,109.33,28.4,22.37,27.89,181892.74,27.89,87.47,30.66,7.75,50.9
2026-09-26 17:00:00,-42.5,13.36,7.58,1.0,15,109.97,23.15,14.72,13.2,181857.01,13.2,105.2,35.73,4.98,55.1
2026-09-26 18:00:00,-43.12,13.36,8.62,1.0,15,114.54,18.79,6.26,24.41,181821.82,24.41,102.67,35.2,2.02,47.1
2026-09-26 19:00:00,-43.17,13.36,11.41,1.0,15,110.74,13.32,0.0,81.66,181803.78,81.66,42.4,18.03,-0.93,45.6
2026-09-26 20:00:00,-44.59,13.36,11.15,1.0,15,112.01,12.75,0.0,74.36,181783.04,74.36,50.41,20.74,-3.69,58.3
2026-09-26 21:00:00,-45.77,13.36,10.88,1.0,15,114.51,10.43,0.0,67.0,181759.8,67.0,57.94,23.24,-6.06,52.7
2026-09-26 22:00:00,-47.49,13.36,10.44,1.0,15,118.73,11.46,0.0,56.48,181731.54,56.48,73.72,28.26,-7.89,45.9
2026-09-26 23:00:00,-48.83,13.36,8.39,1.0,15,120.19,18.08,0.0,21.44,181690.59,21.44,116.83,40.95,-9.04,45.2
2026-09-27 00:00:00,-49.69,13.63,9.37,1.0,15,118.47,12.56,0.0,35.49,181655.46,35.49,95.55,35.14,-9.03,45.0
2026-09-27 01:00:00,-49.51,13.63,9.55,1.0,15,120.81,13.45,0.0,38.46,181620.3,38.46,95.79,35.15,-8.64,41.3
2026-09-27 02:00:00,-50.17,13.63,9.9,1.0,15,126.94,11.58,0.0,45.12,181585.64,45.12,93.39,34.67,-7.49,45.8
2026-09-27 03:00:00,-50.09,13.63,11.52,1.0,15,123.05,10.51,0.0,84.82,181563.71,84.82,48.75,21.92,-5.66,47.5
2026-09-27 04:00:00,-50.09,13.63,11.88,1.0,15,123.98,14.69,0.0,96.12,181543.56,96.12,42.56,20.15,-3.29,54.2
2026-09-27 05:00:00,-50.38,13.63,12.12,1.0,15,119.97,15.78,0.0,100.0,181525.26,100.0,35.75,18.3,-0.54,47.7
2026-09-27 06:00:00,-49.8,13.63,13.41,1.0,15,123.65,21.72,6.15,100.0,181506.14,100.0,39.23,19.12,2.42,51.4
2026-09-27 07:00:00,-48.58,13.63,15.82,1.0,15,123.61,20.07,11.22,100.0,181489.31,100.0,32.47,16.83,5.38,47.1
2026-09-27 08:00:00,-48.35,13.63,14.07,1.0,15,120.64,23.3,18.67,100.0,181474.61,100.0,25.27,14.7,8.15,46.4
2026-09-27 09:00:00,-46.82,13.63,11.09,1.0,15,114.92,24.95,28.26,72.56,181456.43,72.56,39.05,18.17,10.54,49.9
2026-09-27 10:00:00,-46.31,13.63,10.26,1.0,15,118.18,29.98,34.32,52.48,181432.05,52.48,61.36,24.38,12.39,54.6
2026-09-27 11:00:00,-45.63,13.63,11.0,1.0,15,117.51,33.83,35.93,70.28,181412.51,70.28,45.12,19.55,13.56,47.8
2026-09-27 12:00:00,-44.45,13.63,8.38,1.0,15,112.36,34.16,38.87,21.34,181381.57,21.34,86.31,30.93,13.97,52.8
2026-09-27 13:00:00,-44.17,13.63,6.73,1.0,15,115.82,35.76,37.83,7.11,181344.93,7.11,106.64,36.64,13.56,52.8
2026-09-27 14:00:00,-43.67,13.63,5.61,1.0,15,113.68,25.52,34.77,2.45,181309.76,2.45,101.98,35.17,12.39,52.1
2026-09-27 15:00:00,-43.62,13.63,7.4,1.0,15,108.22,28.27,29.88,11.67,181276.62,11.67,94.94,33.14,10.54,56.6
2026-09-27 16:00:00,-43.53,13.63,7.77,1.0,15,111.18,25.96,23.44,14.89,181242.4,14.89,98.81,34.22,8.15,52.6
2026-09-27 17:00:00,-45.2,13.63,7.58,1.0,15,114.32,17.11,15.82,13.2,181206.65,13.2,102.4,35.74,5.38,50.4
2026-09-27 18:00:00,-46.72,13.63,6.43,1.0,15,117.28,21.12,7.41,5.56,181163.89,5.56,125.44,42.76,2.42,49.7
2026-09-27 19:00:00,-46.91,13.63,7.99,1.0,15,117.7,8.46,0.0,17.05,181125.72,17.05,109.12,38.17,-0.54,39.2
2026-09-27 20:00:00,-46.98,13.63,7.58,1.0,15,119.56,13.52,0.0,13.14,181084.44,13.14,119.94,41.28,-3.29,49.0
2026-09-27 21:00:00,-48.3,13.63,7.08,1.0,15,121.68,8.37,0.0,9.33,181042.55,9.33,120.71,41.89,-5.66,43.5
2026-09-27 22:00:00,-49.21,13.63,8.11,1.0,15,124.83,21.96,0.0,18.26,180998.16,18.26,128.52,44.39,-7.49,47.1
2026-09-27 23:00:00,-49.73,13.63,8.48,1.0,15,122.83,12.56,0.0,22.59,180958.09,22.59,112.79,40.06,-8.64,47.6
2026-09-28 00:00:00,-49.43,13.9,8.07,1.0,15,124.87,15.75,0.0,17.86,180915.28,17.86,122.76,42.82,-8.63,50.2
2026-09-28 01:00:00,-51.08,13.9,8.77,1.0,15,126.23,12.98,0.0,26.31,180874.78,26.31,112.89,40.5,-8.24,56.8
2026-09-28 02:00:00,-51.82,13.9,7.95,1.0,15,128.02,10.78,0.0,16.69,180831.43,16.69,122.11,43.35,-7.09,52.9
2026-09-28 03:00:00,-51.99,13.9,9.4,1.0,15,129.1,16.64,0.0,35.88,180791.52,35.88,109.85,39.9,-5.27,46.0
2026-09-28 04:00:00,-51.29,13.9,8.25,1.0,15,123.76,14.15,0.0,19.85,180749.49,19.85,118.05,42.03,-2.9,49.3
2026-09-28 05:00:00,-49.29,13.9,7.15,1.0,15,121.22,11.79,0.0,9.83,180706.6,9.83,123.17,42.89,-0.15,46.0
2026-09-28 06:00:00,-48.75,13.9,8.76,1.0,15,115.94,16.62,8.55,26.15,180671.08,26.15,97.87,35.52,2.81,49.4
2026-09-28 07:00:00,-48.75,13.9,9.54,1.0,15,123.0,18.81,16.91,38.32,180638.78,38.32,86.57,32.3,5.77,49.5
2026-09-28 08:00:00,-47.54,13.9,8.17,1.0,15,120.94,24.63,24.51,18.97,180602.43,18.97,102.09,36.36,8.54,44.4
2026-09-28 09:00:00,-45.71,13.9,6.91,1.0,15,116.16,26.72,30.94,8.18,180566.14,8.18,103.77,36.29,10.94,48.4
2026-09-28 10:00:00,-44.62,13.9,8.91,1.0,15,115.92,28.99,35.82,28.31,180536.73,28.31,80.78,29.41,12.79,43.0
2026-09-28 11:00:00,-44.22,13.9,9.98,1.0,15,115.89,32.33,38.87,46.62,180512.59,46.62,62.73,24.14,13.96,51.0
2026-09-28 12:00:00,-42.8,13.9,9.02,1.0,15,111.38,39.39,39.9,29.88,180483.67,29.88,80.99,28.92,14.37,52.7
2026-09-28 13:00:00,-41.74,13.9,9.51,1.0,15,110.64,31.12,38.87,37.89,180459.62,37.89,65.01,24.05,13.96,53.3
2026-09-28 14:00:00,-41.91,13.9,7.9,1.0,15,109.93,27.16,35.82,16.16,180429.79,16.16,85.12,29.83,12.79,48.6
2026-09-28 15:00:00,-41.45,13.9,8.15,1.0,15,109.03,34.36,30.94,18.74,180397.64,18.74,93.72,32.14,10.94,53.5
2026-09-28 16:00:00,-40.87,13.9,6.25,1.0,15,106.85,29.33,24.51,4.71,180361.9,4.71,106.97,35.75,8.54,55.2
2026-09-28 17:00:00,-40.42,13.9,6.57,1.0,15,104.56,23.47,16.91,6.26,180326.89,6.26,104.85,35.01,5.77,57.0
2026-09-28 18:00:00,-40.93,13.9,5.55,1.0,15,105.62,18.93,8.55,2.27,180289.2,2.27,113.74,37.7,2.81,55.6
2026-09-28 19:00:00,-41.8,13.9,6.36,1.0,15,109.63,16.52,0.0,5.2,180249.19,5.2,120.95,40.01,-0.15,52.1
2026-09-28 20:00:00,-41.82,13.9,6.75,1.0,15,107.36,8.0,0.0,7.26,180212.83,7.26,108.1,36.35,-2.9,52.9
2026-09-28 21:00:00,-43.39,13.9,7.11,1.0,15,110.18,8.53,0.0,9.55,180175.7,9.55,109.16,37.13,-5.27,53.7
2026-09-28 22:00:00,-43.95,13.9,5.74,1.0,15,111.33,15.52,0.0,2.84,180134.17,2.84,124.01,41.53,-7.09,49.9
2026-09-28 23:00:00,-45.55,13.9,6.11,1.0,15,114.99,17.23,0.0,4.13,180091.0,4.13,128.09,43.17,-8.24,46.6
2026-09-29 00:00:00,-45.09,14.17,7.88,1.0,15,117.37,8.0,0.0,15.91,180053.28,15.91,109.47,37.72,-8.23,49.3
2026-09-29 01:00:00,-45.73,14.17,7.66,1.0,15,111.18,10.27,0.0,13.87,180015.9,13.87,107.58,37.38,-7.84,52.6
2026-09-29 02:00:00,-45.24,14.17,8.79,1.0,15,115.22,10.91,0.0,26.57,179980.96,26.57,99.56,34.94,-6.69,54.7
2026-09-29 03:00:00,-45.0,14.17,8.31,1.0,15,112.71,10.51,0.0,20.54,179945.19,20.54,102.68,35.76,-4.87,55.9
2026-09-29 04:00:00,-45.56,14.17,8.15,1.0,15,115.52,15.16,0.0,18.77,179906.63,18.77,111.91,38.56,-2.5,46.6
2026-09-29 05:00:00,-44.29,14.17,8.53,1.0,15,112.27,17.75,0.85,23.23,179870.15,23.23,105.94,36.48,0.25,61.4
2026-09-29 06:00:00,-42.74,14.17,11.17,1.0,15,110.84,15.75,9.11,74.9,179852.19,74.9,42.58,17.96,3.2,49.4
2026-09-29 07:00:00,-41.45,14.17,9.02,1.0,15,105.84,17.84,18.0,29.86,179825.15,29.86,75.83,27.04,6.16,52.8
2026-09-29 08:00:00,-41.03,14.17,7.01,1.0,15,109.5,21.66,25.58,8.81,179792.26,8.81,96.77,32.89,8.94,60.2
2026-09-29 09:00:00,-40.28,14.17,7.88,1.0,15,107.57,26.48,31.98,15.91,179762.62,15.91,86.15,29.64,11.34,46.5
2026-09-29 10:00:00,-39.25,14.17,10.68,1.0,15,106.17,34.66,35.6,62.12,179745.56,62.12,43.11,17.06,13.19,56.2
2026-09-29 11:00:00,-38.79,14.17,13.86,1.0,15,107.25,31.39,32.2,100.0,179739.09,100.0,6.44,6.47,14.36,54.5
2026-09-29 12:00:00,-37.0,14.17,12.33,1.0,15,99.25,37.42,36.17,100.0,179734.84,100.0,0.5,4.24,14.77,50.3
2026-09-29 13:00:00,-36.33,14.17,11.18,1.0,15,98.92,33.57,37.55,74.95,179725.25,74.95,19.98,9.6,14.36,50.8
2026-09-29 14:00:00,-37.59,14.17,11.0,1.0,15,106.92,28.02,35.01,70.24,179712.51,70.24,29.69,12.74,13.19,62.4
2026-09-29 15:00:00,-37.22,14.17,10.54,1.0,15,103.89,28.25,31.13,58.72,179696.29,58.72,42.3,16.22,11.34,59.7
2026-09-29 16:00:00,-37.51,14.17,10.5,1.0,15,98.9,23.61,24.93,57.89,179680.73,57.89,39.68,15.56,8.94,61.6
2026-09-29 17:00:00,-37.85,14.17,11.73,1.0,15,103.28,18.82,16.44,91.37,179672.3,91.37,14.28,8.43,6.16,51.4
2026-09-29 18:00:00,-38.59,14.17,11.84,1.0,15,107.16,17.88,8.78,94.85,179661.62,94.85,21.41,10.68,3.2,57.5
2026-09-29 19:00:00,-38.78,14.17,10.93,1.0,15,109.68,17.89,0.81,68.39,179640.35,68.39,58.37,21.27,0.25,67.2
2026-09-29 20:00:00,-38.9,14.17,10.16,1.0,15,108.73,12.52,0.0,50.27,179615.46,50.27,70.98,24.9,-2.5,54.6
2026-09-29 21:00:00,-39.61,14.17,10.25,1.0,15,105.39,12.6,0.0,52.3,179591.85,52.3,65.69,23.6,-4.87,55.5
2026-09-29 22:00:00,-40.69,14.17,9.65,1.0,15,107.79,11.13,0.0,40.35,179564.25,40.35,78.57,27.6,-6.69,54.5
2026-09-29 23:00:00,-41.53,14.17,9.23,1.0,15,105.37,16.95,0.0,33.14,179533.37,33.14,89.18,30.88,-7.84,53.3
2026-09-30 00:00:00,-41.74,14.45,6.99,1.0,15,109.93,12.36,0.0,8.72,179495.48,8.72,113.57,37.89,-7.84,49.8
2026-09-30 01:00:00,-42.76,14.45,6.32,1.0,15,111.72,11.94,0.0,5.01,179455.84,5.01,118.65,39.64,-7.44,53.2
2026-09-30 02:00:00,-42.72,14.45,6.95,1.0,15,113.21,12.01,0.0,8.48,179416.75,8.48,116.74,39.09,-6.3,61.1
2026-09-30 03:00:00,-42.53,14.45,8.84,1.0,15,106.08,14.3,0.0,27.37,179384.49,27.37,93.01,32.27,-4.48,52.8
2026-09-30 04:00:00,-41.46,14.45,8.04,1.0,15,107.22,14.51,0.0,17.52,179349.35,17.52,104.21,35.14,-2.11,60.0
2026-09-30 05:00:00,-40.34,14.45,8.3,1.0,15,107.03,18.68,2.09,20.43,179314.84,20.43,103.18,34.51,0.64,69.0
2026-09-30 06:00:00,-40.19,14.45,7.88,1.0,15,109.23,17.94,10.79,15.94,179281.16,15.94,100.44,33.68,3.59,50.8
2026-09-30 07:00:00,-38.97,14.45,6.64,1.0,15,104.52,27.7,19.08,6.63,179246.11,6.63,106.51,35.05,6.55,58.5
2026-09-30 08:00:00,-38.7,14.45,9.96,1.0,15,110.17,23.29,26.63,46.24,179224.23,46.24,60.6,21.88,9.33,50.2
2026-09-30 09:00:00,-37.37,14.45,11.2,1.0,15,100.54,28.49,31.04,75.68,179213.66,75.68,22.31,10.57,11.73,56.3
2026-09-30 10:00:00,-36.77,14.45,8.88,1.0,15,100.91,31.59,37.89,27.83,179190.6,27.83,66.79,23.07,13.59,69.9
2026-09-30 11:00:00,-36.54,14.45,9.68,1.0,15,99.24,31.42,40.93,40.83,179172.7,40.83,48.9,17.9,14.76,60.8
2026-09-30 12:00:00,-35.63,14.45,8.87,1.0,15,99.78,31.96,41.96,27.76,179151.34,27.76,62.02,21.36,15.16,59.8
2026-09-30 13:00:00,-36.68,14.45,13.01,1.0,15,102.9,28.83,34.76,100.0,179147.33,100.0,0.0,4.0,14.76,51.6
2026-09-30 14:00:00,-37.35,14.45,11.1,1.0,15,103.29,32.2,35.81,72.8,179135.47,72.8,26.88,11.87,13.59,54.0
2026-09-30 15:00:00,-37.29,14.45,9.5,1.0,15,100.9,28.61,33.03,37.68,179114.52,37.68,58.8,20.94,11.73,52.9
2026-09-30 16:00:00,-37.31,14.45,9.51,1.0,15,105.51,25.55,26.63,37.84,179091.35,37.84,66.59,23.17,9.33,51.9
2026-09-30 17:00:00,-37.83,14.45,10.75,1.0,15,106.67,16.68,18.37,63.8,179075.27,63.8,41.19,16.09,6.55,60.8
2026-09-30 18:00:00,-39.28,14.45,9.08,1.0,15,104.35,20.78,10.79,30.76,179046.66,30.76,83.59,28.61,3.59,59.0
2026-09-30 19:00:00,-40.44,14.45,9.77,1.0,15,114.47,17.67,2.09,42.61,179016.6,42.61,87.45,30.05,0.64,53.8
2026-09-30 20:00:00,-40.97,14.45,7.75,1.0,15,106.07,8.0,0.0,14.73,178983.0,14.73,99.35,33.61,-2.11,51.5
2026-09-30 21:00:00,-41.46,14.45,10.19,1.0,15,109.35,15.24,0.0,50.95,178956.58,50.95,73.63,26.42,-4.48,57.5
2026-09-30 22:00:00,-42.31,14.45,8.17,1.0,15,110.67,12.21,0.0,18.92,178921.25,18.92,103.96,35.32,-6.3,61.7
2026-09-30 23:00:00,-42.39,14.45,10.43,1.0,15,108.24,8.0,0.0,56.32,178898.46,56.32,59.91,22.79,-7.44,58.2
2026-10-01 00:00:00,-42.36,14.72,9.9,1.0,15,111.1,10.0,0.0,45.09,178871.09,45.09,76.01,27.37,-7.44,53.8
2026-10-01 01:00:00,-43.32,14.72,9.37,1.0,15,111.88,9.19,0.0,35.53,178840.71,35.53,85.55,30.38,-7.05,57.1
2026-10-01 02:00:00,-43.79,14.72,12.26,1.0,15,113.8,10.35,0.0,100.0,178827.69,100.0,24.15,13.02,-5.9,57.0
2026-10-01 03:00:00,-44.7,14.72,15.03,1.0,15,114.29,14.93,0.0,100.0,178812.96,100.0,29.22,14.74,-4.08,52.2
2026-10-01 04:00:00,-44.58,14.72,13.77,1.0,15,115.86,16.01,0.0,100.0,178797.5,100.0,31.88,15.46,-1.72,52.3
2026-10-01 05:00:00,-43.5,14.72,10.96,1.0,15,113.75,17.81,3.13,69.19,178774.56,69.19,59.23,22.93,1.03,49.7
2026-10-01 06:00:00,-42.47,14.72,10.33,1.0,15,108.65,18.6,11.7,54.06,178751.3,54.06,61.49,23.27,3.98,57.3
2026-10-01 07:00:00,-40.85,14.72,9.96,1.0,15,107.66,30.55,20.15,46.33,178725.6,46.33,71.73,25.7,6.94,53.5
2026-10-01 08:00:00,-40.16,14.72,9.65,1.0,15,105.45,18.38,27.68,40.32,178704.64,40.32,55.82,20.96,9.72,50.0
2026-10-01 09:00:00,-38.4,14.72,9.62,1.0,15,108.19,25.39,34.06,39.83,178683.11,39.83,59.69,21.53,12.12,51.5
2026-10-01 10:00:00,-37.59,14.72,7.3,1.0,15,105.37,31.22,38.91,10.91,178654.1,10.91,86.77,29.01,13.98,56.6
2026-10-01 11:00:00,-35.83,14.72,8.51,1.0,15,101.27,29.75,41.95,22.99,178631.52,22.99,66.09,22.58,15.16,53.4
2026-10-01 12:00:00,-35.11,14.72,9.38,1.0,15,100.6,31.38,42.98,35.69,178612.79,35.69,53.3,18.73,15.56,72.3
2026-10-01 13:00:00,-34.12,14.72,7.77,1.0,15,97.63,31.89,41.95,14.88,178588.58,14.88,72.69,24.22,15.16,61.9
2026-10-01 14:00:00,-32.87,14.72,8.28,1.0,15,96.29,29.58,38.91,20.21,178566.05,20.21,66.74,22.52,13.98,57.9
2026-10-01 15:00:00,-32.88,14.72,8.64,1.0,15,94.32,24.27,34.06,24.62,178545.48,24.62,59.9,20.57,12.12,61.3
2026-10-01 16:00:00,-32.87,14.72,9.34,1.0,15,94.49,28.23,27.68,35.04,178524.88,35.04,60.0,20.6,9.72,64.0
2026-10-01 17:00:00,-32.45,14.72,7.59,1.0,15,96.66,25.17,20.15,13.25,178496.18,13.25,88.42,28.7,6.94,61.7
2026-10-01 18:00:00,-33.11,14.72,8.37,1.0,15,93.95,24.1,11.9,21.18,178468.46,21.18,84.97,27.72,3.98,55.4
2026-10-01 19:00:00,-34.65,14.72,7.7,1.0,15,97.16,10.42,3.29,14.26,178439.3,14.26,90.04,29.16,1.03,58.5
2026-10-01 20:00:00,-34.21,14.72,8.01,1.0,15,97.52,16.56,0.0,17.22,178408.2,17.22,96.86,31.11,-1.72,58.1
2026-10-01 21:00:00,-35.42,14.72,9.32,1.0,15,96.58,10.73,0.0,34.57,178383.84,34.57,72.74,24.36,-4.08,56.2
2026-10-01 22:00:00,-36.25,14.72,9.93,1.0,15,103.4,12.53,0.0,45.62,178359.92,45.62,70.31,23.92,-5.9,53.7
2026-10-01 23:00:00,-36.42,14.72,8.17,1.0,15,102.9,10.94,0.0,19.0,178328.97,19.0,94.85,30.96,-7.05,62.1
2026-10-02 00:00:00,-37.08,15.0,8.65,1.0,15,103.41,10.03,0.0,24.72,178299.56,24.72,88.71,29.41,-7.04,59.5
2026-10-02 01:00:00,-38.27,15.0,11.63,1.0,15,103.46,14.77,0.0,88.09,178286.49,88.09,30.14,13.07,-6.65,58.6
2026-10-02 02:00:00,-38.48,15.0,9.56,1.0,15,107.23,17.94,0.0,38.67,178257.3,38.67,86.49,29.19,-5.51,46.9
2026-10-02 03:00:00,-39.7,15.0,10.9,1.0,15,107.44,19.24,0.0,67.68,178235.57,67.68,58.99,21.72,-3.69,53.2
2026-10-02 04:00:00,-39.76,15.0,11.05,1.0,15,108.8,17.36,0.0,71.47,178215.06,71.47,54.69,20.51,-1.33,61.4
2026-10-02 05:00:00,-39.26,15.0,11.49,1.0,15,108.16,13.01,4.13,83.99,178200.86,83.99,33.05,14.2,1.42,57.5
2026-10-02 06:00:00,-38.87,15.0,9.94,1.0,15,104.2,19.26,13.0,45.83,178177.78,45.83,64.63,23.08,4.37,50.0
2026-10-02 07:00:00,-39.08,15.0,8.85,1.0,15,103.62,22.78,21.22,27.48,178150.91,27.48,77.71,26.87,7.33,64.0
2026-10-02 08:00:00,-37.26,15.0,10.84,1.0,15,100.54,27.63,27.52,66.04,178136.87,66.04,34.61,14.04,10.11,44.9
2026-10-02 09:00:00,-36.29,15.0,9.74,1.0,15,101.38,30.9,35.09,42.04,178117.27,42.04,55.15,19.6,12.52,58.4
2026-10-02 10:00:00,-34.52,15.0,7.74,1.0,15,92.51,29.36,39.93,14.62,178094.59,14.62,67.32,22.69,14.38,67.7
2026-10-02 11:00:00,-33.85,15.0,8.38,1.0,15,95.11,35.8,42.96,21.3,178072.09,21.3,66.64,22.49,15.56,51.8
2026-10-02 12:00:00,-33.66,15.0,7.09,1.0,15,95.65,39.55,43.99,9.4,178045.28,9.4,81.81,26.82,15.96,57.4
2026-10-02 13:00:00,-32.95,15.0,8.79,1.0,15,94.71,33.12,42.96,26.62,178025.18,26.62,58.25,20.1,15.56,53.3
2026-10-02 14:00:00,-32.74,15.0,9.28,1.0,15,97.05,29.05,39.93,34.03,178006.82,34.03,52.14,18.36,14.38,67.5
2026-10-02 15:00:00,-33.33,15.0,10.87,1.0,15,93.51,31.92,33.57,66.85,177996.19,66.85,25.01,10.63,12.52,55.9
2026-10-02 16:00:00,-32.56,15.0,11.42,1.0,15,91.74,29.37,26.68,81.96,177989.14,81.96,12.46,7.05,10.11,65.6
2026-10-02 17:00:00,-33.29,15.0,9.21,1.0,15,92.91,25.03,21.22,32.83,177967.43,32.83,63.89,21.71,7.33,67.0
2026-10-02 18:00:00,-34.96,15.0,8.65,1.0,15,100.34,19.64,13.0,24.76,177940.5,24.76,82.22,26.93,4.37,52.4
2026-10-02 19:00:00,-34.86,15.0,9.78,1.0,15,97.76,20.57,4.46,42.82,177916.75,42.82,71.05,23.75,1.42,51.4
2026-10-02 20:00:00,-36.01,15.0,9.19,1.0,15,99.46,11.36,0.0,32.46,177890.61,32.46,78.36,26.14,-1.33,60.4
2026-10-02 21:00:00,-37.27,15.0,12.1,1.0,15,106.61,13.12,0.0,100.0,177880.81,100.0,19.73,9.81,-3.69,60.9
2026-10-02 22:00:00,-39.23,15.0,12.05,1.0,15,106.77,18.61,0.0,100.0,177868.8,100.0,25.39,12.0,-5.51,55.2
2026-10-02 23:00:00,-39.0,15.0,9.0,1.0,15,103.84,12.84,0.0,29.59,177839.28,29.59,87.08,29.52,-6.65,55.9
2026-10-03 00:00:00,-40.01,15.29,10.71,1.0,15,103.97,12.98,0.0,62.81,177818.85,62.81,54.14,20.43,-6.65,62.4
2026-10-03 01:00:00,-40.51,15.29,8.64,1.0,15,111.93,13.56,0.0,24.64,177784.96,24.64,100.85,33.89,-6.26,53.4
2026-10-03 02:00:00,-40.28,15.29,7.35,1.0,15,107.96,10.17,0.0,11.33,177749.43,11.33,106.81,35.53,-5.11,61.7
2026-10-03 03:00:00,-40.13,15.29,8.66,1.0,15,106.25,9.89,0.0,24.85,177718.38,24.85,91.28,31.06,-3.3,52.0
2026-10-03 04:00:00,-40.04,15.29,10.35,1.0,15,107.49,12.64,0.0,54.42,177694.63,54.42,65.72,23.74,-0.94,67.0
2026-10-03 05:00:00,-40.71,15.29,10.0,1.0,15,107.18,16.08,5.62,47.07,177669.31,47.07,70.57,25.33,1.81,50.0
2026-10-03 06:00:00,-40.61,15.29,8.9,1.0,15,109.07,23.45,14.09,28.16,177638.4,28.16,90.27,30.91,4.76,60.5
2026-10-03 07:00:00,-39.74,15.29,8.33,1.0,15,102.87,24.01,22.28,20.76,177609.58,20.76,83.84,28.82,7.72,50.4
2026-10-03 08:00:00,-39.34,15.29,7.89,1.0,15,105.09,30.86,29.76,16.06,177579.09,16.06,90.13,30.49,10.5,59.4
2026-10-03 09:00:00,-38.27,15.29,7.52,1.0,15,102.0,30.59,36.12,12.71,177550.74,12.71,83.76,28.35,12.91,56.3
2026-10-03 10:00:00,-36.92,15.29,6.96,1.0,15,102.05,33.63,40.95,8.55,177522.1,8.55,86.19,28.64,14.77,58.7
2026-10-03 11:00:00,-35.47,15.29,7.85,1.0,15,97.87,34.23,43.97,15.67,177497.81,15.67,72.46,24.29,15.95,61.7
2026-10-03 12:00:00,-35.46,15.29,10.07,1.0,15,98.65,37.54,44.84,48.46,177481.94,48.46,42.89,15.86,16.35,59.6
2026-10-03 13:00:00,-33.55,15.29,9.01,1.0,15,95.79,32.51,43.97,29.8,177462.9,29.8,54.53,19.04,15.95,60.6
2026-10-03 14:00:00,-32.73,15.29,7.81,1.0,15,96.29,31.31,40.95,15.28,177439.06,15.28,71.37,23.84,14.77,51.2
2026-10-03 15:00:00,-32.6,15.29,9.56,1.0,15,94.7,25.79,36.12,38.68,177422.54,38.68,45.69,16.52,12.91,67.4
2026-10-03 16:00:00,-32.06,15.29,10.27,1.0,15,92.46,28.99,29.37,52.63,177407.8,52.63,39.45,14.74,10.5,68.6
2026-10-03 17:00:00,-30.99,15.29,12.13,1.0,15,93.94,21.75,19.91,100.0,177404.3,100.0,0.0,3.5,7.72,61.2
2026-10-03 18:00:00,-32.44,15.29,9.95,1.0,15,99.88,22.11,14.09,46.04,177383.17,46.04,61.86,21.13,4.76,63.5
2026-10-03 19:00:00,-33.32,15.29,8.3,1.0,15,95.86,17.21,5.62,20.48,177354.88,20.48,86.98,28.29,1.81,66.8
2026-10-03 20:00:00,-35.61,15.29,8.56,1.0,15,103.06,10.8,0.0,23.58,177325.46,23.58,90.29,29.42,-0.94,61.3
2026-10-03 21:00:00,-36.39,15.29,9.01,1.0,15,98.01,13.61,0.0,29.82,177298.23,29.82,81.8,27.23,-3.3,55.0
2026-10-03 22:00:00,-37.07,15.29,8.85,1.0,15,100.78,11.62,0.0,27.46,177269.9,27.46,84.93,28.33,-5.11,51.2
2026-10-03 23:00:00,-37.93,15.29,9.16,1.0,15,106.65,8.61,0.0,32.08,177241.81,32.08,83.18,28.09,-6.26,59.7
2026-10-04 00:00:00,-38.57,15.58,7.89,1.0,15,105.27,13.91,0.0,16.07,177207.86,16.07,103.11,33.96,-6.25,56.8
2026-10-04 01:00:00,-40.36,15.58,8.05,1.0,15,105.98,18.04,0.0,17.65,177172.43,17.65,106.37,35.42,-5.86,54.7
2026-10-04 02:00:00,-40.45,15.58,8.82,1.0,15,109.54,9.98,0.0,27.04,177140.94,27.04,92.47,31.49,-4.72,50.9
2026-10-04 03:00:00,-39.67,15.58,8.55,1.0,15,104.21,8.0,0.0,23.44,177110.74,23.44,88.76,30.2,-2.91,53.5
2026-10-04 04:00:00,-39.9,15.58,9.27,1.0,15,106.98,20.37,0.0,33.76,177079.1,33.76,93.59,31.64,-0.55,56.8
2026-10-04 05:00:00,-39.26,15.58,8.93,1.0,15,107.92,12.09,6.75,28.63,177050.21,28.63,84.62,28.9,2.19,54.1
2026-10-04 06:00:00,-39.64,15.58,8.29,1.0,15,107.25,25.5,15.17,20.32,177017.59,20.32,97.27,32.61,5.14,55.4
2026-10-04 07:00:00,-38.62,15.58,7.73,1.0,15,110.38,27.46,23.33,14.51,176984.51,14.51,100.0,33.08,8.11,55.9
2026-10-04 08:00:00,-37.99,15.58,7.7,1.0,15,102.64,26.84,30.8,14.21,176956.04,14.21,84.48,28.47,10.89,59.8
2026-10-04 09:00:00,-37.52,15.58,5.97,1.0,15,104.68,27.33,37.13,3.6,176925.77,3.6,91.28,30.27,13.3,49.7
2026-10-04 10:00:00,-37.04,15.58,7.38,1.0,15,104.35,34.74,41.95,11.53,176897.26,11.53,85.61,28.51,15.16,55.4
2026-10-04 11:00:00,-36.4,15.58,9.29,1.0,15,100.93,33.1,44.97,34.18,176877.7,34.18,54.88,19.56,16.34,52.2
2026-10-04 12:00:00,-35.4,15.58,8.62,1.0,15,97.81,38.59,46.0,24.36,176855.26,24.36,66.04,22.44,16.75,59.2
2026-10-04 13:00:00,-35.6,15.58,6.83,1.0,15,102.73,34.23,44.97,7.69,176827.55,7.69,84.31,27.71,16.34,54.3
2026-10-04 14:00:00,-35.44,15.58,10.94,1.0,15,98.82,36.63,39.99,68.61,176816.26,68.61,26.85,11.29,15.16,63.1
2026-10-04 15:00:00,-35.29,15.58,9.48,1.0,15,101.12,31.67,37.13,37.3,176796.04,37.3,58.37,20.22,13.3,56.5
2026-10-04 16:00:00,-36.03,15.58,7.89,1.0,15,101.78,30.56,30.8,16.03,176767.86,16.03,85.52,28.18,10.89,55.1
2026-10-04 17:00:00,-35.23,15.58,7.67,1.0,15,99.89,24.59,23.33,13.97,176739.44,13.97,87.18,28.42,8.11,54.4
2026-10-04 18:00:00,-36.26,15.58,8.9,1.0,15,104.17,20.03,15.17,28.22,176712.53,28.22,80.82,26.91,5.14,59.1
2026-10-04 19:00:00,-37.34,15.58,8.13,1.0,15,103.62,15.66,6.75,18.55,176681.54,18.55,93.98,30.99,2.19,50.6
2026-10-04 20:00:00,-38.72,15.58,8.56,1.0,15,106.4,11.52,0.0,23.55,176650.03,23.55,94.37,31.51,-0.55,55.5
2026-10-04 21:00:00,-38.48,15.58,8.3,1.0,15,105.53,12.98,0.0,20.46,176617.55,20.46,98.04,32.49,-2.91,55.6
2026-10-04 22:00:00,-39.0,15.58,7.01,1.0,15,105.62,9.89,0.0,8.83,176582.44,8.83,106.68,35.11,-4.72,53.1
2026-10-04 23:00:00,-40.37,15.58,6.91,1.0,15,106.74,11.68,0.0,8.17,176545.91,8.17,110.24,36.53,-5.86,55.8
2026-10-05 00:00:00,-39.9,15.87,8.29,1.0,15,106.81,13.6,0.0,20.34,176512.42,20.34,100.07,33.49,-5.86,52.8
2026-10-05 01:00:00,-40.3,15.87,8.81,1.0,15,108.83,14.49,0.0,26.94,176479.86,26.94,96.38,32.56,-5.47,56.2
2026-10-05 02:00:00,-40.46,15.87,7.38,1.0,15,108.75,17.01,0.0,11.54,176442.17,11.54,114.23,37.69,-4.33,51.9
2026-10-05 03:00:00,-40.76,15.87,6.55,1.0,15,109.49,14.08,0.0,6.15,176403.47,6.15,117.42,38.69,-2.52,50.7
2026-10-05 04:00:00,-41.06,15.87,7.68,1.0,15,116.94,15.71,0.0,14.07,176364.36,14.07,118.58,39.11,-0.17,55.5
2026-10-05 05:00:00,-40.46,15.87,9.31,1.0,15,106.61,16.56,7.87,34.41,176336.17,34.41,80.89,28.19,2.58,58.7
2026-10-05 06:00:00,-40.2,15.87,8.61,1.0,15,103.82,20.5,16.24,24.27,176307.22,24.27,83.82,28.95,5.53,69.1
2026-10-05 07:00:00,-38.33,15.87,8.98,1.0,15,103.52,24.01,24.37,29.31,176281.68,29.31,73.85,25.55,8.49,54.5
2026-10-05 08:00:00,-38.23,15.87,7.72,1.0,15,103.48,33.18,31.82,14.45,176251.45,14.45,90.38,30.23,11.27,60.2
2026-10-05 09:00:00,-36.36,15.87,7.35,1.0,15,102.33,30.81,38.14,11.3,176223.69,11.3,83.7,27.76,13.69,55.5
2026-10-05 10:00:00,-35.5,15.87,5.7,1.0,15,99.47,28.02,42.95,2.69,176196.71,2.69,81.85,26.98,15.55,62.2
2026-10-05 11:00:00,-34.46,15.87,7.64,1.0,15,100.02,33.59,45.97,13.7,176172.13,13.7,73.95,24.57,16.73,65.7
2026-10-05 12:00:00,-33.21,15.87,7.6,1.0,15,94.79,30.8,46.99,13.34,176150.04,13.34,65.26,22.1,17.14,60.7
2026-10-05 13:00:00,-33.02,15.87,9.26,1.0,15,97.46,30.94,45.97,33.72,176132.65,33.72,48.72,17.38,16.73,63.8
2026-10-05 14:00:00,-32.13,15.87,9.9,1.0,15,91.61,31.75,42.95,45.11,176119.09,45.11,35.29,13.56,15.55,63.1
2026-10-05 15:00:00,-33.64,15.87,10.99,1.0,15,97.13,30.87,36.26,69.91,176109.37,69.91,21.84,9.72,13.69,59.8
2026-10-05 16:00:00,-34.16,15.87,9.59,1.0,15,96.17,28.02,31.82,39.3,176090.74,39.3,53.07,18.62,11.27,57.2
2026-10-05 17:00:00,-35.03,15.87,8.22,1.0,15,98.51,21.76,24.37,19.51,176065.46,19.51,76.38,25.28,8.49,57.0
2026-10-05 18:00:00,-36.3,15.87,11.39,1.0,15,96.75,15.87,15.11,81.1,176056.9,81.1,16.41,8.57,5.53,51.2
2026-10-05 19:00:00,-37.1,15.87,11.46,1.0,15,104.38,16.8,7.3,83.17,176044.01,83.17,30.72,12.88,2.58,62.4
2026-10-05 20:00:00,-37.65,15.87,12.14,1.0,15,102.51,14.06,0.0,100.0,176035.0,100.0,16.57,9.02,-0.17,66.1
2026-10-05 21:00:00,-38.08,15.87,9.03,1.0,15,103.77,13.05,0.0,30.05,176005.84,30.05,86.77,29.15,-2.52,49.4
2026-10-05 22:00:00,-38.79,15.87,8.43,1.0,15,106.04,13.54,0.0,21.98,175973.39,21.98,97.6,32.45,-4.33,61.1
2026-10-05 23:00:00,-39.99,15.87,9.47,1.0,15,105.38,11.62,0.0,37.11,175945.63,37.11,79.89,27.77,-5.47,54.8
2026-10-06 00:00:00,-39.96,16.17,7.63,1.0,15,105.86,15.64,0.0,13.65,175909.9,13.65,107.85,35.73,-5.47,51.8
2026-10-06 01:00:00,-40.4,16.17,8.17,1.0,15,103.73,14.92,0.0,19.01,175876.38,19.01,99.64,33.52,-5.08,55.4
2026-10-06 02:00:00,-40.14,16.17,8.08,1.0,15,106.51,15.37,0.0,17.94,175841.72,17.94,103.93,34.66,-3.94,50.9
2026-10-06 03:00:00,-39.76,16.17,6.18,1.0,15,110.02,17.72,0.0,4.43,175801.65,4.43,123.31,40.07,-2.13,56.4
2026-10-06 04:00:00,-39.59,16.17,5.98,1.0,15,106.97,15.83,0.76,3.64,175763.02,3.64,118.41,38.62,0.22,53.8
2026-10-06 05:00:00,-39.76,16.17,6.01,1.0,15,103.32,17.63,8.98,3.75,175727.26,3.75,108.21,35.77,2.96,53.5
2026-10-06 06:00:00,-39.56,16.17,5.34,1.0,15,107.25,20.45,17.3,1.77,175691.43,1.77,108.64,35.83,5.91,61.2
2026-10-06 07:00:00,-39.13,16.17,6.78,1.0,15,108.47,26.16,25.41,7.42,175657.67,7.42,101.81,33.75,8.87,46.9
2026-10-06 08:00:00,-38.43,16.17,6.43,1.0,15,102.35,27.37,32.83,5.55,175627.11,5.55,91.34,30.56,11.66,53.3
2026-10-06 09:00:00,-37.32,16.17,6.31,1.0,15,102.37,24.32,39.14,4.97,175599.38,4.97,82.58,27.73,14.07,47.1
2026-10-06 10:00:00,-35.94,16.17,8.95,1.0,15,100.3,30.09,43.95,28.86,175579.18,28.86,57.59,20.19,15.94,58.7
2026-10-06 11:00:00,-35.09,16.17,8.76,1.0,15,99.66,37.61,46.95,26.19,175557.38,26.19,64.12,21.8,17.12,56.2
2026-10-06 12:00:00,-34.32,16.17,8.37,1.0,15,98.45,28.05,47.97,21.21,175537.55,21.21,57.31,19.83,17.53,55.7
2026-10-06 13:00:00,-33.64,16.17,9.33,1.0,15,98.54,34.21,46.95,34.83,175519.53,34.83,50.96,18.02,17.12,61.2
2026-10-06 14:00:00,-33.57,16.17,11.22,1.0,15,96.76,33.52,41.27,76.11,175512.35,76.11,12.89,7.17,15.94,62.9
2026-10-06 15:00:00,-33.97,16.17,8.51,1.0,15,100.37,29.55,39.14,22.9,175489.5,22.9,67.88,22.85,14.07,65.4
2026-10-06 16:00:00,-35.11,16.17,8.38,1.0,15,95.19,25.12,32.83,21.34,175467.12,21.34,66.13,22.38,11.66,73.3
2026-10-06 17:00:00,-35.82,16.17,8.87,1.0,15,97.99,20.87,25.41,27.73,175444.65,27.73,65.73,22.48,8.87,55.3
2026-10-06 18:00:00,-36.02,16.17,8.19,1.0,15,104.11,21.32,17.3,19.22,175415.5,19.22,88.9,29.14,5.91,54.6
2026-10-06 19:00:00,-37.11,16.17,9.45,1.0,15,101.47,16.53,8.98,36.74,175390.77,36.74,72.29,24.74,2.96,57.2
2026-10-06 20:00:00,-38.03,16.17,12.26,1.0,15,105.18,19.04,0.67,100.0,175379.65,100.0,23.54,11.12,0.22,56.9
2026-10-06 21:00:00,-38.59,16.17,13.72,1.0,15,104.53,14.75,0.0,100.0,175369.58,100.0,19.28,10.07,-2.13,64.7
2026-10-06 22:00:00,-39.12,16.17,11.47,1.0,15,107.71,11.72,0.0,83.45,175354.59,83.45,35.98,14.99,-3.94,58.3
2026-10-06 23:00:00,-40.56,16.17,9.72,1.0,15,108.78,13.79,0.0,41.69,175326.37,41.69,80.88,28.22,-5.08,49.9
2026-10-07 00:00:00,-40.14,16.48,12.14,1.0,15,113.02,10.87,0.0,100.0,175314.52,100.0,23.89,11.85,-5.08,49.9
2026-10-07 01:00:00,-39.96,16.48,11.01,1.0,15,106.88,12.35,0.0,70.58,175295.67,70.58,48.65,18.85,-4.69,58.4
2026-10-07 02:00:00,-40.95,16.48,9.33,1.0,15,107.55,8.0,0.0,34.73,175267.35,34.73,80.82,28.32,-3.56,53.3
2026-10-07 03:00:00,-41.51,16.48,9.94,1.0,15,112.15,12.24,0.0,45.87,175239.52,45.87,78.53,27.83,-1.75,60.9
2026-10-07 04:00:00,-40.61,16.48,8.84,1.0,15,109.44,16.32,1.98,27.32,175206.84,27.32,96.46,32.67,0.6,57.1
2026-10-07 05:00:00,-40.3,16.48,7.99,1.0,15,105.68,17.24,10.08,17.07,175174.46,17.07,95.77,32.39,3.34,49.6
2026-10-07 06:00:00,-41.04,16.48,9.98,1.0,15,110.53,23.71,18.35,46.73,175149.44,46.73,69.15,25.02,6.29,48.3
2026-10-07 07:00:00,-41.09,16.48,8.41,1.0,15,109.13,28.13,26.43,21.69,175118.71,21.69,89.14,30.73,9.26,55.9
2026-10-07 08:00:00,-40.31,16.48,6.8,1.0,15,107.68,29.57,33.84,7.51,175086.28,7.51,95.9,32.43,12.04,53.1
2026-10-07 09:00:00,-40.03,16.48,6.54,1.0,15,108.0,36.06,40.14,6.08,175053.39,6.08,97.84,32.89,14.46,60.7
2026-10-07 10:00:00,-39.28,16.48,7.54,1.0,15,107.67,35.26,44.93,12.84,175024.34,12.84,85.15,29.05,16.33,57.2
2026-10-07 11:00:00,-38.33,16.48,6.49,1.0,15,104.82,33.56,47.93,5.82,174995.72,5.82,84.63,28.62,17.51,57.9
2026-10-07 12:00:00,-36.63,16.48,7.02,1.0,15,101.19,33.29,48.95,8.9,174969.89,8.9,76.63,25.83,17.92,51.4
2026-10-07 13:00:00,-36.17,16.48,7.96,1.0,15,105.66,32.23,47.93,16.75,174945.18,16.75,73.21,24.71,17.51,55.5
2026-10-07 14:00:00,-35.09,16.48,9.73,1.0,15,99.31,30.03,44.93,41.86,174929.52,41.86,42.54,15.65,16.33,58.4
2026-10-07 15:00:00,-34.04,16.48,8.49,1.0,15,100.71,31.09,40.14,22.74,174906.38,22.74,68.92,23.14,14.46,50.1
2026-10-07 16:00:00,-33.24,16.48,9.91,1.0,15,95.29,26.32,33.84,45.27,174890.77,45.27,42.5,15.61,12.04,63.2
2026-10-07 17:00:00,-33.38,16.48,8.64,1.0,15,94.88,20.3,26.43,24.6,174868.99,24.6,64.15,21.78,9.26,64.2
2026-10-07 18:00:00,-35.09,16.48,9.32,1.0,15,101.52,23.42,18.35,34.62,174844.95,34.62,71.97,24.04,6.29,56.0
2026-10-07 19:00:00,-35.48,16.48,8.9,1.0,15,99.44,16.0,10.08,28.16,174819.31,28.16,77.19,25.64,3.34,64.7
2026-10-07 20:00:00,-35.64,16.48,7.42,1.0,15,95.98,10.16,1.98,11.84,174789.3,11.84,92.32,30.0,0.6,64.4
2026-10-07 21:00:00,-36.56,16.48,8.61,1.0,15,101.21,16.67,0.0,24.23,174758.64,24.23,93.65,30.66,-1.75,60.2
2026-10-07 22:00:00,-36.37,16.48,7.65,1.0,15,102.49,16.36,0.0,13.76,174724.78,13.76,105.09,33.86,-3.56,57.4
2026-10-07 23:00:00,-36.68,16.48,6.8,1.0,15,100.31,9.47,0.0,7.51,174691.63,7.51,102.28,33.15,-4.69,62.5
2026-10-08 00:00:00,-36.56,16.79,6.85,1.0,15,99.87,11.29,0.0,7.83,174658.21,7.83,103.33,33.42,-4.69,50.1
2026-10-08 01:00:00,-36.45,16.79,7.94,1.0,15,101.93,10.49,0.0,16.59,174626.97,16.59,95.83,31.25,-4.31,58.0
2026-10-08 02:00:00,-36.6,16.79,7.23,1.0,15,99.22,10.97,0.0,10.4,174594.54,10.4,99.8,32.42,-3.17,53.3
2026-10-08 03:00:00,-38.23,16.79,6.53,1.0,15,104.93,8.0,0.0,6.03,174559.61,6.03,106.91,34.94,-1.37,53.0
2026-10-08 04:00:00,-38.4,16.79,4.98,1.0,15,106.79,13.7,3.15,1.06,174521.95,1.06,116.28,37.66,0.98,58.5
2026-10-08 05:00:00,-37.3,16.79,8.16,1.0,15,105.68,16.88,11.16,18.89,174491.39,18.89,92.51,30.55,3.72,53.0
2026-10-08 06:00:00,-37.22,16.79,10.88,1.0,15,101.26,26.04,18.54,67.22,174475.39,67.22,41.54,16.01,6.67,49.4
2026-10-08 07:00:00,-36.61,16.79,12.68,1.0,15,105.66,25.02,23.77,100.0,174469.43,100.0,6.91,5.95,9.63,68.6
2026-10-08 08:00:00,-36.38,16.79,13.59,1.0,15,102.68,26.07,28.58,100.0,174465.47,100.0,0.17,3.96,12.42,54.7
2026-10-08 09:00:00,-34.37,16.79,16.15,1.0,15,96.79,31.03,28.48,100.0,174461.97,100.0,0.0,3.5,14.84,55.0
2026-10-08 10:00:00,-32.43,16.79,19.72,1.0,15,94.34,28.38,23.6,100.0,174458.47,100.0,0.0,3.5,16.71,66.6
2026-10-08 11:00:00,-32.12,16.79,22.12,1.0,15,93.25,33.96,19.28,100.0,174452.71,100.0,7.94,5.76,17.9,57.9
2026-10-08 12:00:00,-31.3,16.79,24.76,1.0,15,89.0,32.19,14.98,100.0,174447.44,100.0,6.22,5.27,18.31,55.2
2026-10-08 13:00:00,-31.15,16.79,22.84,1.0,15,96.42,34.12,17.51,100.0,174440.23,100.0,13.02,7.21,17.9,57.1
2026-10-08 14:00:00,-30.42,16.79,26.46,1.0,15,92.63,33.81,13.77,0.0,174404.61,0.0,112.68,35.61,16.71,60.0
2026-10-08 15:00:00,-29.99,16.79,25.42,1.0,15,92.92,28.71,12.34,0.0,174369.97,0.0,109.29,34.65,14.84,57.2
2026-10-08 16:00:00,-29.62,16.79,28.74,1.0,15,91.13,28.51,10.45,0.0,174335.35,0.0,109.19,34.62,12.42,58.6
2026-10-08 17:00:00,-29.78,16.79,26.11,1.0,15,87.83,22.53,8.24,0.0,174302.74,0.0,102.12,32.6,9.63,60.4
2026-10-08 18:00:00,-28.57,16.79,24.54,1.0,15,90.05,18.13,5.82,100.0,174298.57,100.0,2.36,4.17,6.67,68.4
2026-10-08 19:00:00,-29.95,16.79,22.5,1.0,15,93.53,20.76,4.18,100.0,174292.19,100.0,10.11,6.38,3.72,72.9
2026-10-08 20:00:00,-31.86,16.79,20.48,1.0,15,96.47,18.04,1.5,100.0,174284.98,100.0,13.01,7.21,0.98,66.7
2026-10-08 21:00:00,-33.01,16.79,20.43,1.0,15,98.57,13.94,0.0,100.0,174277.91,100.0,12.51,7.07,-1.37,59.1
2026-10-08 22:00:00,-34.87,16.79,19.2,1.0,15,99.16,15.24,0.0,100.0,174270.31,100.0,14.41,7.61,-3.17,51.8
2026-10-08 23:00:00,-36.61,16.79,20.58,1.0,15,96.54,8.26,0.0,100.0,174264.96,100.0,4.8,5.35,-4.31,61.0
2026-10-09 00:00:00,-37.44,17.11,17.36,1.0,15,104.52,15.37,0.0,100.0,174255.05,100.0,19.89,9.9,-4.31,51.8
2026-10-09 01:00:00,-38.52,17.11,13.83,1.0,15,104.87,17.18,0.0,100.0,174244.21,100.0,22.05,10.84,-3.92,54.3
2026-10-09 02:00:00,-39.41,17.11,9.23,1.0,15,110.48,14.71,0.0,33.14,174213.16,33.14,92.05,31.06,-2.79,63.5
2026-10-09 03:00:00,-39.17,17.11,13.51,1.0,15,109.89,12.94,0.0,100.0,174201.9,100.0,22.82,11.26,-0.99,64.1
2026-10-09 04:00:00,-39.32,17.11,12.31,1.0,15,108.37,11.23,3.8,100.0,174192.6,100.0,15.8,9.3,1.36,56.4
2026-10-09 05:00:00,-39.04,17.11,12.05,1.0,15,102.48,19.92,10.98,100.0,174184.64,100.0,11.41,7.96,4.1,61.9
2026-10-09 06:00:00,-37.89,17.11,10.77,1.0,15,101.3,23.24,19.65,64.24,174168.69,64.24,40.65,15.95,7.05,62.5
2026-10-09 07:00:00,-37.6,17.11,10.34,1.0,15,104.42,28.15,27.98,54.25,174150.06,54.25,50.34,18.63,10.01,60.1
2026-10-09 08:00:00,-36.87,17.11,12.34,1.0,15,99.58,27.0,31.65,100.0,174146.0,100.0,0.0,4.06,12.8,56.0
2026-10-09 09:00:00,-35.7,17.11,10.11,1.0,15,102.28,28.93,41.88,49.2,174130.85,49.2,40.13,15.15,15.22,55.4
2026-10-09 10:00:00,-35.93,17.11,8.99,1.0,15,102.72,30.42,46.88,29.42,174110.87,29.42,56.85,19.98,17.1,58.3
2026-10-09 11:00:00,-36.46,17.11,7.65,1.0,15,104.95,31.24,49.87,13.79,174086.26,13.79,72.53,24.61,18.28,51.2
2026-10-09 12:00:00,-35.45,17.11,9.16,1.0,15,102.36,35.93,50.88,32.11,174066.87,32.11,55.29,19.39,18.69,56.0
2026-10-09 13:00:00,-34.53,17.11,7.32,1.0,15,97.66,33.91,49.87,11.07,174043.24,11.07,70.63,23.63,18.28,62.1
2026-10-09 14:00:00,-32.86,17.11,6.12,1.0,15,95.79,34.11,46.88,4.17,174017.27,4.17,78.85,25.97,17.1,57.2
2026-10-09 15:00:00,-32.6,17.11,6.16,1.0,15,93.66,31.1,42.1,4.34,173991.44,4.34,78.32,25.82,15.22,68.3
2026-10-09 16:00:00,-32.18,17.11,6.93,1.0,15,95.46,26.72,35.83,8.34,173965.71,8.34,78.01,25.73,12.8,62.1
2026-10-09 17:00:00,-32.61,17.11,7.11,1.0,15,90.75,22.25,28.46,9.53,173940.83,9.53,75.01,24.88,10.01,64.5
2026-10-09 18:00:00,-32.94,17.11,5.74,1.0,15,95.42,25.55,20.43,2.82,173909.48,2.82,97.71,31.35,7.05,59.2
2026-10-09 19:00:00,-32.63,17.11,9.3,1.0,15,97.11,18.96,12.23,34.28,173886.16,34.28,69.56,23.32,4.1,63.7
2026-10-09 20:00:00,-34.73,17.11,11.76,1.0,15,100.19,18.78,3.92,92.15,173876.13,92.15,22.91,10.03,1.36,53.3
2026-10-09 21:00:00,-35.35,17.11,10.12,1.0,15,101.7,14.74,0.0,49.51,173853.45,49.51,66.93,22.68,-0.99,60.6
2026-10-09 22:00:00,-34.93,17.11,10.62,1.0,15,96.81,11.8,0.0,60.69,173836.29,60.69,47.93,17.16,-2.79,61.4
2026-10-09 23:00:00,-35.59,17.11,10.35,1.0,15,97.34,11.66,0.0,54.44,173817.07,54.44,54.56,19.23,-3.92,64.7
2026-10-10 00:00:00,-34.82,17.44,8.96,1.0,15,100.29,10.5,0.0,29.07,173790.28,29.07,81.72,26.79,-3.93,48.8
2026-10-10 01:00:00,-35.76,17.44,8.06,1.0,15,98.33,16.71,0.0,17.78,173758.83,17.78,97.26,31.45,-3.54,54.8
2026-10-10 02:00:00,-36.13,17.44,8.21,1.0,15,98.42,17.11,0.0,19.38,173727.59,19.38,96.15,31.24,-2.41,49.0
2026-10-10 03:00:00,-36.22,17.44,8.07,1.0,15,101.62,12.4,0.0,17.84,173696.31,17.84,96.17,31.28,-0.61,53.6
2026-10-10 04:00:00,-37.44,17.44,7.53,1.0,15,102.97,17.49,5.42,12.72,173662.92,12.72,102.33,33.39,1.74,56.4
2026-10-10 05:00:00,-37.77,17.44,9.16,1.0,15,108.8,17.5,13.29,32.08,173635.52,32.08,80.93,27.4,4.47,59.6
2026-10-10 06:00:00,-37.85,17.44,8.96,1.0,15,104.48,17.39,21.46,29.05,173610.83,29.05,71.36,24.69,7.42,67.8
2026-10-10 07:00:00,-36.58,17.44,9.46,1.0,15,102.08,23.43,29.46,36.95,173590.01,36.95,59.1,20.82,10.39,64.3
2026-10-10 08:00:00,-35.18,17.44,8.14,1.0,15,98.3,30.42,36.82,18.64,173565.58,18.64,73.26,24.43,13.18,56.2
2026-10-10 09:00:00,-34.05,17.44,8.41,1.0,15,99.6,33.95,43.07,21.78,173542.5,21.78,68.7,23.08,15.6,63.1
2026-10-10 10:00:00,-32.62,17.44,7.87,1.0,15,95.5,32.97,47.84,15.82,173520.53,15.82,64.81,21.97,17.48,66.7
2026-10-10 11:00:00,-31.86,17.44,8.19,1.0,15,93.25,32.24,50.82,19.22,173501.23,19.22,55.44,19.3,18.67,60.6
2026-10-10 12:00:00,-30.4,17.44,9.49,1.0,15,91.66,31.35,51.84,37.5,173488.13,37.5,33.68,13.1,19.07,61.9
2026-10-10 13:00:00,-29.83,17.44,10.35,1.0,15,90.5,33.34,49.92,54.54,173479.11,54.54,19.38,9.02,18.67,61.5
2026-10-10 14:00:00,-29.44,17.44,9.38,1.0,15,90.46,32.24,47.84,35.58,173464.41,35.58,39.29,14.7,17.48,65.3
2026-10-10 15:00:00,-29.48,17.44,9.92,1.0,15,95.65,30.16,43.07,45.48,173450.29,45.48,37.26,14.12,15.6,65.0
2026-10-10 16:00:00,-29.18,17.44,12.02,1.0,15,91.64,24.72,33.1,100.0,173446.79,100.0,0.0,3.5,13.18,63.8
2026-10-10 17:00:00,-29.78,17.44,11.53,1.0,15,90.76,26.21,27.21,85.06,173441.95,85.06,4.7,4.84,10.39,71.4
2026-10-10 18:00:00,-29.74,17.44,9.45,1.0,15,90.98,22.14,21.46,36.81,173422.82,36.81,54.85,19.13,7.42,67.7
2026-10-10 19:00:00,-31.16,17.44,9.91,1.0,15,90.23,17.72,13.29,45.28,173405.25,45.28,49.38,17.57,4.47,53.5
2026-10-10 20:00:00,-32.66,17.44,8.09,1.0,15,91.65,15.51,5.42,18.13,173377.92,18.13,83.61,27.33,1.74,51.5
2026-10-10 21:00:00,-33.13,17.44,10.0,1.0,15,98.0,14.92,0.0,47.03,173355.64,47.03,65.88,22.28,-0.61,62.2
2026-10-10 22:00:00,-34.09,17.44,9.68,1.0,15,99.43,14.56,0.0,40.93,173331.32,40.93,73.06,24.32,-2.41,58.9
2026-10-10 23:00:00,-35.19,17.44,9.0,1.0,15,100.44,16.68,0.0,29.68,173302.84,29.68,87.45,28.48,-3.54,49.9
2026-10-11 00:00:00,-34.88,17.78,7.18,1.0,15,102.34,16.73,0.0,9.98,173268.25,9.98,109.08,34.59,-3.55,49.3
2026-10-11 01:00:00,-35.8,17.78,7.2,1.0,15,100.97,14.45,0.0,10.15,173234.51,10.15,105.28,33.74,-3.16,56.9
2026-10-11 02:00:00,-36.26,17.78,9.63,1.0,15,103.0,12.42,0.0,39.96,173209.12,39.96,75.47,25.39,-2.03,59.1
2026-10-11 03:00:00,-35.52,17.78,7.33,1.0,15,99.9,11.38,0.0,11.14,173176.93,11.14,100.14,32.2,-0.23,59.8
2026-10-11 04:00:00,-34.47,17.78,7.63,1.0,15,92.94,18.35,6.52,13.61,173147.45,13.61,91.15,29.48,2.11,56.1
2026-10-11 05:00:00,-33.19,17.78,10.25,1.0,15,99.01,15.28,14.16,52.18,173130.28,52.18,47.94,17.16,4.85,57.3
2026-10-11 06:00:00,-32.83,17.78,9.44,1.0,15,93.76,22.37,22.48,36.62,173110.53,36.62,57.03,19.75,7.79,57.9
2026-10-11 07:00:00,-31.39,17.78,8.98,1.0,15,94.22,22.61,30.46,29.28,173090.75,29.28,57.1,19.77,10.76,63.9
2026-10-11 08:00:00,-31.16,17.78,9.17,1.0,15,91.74,31.44,37.79,32.29,173072.12,32.29,53.1,18.63,13.55,54.0
2026-10-11 09:00:00,-30.82,17.78,8.91,1.0,15,93.36,33.61,44.03,28.26,173053.04,28.26,54.68,19.08,15.97,62.0
2026-10-11 10:00:00,-31.36,17.78,7.66,1.0,15,97.28,33.34,48.79,13.91,173030.18,13.91,67.92,22.86,17.85,66.6
2026-10-11 11:00:00,-29.5,17.78,5.9,1.0,15,92.04,43.25,51.77,3.35,173003.83,3.35,80.18,26.35,19.05,61.1
2026-10-11 12:00:00,-29.31,17.78,7.09,1.0,15,92.22,32.78,52.78,9.42,172982.43,9.42,62.8,21.4,19.45,63.8
2026-10-11 13:00:00,-28.83,17.78,9.74,1.0,15,89.3,35.9,51.77,41.99,172969.97,41.99,31.45,12.46,19.05,65.5
2026-10-11 14:00:00,-29.04,17.78,7.98,1.0,15,89.38,34.92,48.79,16.93,172949.77,16.93,58.58,20.19,17.85,59.9
2026-10-11 15:00:00,-28.49,17.78,7.17,1.0,15,88.5,31.9,44.03,9.94,172927.34,9.94,66.43,22.43,15.97,63.1
2026-10-11 16:00:00,-28.84,17.78,7.16,1.0,15,91.38,27.67,37.79,9.86,172903.49,9.86,71.4,23.85,13.55,56.9
2026-10-11 17:00:00,-29.97,17.78,8.91,1.0,15,91.52,25.75,30.46,28.25,172883.3,28.25,58.57,20.19,10.76,65.0
2026-10-11 18:00:00,-30.25,17.78,8.05,1.0,15,93.41,27.45,22.48,17.63,172856.79,17.63,80.75,26.51,7.79,63.1
2026-10-11 19:00:00,-31.83,17.78,10.05,1.0,15,93.95,18.97,14.31,47.97,172838.86,47.97,50.63,17.93,4.85,67.0
2026-10-11 20:00:00,-33.16,17.78,7.91,1.0,15,98.63,17.73,6.52,16.2,172808.67,16.2,93.64,30.19,2.11,64.5
2026-10-11 21:00:00,-35.3,17.78,10.58,1.0,15,101.25,8.5,0.0,59.63,172790.79,59.63,50.12,17.88,-0.23,64.4
2026-10-11 22:00:00,-37.02,17.78,10.25,1.0,15,102.63,12.47,0.0,52.3,172768.79,52.3,62.79,22.0,-2.03,63.4
2026-10-11 23:00:00,-37.7,17.78,10.4,1.0,15,104.93,19.76,0.0,55.51,172744.77,55.51,69.18,24.03,-3.16,53.1
2026-10-12 00:00:00,-39.06,18.14,9.45,1.0,15,107.82,11.39,0.0,36.88,172716.58,36.88,82.34,28.19,-3.17,58.1
2026-10-12 01:00:00,-40.44,18.14,10.4,1.0,15,111.76,11.24,0.0,55.5,172692.21,55.5,67.5,24.37,-2.78,58.0
2026-10-12 02:00:00,-40.7,18.14,8.72,1.0,15,106.55,18.11,0.0,25.66,172658.78,25.66,99.0,33.43,-1.65,51.4
2026-10-12 03:00:00,-41.07,18.14,6.92,1.0,15,110.59,11.6,0.51,8.24,172621.14,8.24,113.44,37.65,0.14,60.4
2026-10-12 04:00:00,-39.65,18.14,7.06,1.0,15,107.97,13.86,7.61,9.2,172586.31,9.2,105.02,34.83,2.49,54.7
2026-10-12 05:00:00,-38.13,18.14,9.13,1.0,15,106.13,21.2,15.38,31.54,172558.95,31.54,80.42,27.36,5.22,59.6
2026-10-12 06:00:00,-38.04,18.14,10.02,1.0,15,102.94,29.52,23.46,47.51,172537.02,47.51,61.49,21.94,8.16,62.0
2026-10-12 07:00:00,-36.92,18.14,9.7,1.0,15,102.45,28.44,31.44,41.27,172516.36,41.27,58.18,20.66,11.13,59.4
2026-10-12 08:00:00,-35.57,18.14,9.67,1.0,15,99.1,28.99,38.76,40.68,172498.82,40.68,48.65,17.54,13.92,67.4
2026-10-12 09:00:00,-34.98,18.14,8.04,1.0,15,99.99,35.49,44.99,17.56,172474.54,17.56,72.93,24.28,16.35,70.9
2026-10-12 10:00:00,-34.92,18.14,9.73,1.0,15,97.23,32.95,49.73,41.89,172460.05,41.89,38.56,14.49,18.23,58.9
2026-10-12 11:00:00,-34.02,18.14,10.62,1.0,15,100.73,33.33,51.06,60.77,172450.21,60.77,22.23,9.84,19.42,64.3
2026-10-12 12:00:00,-33.34,18.14,10.65,1.0,15,96.98,39.78,51.96,61.47,172440.07,61.47,23.32,10.15,19.83,71.8
2026-10-12 13:00:00,-32.98,18.14,9.97,1.0,15,99.92,38.81,52.7,46.51,172425.31,46.51,39.51,14.76,19.42,57.2
2026-10-12 14:00:00,-32.3,18.14,12.46,1.0,15,93.61,32.44,43.6,100.0,172421.81,100.0,0.0,3.5,18.23,46.8
2026-10-12 15:00:00,-32.57,18.14,13.18,1.0,15,95.93,34.57,37.84,100.0,172418.31,100.0,0.0,3.5,16.35,65.4
2026-10-12 16:00:00,-33.32,18.14,12.43,1.0,15,96.87,32.69,34.05,100.0,172414.81,100.0,0.0,3.5,13.92,58.1
2026-10-12 17:00:00,-33.53,18.14,10.92,1.0,15,98.43,25.22,30.0,68.12,172404.03,68.12,25.53,10.78,11.13,53.8
2026-10-12 18:00:00,-33.77,18.14,10.71,1.0,15,99.02,22.87,22.65,62.91,172390.17,62.91,36.34,13.86,8.16,56.1
2026-10-12 19:00:00,-35.14,18.14,10.4,1.0,15,96.54,15.54,15.07,55.65,172374.84,55.65,41.36,15.33,5.22,50.8
2026-10-12 20:00:00,-35.34,18.14,9.55,1.0,15,102.4,16.0,7.61,38.53,172350.65,38.53,72.26,24.2,2.49,67.0
2026-10-12 21:00:00,-37.25,18.14,8.64,1.0,15,104.7,11.66,0.51,24.59,172320.46,24.59,91.26,30.18,0.14,64.3
2026-10-12 22:00:00,-38.42,18.14,8.33,1.0,15,101.26,12.29,0.0,20.8,172289.51,20.8,92.74,30.96,-1.65,55.0
2026-10-12 23:00:00,-39.33,18.14,8.7,1.0,15,109.13,8.96,0.0,25.37,172258.28,25.37,92.72,31.22,-2.78,54.8
2026-10-13 00:00:00,-39.86,18.51,8.45,1.0,15,104.01,16.84,0.0,22.16,172225.2,22.16,98.69,33.08,-2.79,56.1
2026-10-13 01:00:00,-40.67,18.51,7.7,1.0,15,108.64,16.15,0.0,14.23,172188.49,14.23,110.57,36.71,-2.41,62.9
2026-10-13 02:00:00,-39.79,18.51,9.03,1.0,15,106.02,16.84,0.0,30.12,172157.12,30.12,92.74,31.37,-1.28,49.9
2026-10-13 03:00:00,-40.34,18.51,9.04,1.0,15,107.13,13.81,1.71,30.29,172126.67,30.29,88.94,30.45,0.52,53.9
2026-10-13 04:00:00,-38.66,18.51,7.27,1.0,15,104.17,15.37,8.68,10.69,172093.53,10.69,100.17,33.15,2.86,62.2
2026-10-13 05:00:00,-37.98,18.51,7.22,1.0,15,105.03,20.27,16.41,10.34,172061.04,10.34,98.55,32.48,5.59,54.8
2026-10-13 06:00:00,-37.31,18.51,9.48,1.0,15,100.89,23.76,24.48,37.36,172038.95,37.36,62.8,22.09,8.53,52.8
2026-10-13 07:00:00,-36.25,18.51,10.28,1.0,15,103.25,30.43,31.96,52.89,172021.16,52.89,48.82,17.79,11.5,58.6
2026-10-13 08:00:00,-33.82,18.51,9.22,1.0,15,98.6,29.59,39.72,32.96,172001.84,32.96,55.52,19.32,14.29,50.7
2026-10-13 09:00:00,-33.49,18.51,11.47,1.0,15,96.55,32.07,42.55,83.43,171997.59,83.43,2.64,4.25,16.72,61.7
2026-10-13 10:00:00,-33.22,18.51,9.06,1.0,15,98.43,36.19,50.67,30.51,171978.85,30.51,53.45,18.73,18.6,58.8
2026-10-13 11:00:00,-32.79,18.51,11.74,1.0,15,94.71,29.52,48.96,91.69,171975.35,91.69,0.0,3.5,19.8,63.6
2026-10-13 12:00:00,-31.99,18.51,9.99,1.0,15,94.5,40.02,54.64,46.81,171962.43,46.81,33.07,12.92,20.21,57.5
2026-10-13 13:00:00,-32.43,18.51,7.43,1.0,15,91.96,37.38,53.63,11.96,171940.76,11.96,63.75,21.67,19.8,62.9
2026-10-13 14:00:00,-32.0,18.51,7.56,1.0,15,93.37,35.18,50.67,13.04,171918.78,13.04,64.85,21.98,18.6,62.1
2026-10-13 15:00:00,-30.79,18.51,7.4,1.0,15,90.8,33.64,45.93,11.69,171896.24,11.69,66.82,22.54,16.72,56.0
2026-10-13 16:00:00,-30.77,18.51,7.91,1.0,15,88.83,31.84,39.72,16.2,171874.28,16.2,64.76,21.96,14.29,57.2
2026-10-13 17:00:00,-31.25,18.51,9.37,1.0,15,93.1,33.91,32.41,35.48,171853.93,35.48,59.12,20.35,11.5,67.7
2026-10-13 18:00:00,-32.14,18.51,10.7,1.0,15,94.56,21.58,23.63,62.55,171841.89,62.55,29.96,12.04,8.53,65.7
2026-10-13 19:00:00,-32.27,18.51,9.78,1.0,15,95.66,22.83,16.41,42.81,171821.5,42.81,59.28,20.39,5.59,52.2
2026-10-13 20:00:00,-33.56,18.51,9.23,1.0,15,98.29,17.63,8.68,33.13,171796.88,33.13,74.11,24.62,2.86,57.6
2026-10-13 21:00:00,-33.3,18.51,7.81,1.0,15,96.12,11.41,1.71,15.23,171767.56,15.23,90.6,29.32,0.52,61.6
2026-10-13 22:00:00,-33.01,18.51,6.26,1.0,15,97.26,16.39,0.0,4.73,171733.02,4.73,108.92,34.54,-1.28,62.9
2026-10-13 23:00:00,-33.68,18.51,7.47,1.0,15,99.18,14.04,0.0,12.26,171700.75,12.26,100.95,32.27,-2.41,61.1
2026-10-14 00:00:00,-33.92,18.9,6.13,1.0,15,99.99,14.11,0.0,4.2,171665.93,4.2,109.89,34.82,-2.42,61.5
2026-10-14 01:00:00,-33.84,18.9,7.78,1.0,15,98.72,13.69,0.0,14.97,171634.66,14.97,97.43,31.27,-2.03,57.8
2026-10-14 02:00:00,-33.52,18.9,8.18,1.0,15,98.03,14.36,0.0,19.02,171604.55,19.02,93.37,30.11,-0.91,60.7
2026-10-14 03:00:00,-34.14,18.9,7.26,1.0,15,95.74,16.62,2.85,10.62,171572.86,10.62,98.89,31.68,0.89,54.5
2026-10-14 04:00:00,-34.33,18.9,7.81,1.0,15,100.0,15.39,9.74,15.25,171543.6,15.25,90.4,29.26,3.22,57.4
2026-10-14 05:00:00,-34.78,18.9,6.94,1.0,15,96.72,19.54,17.42,8.37,171514.32,8.37,90.46,29.28,5.95,48.5
2026-10-14 06:00:00,-33.96,18.9,7.23,1.0,15,98.34,26.2,25.47,10.35,171485.53,10.35,88.73,28.79,8.9,54.2
2026-10-14 07:00:00,-32.82,18.9,8.9,1.0,15,97.32,23.42,33.38,28.19,171465.16,28.19,59.18,20.37,11.87,56.0
2026-10-14 08:00:00,-32.78,18.9,8.71,1.0,15,96.76,32.62,40.66,25.5,171443.65,25.5,63.21,21.52,14.66,56.3
2026-10-14 09:00:00,-32.13,18.9,7.44,1.0,15,89.01,32.13,46.86,11.98,171422.39,11.98,62.3,21.26,17.09,64.5
2026-10-14 10:00:00,-32.02,18.9,8.67,1.0,15,96.39,37.36,51.59,24.97,171402.59,24.97,57.19,19.8,18.97,53.1
2026-10-14 11:00:00,-31.68,18.9,7.57,1.0,15,97.42,37.14,54.55,13.06,171380.01,13.06,66.95,22.58,20.17,58.0
2026-10-14 12:00:00,-30.58,18.9,8.83,1.0,15,88.91,34.65,55.56,27.17,171364.87,27.17,40.84,15.14,20.58,65.3
2026-10-14 13:00:00,-30.43,18.9,8.72,1.0,15,92.56,34.2,54.55,25.62,171348.09,25.62,46.59,16.78,20.17,55.6
2026-10-14 14:00:00,-30.22,18.9,8.55,1.0,15,91.42,32.15,51.59,23.41,171330.75,23.41,48.57,17.34,18.97,68.7
2026-10-14 15:00:00,-31.04,18.9,10.17,1.0,15,93.21,28.68,46.46,50.57,171320.17,50.57,24.86,10.58,17.09,62.6
2026-10-14 16:00:00,-30.98,18.9,10.55,1.0,15,95.85,29.82,39.54,59.05,171308.95,59.05,27.07,11.21,14.66,65.2
2026-10-14 17:00:00,-31.3,18.9,8.1,1.0,15,94.05,26.96,33.38,18.22,171285.67,18.22,69.41,23.28,11.87,56.8
2026-10-14 18:00:00,-32.24,18.9,7.57,1.0,15,92.83,24.95,25.47,13.08,171259.59,13.08,79.23,26.08,8.9,57.0
2026-10-14 19:00:00,-33.02,18.9,9.61,1.0,15,94.72,18.96,17.42,39.7,171239.97,39.7,56.56,19.62,5.95,59.5
2026-10-14 20:00:00,-33.69,18.9,7.29,1.0,15,95.52,18.53,9.74,10.84,171209.83,10.84,93.47,30.14,3.22,63.8
2026-10-14 21:00:00,-35.03,18.9,7.85,1.0,15,95.19,17.46,2.85,15.64,171179.49,15.64,94.15,30.34,0.89,62.6
2026-10-14 22:00:00,-36.76,18.9,8.98,1.0,15,100.78,18.74,0.0,29.34,171149.76,29.34,90.17,29.73,-0.91,59.4
2026-10-14 23:00:00,-36.44,18.9,9.34,1.0,15,102.97,10.46,0.0,34.99,171123.47,34.99,78.44,26.29,-2.03,56.6
2026-10-15 00:00:00,-37.0,19.32,10.2,1.0,15,103.08,17.01,0.0,51.3,171099.77,51.3,68.79,23.71,-2.05,53.4
2026-10-15 01:00:00,-37.55,19.32,10.65,1.0,15,103.57,14.26,0.0,61.49,171079.45,61.49,56.35,20.32,-1.66,62.1
2026-10-15 02:00:00,-37.22,19.32,10.82,1.0,15,102.06,14.05,0.0,65.67,171060.91,65.67,50.43,18.54,-0.54,55.3
2026-10-15 03:00:00,-35.15,19.32,11.6,1.0,15,99.32,13.4,3.65,87.25,171051.14,87.25,21.82,9.77,1.25,50.9
2026-10-15 04:00:00,-35.76,19.32,11.31,1.0,15,101.62,20.67,10.08,78.63,171037.84,78.63,33.58,13.3,3.59,53.4
2026-10-15 05:00:00,-35.11,19.32,10.22,1.0,15,101.28,21.03,18.22,51.68,171019.38,51.68,52.41,18.47,6.32,55.2
2026-10-15 06:00:00,-34.95,19.32,9.69,1.0,15,99.83,19.73,26.44,41.0,171001.02,41.0,52.12,18.35,9.26,57.1
2026-10-15 07:00:00,-34.51,19.32,10.24,1.0,15,96.11,21.61,33.92,52.09,170988.48,52.09,31.71,12.54,12.23,58.8
2026-10-15 08:00:00,-34.06,19.32,11.57,1.0,15,96.85,30.07,38.34,86.23,170984.32,86.23,2.35,4.17,15.02,52.6
2026-10-15 09:00:00,-33.79,19.32,9.96,1.0,15,98.34,34.05,47.79,46.21,170969.87,46.21,38.39,14.44,17.46,57.2
2026-10-15 10:00:00,-32.86,19.32,9.05,1.0,15,94.47,32.65,52.51,30.42,170953.78,30.42,44.19,16.09,19.34,58.6
2026-10-15 11:00:00,-32.85,19.32,11.26,1.0,15,94.56,34.91,51.97,77.22,170950.2,77.22,0.27,3.58,20.54,59.4
2026-10-15 12:00:00,-31.48,19.32,10.8,1.0,15,95.34,39.53,54.2,65.19,170942.29,65.19,15.49,7.91,20.95,57.5
2026-10-15 13:00:00,-30.84,19.32,9.06,1.0,15,94.54,34.99,55.46,30.54,170926.38,30.54,43.53,15.9,20.54,74.2
2026-10-15 14:00:00,-30.18,19.32,9.57,1.0,15,89.66,36.13,52.51,38.83,170913.07,38.83,34.45,13.32,19.34,60.6
2026-10-15 15:00:00,-30.29,19.32,13.14,1.0,15,88.97,31.01,40.3,100.0,170909.57,100.0,0.0,3.5,17.46,59.3
2026-10-15 16:00:00,-30.57,19.32,13.26,1.0,15,89.73,33.32,34.81,100.0,170906.07,100.0,0.0,3.5,15.02,56.6
2026-10-15 17:00:00,-30.69,19.32,12.93,1.0,15,94.04,27.77,29.3,100.0,170902.57,100.0,0.0,3.5,12.23,65.8
2026-10-15 18:00:00,-31.9,19.32,10.7,1.0,15,92.58,23.86,25.52,62.54,170890.98,62.54,28.38,11.59,9.26,51.8
2026-10-15 19:00:00,-32.77,19.32,11.89,1.0,15,94.62,24.35,16.69,96.38,170885.8,96.38,5.9,5.18,6.32,51.5
2026-10-15 20:00:00,-34.07,19.32,11.06,1.0,15,95.1,12.85,10.21,71.96,170874.95,71.96,25.78,10.85,3.59,59.3
2026-10-15 21:00:00,-35.44,19.32,12.26,1.0,15,99.96,16.5,3.52,100.0,170867.62,100.0,12.95,7.32,1.25,60.7
2026-10-15 22:00:00,-37.54,19.32,10.66,1.0,15,102.67,8.63,0.0,61.6,170849.2,61.6,49.71,18.43,-0.54,56.4
2026-10-15 23:00:00,-37.48,19.32,8.39,1.0,15,104.07,13.65,0.0,21.47,170817.52,21.47,96.24,31.67,-1.66,67.0
2026-10-16 00:00:00,-38.05,19.77,8.39,1.0,15,104.73,13.53,0.0,21.48,170785.53,21.48,96.77,32.0,-1.68,53.9
2026-10-16 01:00:00,-37.81,19.77,7.68,1.0,15,99.33,14.42,0.0,14.07,170752.78,14.07,99.68,32.75,-1.3,55.1
2026-10-16 02:00:00,-37.44,19.77,8.8,1.0,15,103.81,8.21,0.0,26.8,170724.26,26.8,85.22,28.52,-0.17,56.7
2026-10-16 03:00:00,-38.27,19.77,11.48,1.0,15,104.13,15.68,4.68,83.64,170710.8,83.64,31.49,13.45,1.62,56.5
2026-10-16 04:00:00,-38.73,19.77,11.41,1.0,15,107.74,21.24,10.98,81.56,170695.8,81.56,36.45,15.01,3.95,55.3
2026-10-16 05:00:00,-36.75,19.77,12.49,1.0,15,100.15,18.79,17.0,100.0,170691.22,100.0,1.94,4.58,6.68,56.6
2026-10-16 06:00:00,-35.07,19.77,11.24,1.0,15,100.57,21.89,25.71,76.73,170681.99,76.73,20.03,9.23,9.62,52.2
2026-10-16 07:00:00,-34.32,19.77,11.62,1.0,15,98.4,25.65,32.43,87.76,170677.39,87.76,3.86,4.6,12.59,62.7
2026-10-16 08:00:00,-33.28,19.77,12.31,1.0,15,94.7,32.8,37.63,100.0,170673.89,100.0,0.0,3.5,15.39,64.9
2026-10-16 09:00:00,-32.71,19.77,12.09,1.0,15,98.05,30.56,43.62,100.0,170670.39,100.0,0.0,3.5,17.82,58.1
2026-10-16 10:00:00,-31.5,19.77,11.14,1.0,15,94.71,33.94,50.36,74.02,170665.67,74.02,4.26,4.71,19.71,61.2
2026-10-16 11:00:00,-31.05,19.77,10.9,1.0,15,92.37,38.78,53.82,67.65,170659.42,67.65,9.67,6.26,20.91,69.5
2026-10-16 12:00:00,-31.5,19.77,11.04,1.0,15,91.92,34.35,54.39,71.21,170655.73,71.21,0.67,3.69,21.32,57.6
2026-10-16 13:00:00,-31.68,19.77,9.51,1.0,15,96.64,39.25,56.36,37.86,170640.35,37.86,41.68,15.38,20.91,62.3
2026-10-16 14:00:00,-31.24,19.77,10.59,1.0,15,95.31,33.37,51.83,60.0,170632.04,60.0,16.85,8.3,19.71,62.1
2026-10-16 15:00:00,-31.73,19.77,12.64,1.0,15,94.2,32.53,42.28,100.0,170628.54,100.0,0.0,3.5,17.82,69.2
2026-10-16 16:00:00,-31.8,19.77,11.39,1.0,15,94.26,32.86,39.58,80.95,170623.17,80.95,6.6,5.38,15.39,70.4
2026-10-16 17:00:00,-32.72,19.77,11.39,1.0,15,93.25,29.67,32.83,80.93,170617.06,80.93,9.15,6.11,12.59,64.4
2026-10-16 18:00:00,-33.66,19.77,11.55,1.0,15,100.18,22.61,25.29,85.76,170610.21,85.76,11.75,6.85,9.62,77.5
2026-10-16 19:00:00,-33.77,19.77,11.34,1.0,15,94.89,17.84,18.12,79.54,170602.41,79.54,15.07,7.8,6.68,59.8
2026-10-16 20:00:00,-34.38,19.77,10.75,1.0,15,100.27,21.73,11.37,63.79,170585.56,63.79,46.84,16.85,3.95,36.9
2026-10-16 21:00:00,-35.2,19.77,11.97,1.0,15,104.01,14.2,4.56,99.05,170577.84,99.05,14.6,7.72,1.62,56.0
2026-10-16 22:00:00,-35.49,19.77,10.86,1.0,15,98.32,14.57,0.0,66.51,170560.97,66.51,46.39,16.87,-0.17,56.1
2026-10-16 23:00:00,-35.97,19.77,8.52,1.0,15,99.66,15.37,0.0,23.13,170530.99,23.13,91.9,29.98,-1.3,65.8
2026-10-17 00:00:00,-35.27,20.27,10.11,1.0,15,97.93,11.08,0.0,49.24,170510.37,49.24,59.77,20.62,-1.32,57.6
2026-10-17 01:00:00,-36.05,20.27,10.36,1.0,15,103.61,9.3,0.0,54.6,170489.94,54.6,58.31,20.43,-0.93,64.6
2026-10-17 02:00:00,-36.6,20.27,11.45,1.0,15,102.01,15.17,0.61,82.68,170476.3,82.68,33.89,13.64,0.19,61.6
2026-10-17 03:00:00,-37.44,20.27,9.35,1.0,15,99.78,10.82,6.12,35.11,170452.3,35.11,69.37,24.0,1.98,58.4
2026-10-17 04:00:00,-37.51,20.27,7.23,1.0,15,100.77,14.7,12.83,10.35,170421.74,10.35,92.29,30.56,4.31,58.9
2026-10-17 05:00:00,-36.5,20.27,10.0,1.0,15,103.04,22.67,20.4,47.01,170401.18,47.01,58.3,20.57,7.03,59.0
2026-10-17 06:00:00,-35.1,20.27,8.35,1.0,15,97.78,25.14,28.37,21.06,170376.7,21.06,73.5,24.48,9.98,64.4
2026-10-17 07:00:00,-33.74,20.27,9.77,1.0,15,93.41,28.31,36.22,42.48,170360.94,42.48,43.02,15.76,12.95,58.4
2026-10-17 08:00:00,-33.94,20.27,10.86,1.0,15,98.84,28.86,41.59,66.49,170351.85,66.49,19.63,9.09,15.75,57.6
2026-10-17 09:00:00,-32.32,20.27,11.04,1.0,15,95.91,36.72,47.03,71.31,170344.27,71.31,14.3,7.57,18.18,62.8
2026-10-17 10:00:00,-32.48,20.27,9.03,1.0,15,93.67,32.36,54.31,30.02,170328.89,30.02,41.71,15.39,20.07,61.6
2026-10-17 11:00:00,-31.03,20.27,9.56,1.0,15,92.32,30.35,57.25,38.67,170317.76,38.67,26.76,11.13,21.27,60.7
2026-10-17 12:00:00,-30.47,20.27,11.18,1.0,15,91.5,31.67,54.8,75.19,170314.26,75.19,0.0,3.5,21.68,73.1
2026-10-17 13:00:00,-29.43,20.27,10.21,1.0,15,90.19,36.7,56.64,51.49,170305.41,51.49,18.76,8.85,21.27,66.5
2026-10-17 14:00:00,-29.84,20.27,9.48,1.0,15,94.25,34.87,54.31,37.32,170291.23,37.32,37.5,14.19,20.07,59.8
2026-10-17 15:00:00,-28.95,20.27,9.06,1.0,15,91.5,35.07,49.61,30.46,170274.47,30.46,46.5,16.75,18.18,66.3
2026-10-17 16:00:00,-29.9,20.27,7.36,1.0,15,92.63,32.09,43.45,11.4,170251.06,11.4,69.87,23.41,15.75,57.9
2026-10-17 17:00:00,-30.59,20.27,9.64,1.0,15,92.22,26.91,36.22,40.23,170235.39,40.23,42.69,15.67,12.95,56.3
2026-10-17 18:00:00,-31.69,20.27,11.08,1.0,15,92.44,19.65,26.83,72.46,170228.24,72.46,12.8,7.15,9.98,65.2
2026-10-17 19:00:00,-33.39,20.27,15.13,1.0,15,99.93,18.79,15.17,100.0,170223.73,100.0,3.55,4.51,7.03,55.7
2026-10-17 20:00:00,-34.09,20.27,13.59,1.0,15,97.81,15.97,10.52,100.0,170219.3,100.0,3.25,4.43,4.31,59.6
2026-10-17 21:00:00,-33.82,20.27,13.19,1.0,15,95.32,19.6,5.14,100.0,170213.02,100.0,9.77,6.28,1.98,54.4
2026-10-17 22:00:00,-33.04,20.27,10.86,1.0,15,102.85,12.75,0.63,66.66,170195.75,66.66,48.31,17.27,0.19,58.8
2026-10-17 23:00:00,-33.78,20.27,10.87,1.0,15,97.87,15.98,0.0,66.83,170178.85,66.83,47.02,16.9,-0.93,57.5
2026-10-18 00:00:00,-33.31,20.83,10.8,1.0,15,94.12,13.53,0.0,65.11,170163.23,65.11,42.54,15.62,-0.96,59.5
2026-10-18 01:00:00,-33.69,20.83,12.18,1.0,15,99.16,12.68,0.0,100.0,170156.35,100.0,11.84,6.87,-0.57,71.3
2026-10-18 02:00:00,-33.71,20.83,12.63,1.0,15,99.37,11.9,1.58,100.0,170150.09,100.0,9.69,6.26,0.55,66.1
2026-10-18 03:00:00,-34.01,20.83,13.91,1.0,15,96.83,16.56,5.77,100.0,170144.42,100.0,7.63,5.67,2.33,58.9
2026-10-18 04:00:00,-33.74,20.83,14.13,1.0,15,95.34,14.57,10.97,100.0,170140.92,100.0,0.0,3.5,4.67,58.7
2026-10-18 05:00:00,-33.04,20.83,14.28,1.0,15,95.65,20.57,16.79,100.0,170137.42,100.0,0.0,3.5,7.39,56.7
2026-10-18 06:00:00,-32.82,20.83,10.99,1.0,15,97.37,24.27,27.86,69.99,170127.14,69.99,23.79,10.28,10.33,55.2
2026-10-18 07:00:00,-32.11,20.83,11.88,1.0,15,96.53,27.84,33.65,95.98,170123.64,95.98,0.0,3.5,13.3,60.2
2026-10-18 08:00:00,-31.28,20.83,11.36,1.0,15,92.14,27.83,41.35,80.02,170120.14,80.02,0.0,3.5,16.1,68.2
2026-10-18 09:00:00,-29.85,20.83,10.18,1.0,15,94.37,31.88,50.04,50.83,170109.4,50.83,25.38,10.73,18.54,46.8
2026-10-18 10:00:00,-29.57,20.83,8.01,1.0,15,87.48,36.05,55.19,17.29,170091.36,17.29,51.04,18.05,20.43,67.9
2026-10-18 11:00:00,-28.73,20.83,8.88,1.0,15,88.21,37.1,58.13,27.84,170076.64,27.84,39.34,14.71,21.63,69.2
2026-10-18 12:00:00,-26.82,20.83,8.23,1.0,15,86.31,40.64,59.13,19.66,170059.42,19.66,48.16,17.23,22.04,54.2
2026-10-18 13:00:00,-25.55,20.83,8.25,1.0,15,83.92,35.82,58.13,19.86,170044.02,19.86,41.76,15.4,21.63,66.0
2026-10-18 14:00:00,-24.39,20.83,9.06,1.0,15,81.67,31.58,55.19,30.57,170032.68,30.57,27.49,11.33,20.43,64.5
2026-10-18 15:00:00,-24.27,20.83,11.05,1.0,15,85.41,31.64,47.86,71.48,170029.18,71.48,0.0,3.5,18.54,66.0
2026-10-18 16:00:00,-24.21,20.83,11.78,1.0,15,82.21,27.2,40.4,92.98,170025.68,92.98,0.0,3.5,16.1,67.9
2026-10-18 17:00:00,-23.97,20.83,10.73,1.0,15,82.98,31.98,35.79,63.31,170017.66,63.31,15.86,8.02,13.3,68.6
2026-10-18 18:00:00,-23.61,20.83,9.76,1.0,15,82.31,26.35,29.31,42.36,170003.62,42.36,36.99,14.04,10.33,60.4
2026-10-18 19:00:00,-25.55,20.83,8.55,1.0,15,85.4,21.73,21.37,23.44,169982.36,23.44,62.32,21.26,7.39,74.0
2026-10-18 20:00:00,-27.21,20.83,8.15,1.0,15,86.8,18.8,13.83,18.75,169958.05,18.75,73.03,24.31,4.67,62.2
2026-10-18 21:00:00,-27.33,20.83,6.87,1.0,15,83.4,14.78,7.17,7.93,169930.87,7.93,83.07,27.18,2.33,77.7
2026-10-18 22:00:00,-28.42,20.83,10.41,1.0,15,91.04,9.22,1.78,55.71,169915.18,55.71,42.77,15.69,0.55,59.0
2026-10-18 23:00:00,-29.69,20.83,10.18,1.0,15,90.84,11.6,0.0,50.74,169896.95,50.74,51.7,18.23,-0.57,57.4
2026-10-19 00:00:00,-30.7,21.5,8.39,1.0,15,91.55,8.0,0.0,21.53,169871.21,21.53,78.02,25.74,-0.6,63.6
2026-10-19 01:00:00,-31.59,21.5,7.97,1.0,15,92.94,14.99,0.0,16.87,169841.76,16.87,91.05,29.45,-0.21,65.8
2026-10-19 02:00:00,-32.78,21.5,8.34,1.0,15,96.48,13.96,2.92,20.92,169813.58,20.92,86.6,28.18,0.91,66.8
2026-10-19 03:00:00,-31.62,21.5,8.56,1.0,15,92.9,15.49,8.2,23.54,169788.24,23.54,76.65,25.35,2.69,56.3
2026-10-19 04:00:00,-31.51,21.5,6.7,1.0,15,93.36,15.71,14.82,6.94,169759.85,6.94,87.31,28.38,5.02,59.7
2026-10-19 05:00:00,-31.2,21.5,9.87,1.0,15,94.88,20.61,22.33,44.41,169742.46,44.41,48.75,17.39,7.74,70.9
2026-10-19 06:00:00,-30.29,21.5,8.75,1.0,15,92.39,26.0,30.25,26.15,169721.29,26.15,62.0,21.17,10.68,60.4
2026-10-19 07:00:00,-28.99,21.5,6.65,1.0,15,88.0,28.68,38.05,6.68,169697.28,6.68,71.94,24.0,13.65,67.7
2026-10-19 08:00:00,-27.58,21.5,5.61,1.0,15,88.97,27.32,45.25,2.45,169674.24,2.45,68.58,23.05,16.45,54.8
2026-10-19 09:00:00,-26.05,21.5,6.78,1.0,15,84.72,31.21,51.39,7.41,169654.45,7.41,57.13,19.78,18.89,57.4
2026-10-19 10:00:00,-25.56,21.5,6.01,1.0,15,86.47,37.36,56.06,3.75,169632.71,3.75,64.02,21.75,20.79,70.7
2026-10-19 11:00:00,-24.92,21.5,4.93,1.0,15,82.78,35.88,59.0,0.99,169612.48,0.99,58.68,20.22,21.99,65.6
2026-10-19 12:00:00,-23.75,21.5,5.59,1.0,15,82.15,42.56,59.99,2.39,169591.22,2.39,62.33,21.26,22.4,71.0
2026-10-19 13:00:00,-23.55,21.5,6.92,1.0,15,82.81,33.79,59.0,8.29,169573.66,8.29,49.32,17.56,21.99,64.2
2026-10-19 14:00:00,-23.22,21.5,5.99,1.0,15,79.09,34.79,56.06,3.68,169554.74,3.68,54.13,18.93,20.79,59.3
2026-10-19 15:00:00,-22.89,21.5,6.12,1.0,15,82.05,32.16,51.39,4.18,169534.52,4.18,58.65,20.21,18.89,68.3
2026-10-19 16:00:00,-22.56,21.5,6.57,1.0,15,83.7,29.95,45.25,6.25,169513.31,6.25,62.15,21.21,16.45,61.1
2026-10-19 17:00:00,-24.01,21.5,5.96,1.0,15,83.27,24.55,38.05,3.55,169490.94,3.55,66.21,22.37,13.65,67.6
2026-10-19 18:00:00,-24.16,21.5,6.76,1.0,15,82.89,18.65,30.25,7.28,169469.2,7.28,64.01,21.74,10.68,62.1
2026-10-19 19:00:00,-25.04,21.5,5.74,1.0,15,85.78,22.62,22.33,2.82,169441.97,2.82,83.25,27.23,7.74,69.5
2026-10-19 20:00:00,-25.48,21.5,4.77,1.0,15,86.33,22.34,14.82,0.76,169411.94,0.76,93.08,30.03,5.02,64.5
2026-10-19 21:00:00,-25.95,21.5,5.96,1.0,15,85.52,13.87,8.2,3.55,169383.47,3.55,87.63,28.48,2.69,64.0
2026-10-19 22:00:00,-25.91,21.5,5.86,1.0,15,83.1,14.41,2.92,3.22,169353.93,3.22,91.37,29.54,0.91,67.3
2026-10-19 23:00:00,-25.99,21.5,5.16,1.0,15,83.85,12.4,0.0,1.37,169323.39,1.37,94.88,30.54,-0.21,70.2
2026-10-20 00:00:00,-25.47,22.41,5.9,1.0,15,83.68,12.38,0.0,3.35,169293.46,3.35,92.71,29.92,-0.24,66.8
2026-10-20 01:00:00,-25.23,22.41,8.82,1.0,15,81.3,11.17,0.5,27.11,169271.48,27.11,64.87,21.99,0.14,75.0
2026-10-20 02:00:00,-25.48,22.41,9.66,1.0,15,87.55,15.89,3.99,40.53,169251.18,40.53,58.92,20.29,1.26,74.6
2026-10-20 03:00:00,-25.67,22.41,10.73,1.0,15,82.73,16.26,8.88,63.45,169240.09,63.45,26.66,11.1,3.04,62.2
2026-10-20 04:00:00,-25.1,22.41,11.88,1.0,15,83.8,16.14,14.31,96.16,169236.59,96.16,0.0,3.5,5.37,60.6
2026-10-20 05:00:00,-24.4,22.41,14.03,1.0,15,80.85,23.49,18.59,100.0,169233.09,100.0,0.0,3.5,8.09,60.6
2026-10-20 06:00:00,-24.13,22.41,13.57,1.0,15,83.69,28.73,25.61,100.0,169229.59,100.0,0.0,3.5,11.03,75.9
2026-10-20 07:00:00,-23.25,22.41,12.57,1.0,15,83.21,31.27,33.96,100.0,169226.09,100.0,0.0,3.5,14.0,61.5
2026-10-20 08:00:00,-22.52,22.41,11.0,1.0,15,77.02,30.4,43.84,70.12,169222.59,70.12,0.0,3.5,16.8,66.2
2026-10-20 09:00:00,-22.22,22.41,9.21,1.0,15,80.89,31.0,52.26,32.83,169211.45,32.83,26.8,11.14,19.24,68.4
2026-10-20 10:00:00,-20.62,22.41,9.77,1.0,15,74.33,33.02,56.93,42.53,169205.7,42.53,7.88,5.75,21.14,78.4
2026-10-20 11:00:00,-19.83,22.41,13.66,1.0,15,74.86,35.5,48.89,100.0,169202.2,100.0,0.0,3.5,22.35,63.6
2026-10-20 12:00:00,-17.96,22.41,12.13,0.9365,15,78.67,36.15,54.38,100.0,169198.7,93.65,0.0,3.5,22.76,77.0
2026-10-20 13:00:00,-18.49,22.41,12.02,0.8783,15,74.28,39.55,53.82,100.0,169195.2,87.83,0.0,3.5,22.35,71.2
2026-10-20 14:00:00,-18.57,22.41,11.05,0.8254,15,75.77,30.01,53.94,71.51,169191.7,59.03,0.0,3.5,21.14,70.4
2026-10-20 15:00:00,-18.52,22.41,10.14,0.7765,15,74.4,33.35,51.9,49.9,169183.32,38.75,17.11,8.38,19.24,71.0
2026-10-20 16:00:00,-18.04,22.41,9.41,0.8785,15,72.61,29.3,46.14,36.21,169172.99,31.81,23.96,10.33,16.8,68.0
2026-10-20 17:00:00,-18.24,22.41,9.22,0.9805,15,71.92,25.58,38.96,33.05,169162.05,32.41,26.14,10.95,14.0,69.2
2026-10-20 18:00:00,-18.7,22.41,8.61,1.0,15,77.25,26.0,31.17,24.26,169144.92,24.26,47.82,17.13,11.03,67.4
2026-10-20 19:00:00,-20.21,22.41,9.63,1.0,15,80.55,19.17,23.28,39.9,169131.0,39.9,36.54,13.91,8.09,63.3
2026-10-20 20:00:00,-21.84,22.41,11.11,1.0,15,78.97,17.7,14.92,73.18,169125.06,73.18,8.56,5.94,5.37,62.7
2026-10-20 21:00:00,-22.62,22.41,12.24,1.0,15,82.73,18.1,8.18,100.0,169121.56,100.0,0.0,3.5,3.04,73.9
2026-10-20 22:00:00,-24.43,22.41,10.28,1.0,15,84.79,12.95,3.94,52.86,169106.4,52.86,40.94,15.17,1.26,64.9
2026-10-20 23:00:00,-25.66,22.41,11.76,1.0,15,84.35,16.75,0.45,92.19,169100.49,92.19,8.46,5.91,0.14,69.1
2026-10-21 00:00:00,-23.92,24.0,10.34,1.0,15,82.2,10.58,0.39,54.2,169086.1,54.2,38.19,14.38,0.11,66.2
2026-10-21 01:00:00,-24.74,24.0,9.21,1.0,15,82.38,8.0,1.63,32.87,169066.68,32.87,55.88,19.42,0.49,65.5
2026-10-21 02:00:00,-23.92,24.0,9.95,1.0,15,86.58,15.55,5.04,46.02,169048.63,46.02,51.06,18.05,1.61,66.7
2026-10-21 03:00:00,-23.28,24.0,8.92,1.0,15,82.87,16.69,10.22,28.42,169027.76,28.42,60.93,20.87,3.39,71.2
2026-10-21 04:00:00,-24.27,24.0,7.09,1.0,15,82.69,21.43,16.76,9.36,169002.03,9.36,77.99,25.73,5.71,63.4
2026-10-21 05:00:00,-24.79,24.0,7.11,1.0,15,82.36,22.7,24.22,9.52,168978.21,9.52,71.31,23.82,8.43,65.6
2026-10-21 06:00:00,-26.05,24.0,8.42,1.0,15,86.52,29.18,32.08,21.88,168957.11,21.88,61.74,21.1,11.37,70.0
2026-10-21 07:00:00,-26.34,24.0,7.9,1.0,15,82.96,28.93,39.85,16.19,168937.69,16.19,55.85,19.42,14.35,70.7
2026-10-21 08:00:00,-25.64,24.0,8.6,1.0,15,83.08,34.16,47.01,24.13,168921.06,24.13,46.09,16.64,17.15,73.2
2026-10-21 09:00:00,-25.65,24.0,9.22,1.0,15,84.31,36.31,53.12,33.09,168907.75,33.09,34.42,13.31,19.59,61.0
2026-10-21 10:00:00,-25.12,24.0,9.99,1.0,15,83.01,34.11,57.78,46.86,168900.69,46.86,12.48,7.06,21.49,63.0
2026-10-21 11:00:00,-25.81,24.0,11.57,1.0,15,84.55,35.84,55.95,86.23,168897.19,86.23,0.0,3.5,22.7,64.6
2026-10-21 12:00:00,-25.13,24.0,10.51,1.0,15,85.44,36.92,60.12,58.12,168892.52,58.12,4.12,4.67,23.11,59.6
2026-10-21 13:00:00,-25.32,24.0,8.8,1.0,15,88.51,43.66,60.7,26.77,168876.28,26.77,44.7,16.24,22.7,70.4
2026-10-21 14:00:00,-25.22,24.0,8.15,1.0,15,85.66,34.18,57.78,18.7,168860.42,18.7,43.36,15.86,21.49,67.5
2026-10-21 15:00:00,-25.25,24.0,8.07,1.0,15,83.8,35.06,53.12,17.84,168843.27,17.84,47.9,17.15,19.59,65.3
2026-10-21 16:00:00,-26.07,24.0,9.07,1.0,15,87.62,31.41,47.01,30.71,168828.0,30.71,41.31,15.27,17.15,70.6
2026-10-21 17:00:00,-26.87,24.0,6.84,1.0,15,86.76,28.69,39.85,7.76,168805.16,7.76,67.83,22.83,14.35,61.1
2026-10-21 18:00:00,-26.45,24.0,6.73,1.0,15,81.89,24.87,32.08,7.15,168782.42,7.15,67.52,22.74,11.37,70.8
2026-10-21 19:00:00,-26.42,24.0,8.44,1.0,15,88.59,20.31,24.22,22.11,168761.09,22.11,62.57,21.33,8.43,73.9
2026-10-21 20:00:00,-26.05,24.0,9.15,1.0,15,82.76,14.99,16.76,31.97,168743.61,31.97,49.02,17.47,5.71,67.0
2026-10-21 21:00:00,-26.14,24.0,9.93,1.0,15,85.8,12.95,10.22,45.67,168727.9,45.67,42.87,15.72,3.39,65.4
2026-10-21 22:00:00,-26.34,24.0,10.9,1.0,15,84.07,16.3,4.81,67.74,168716.47,67.74,27.81,11.43,1.61,66.1
2026-10-21 23:00:00,-27.65,24.0,11.44,1.0,15,85.35,14.67,1.52,82.43,168708.39,82.43,16.07,8.08,0.49,57.3
2026-10-22 00:00:00,-27.55,24.0,11.34,1.0,15,86.72,13.86,1.43,79.63,168699.33,79.63,19.52,9.06,0.46,63.4
2026-10-22 01:00:00,-27.73,24.0,10.37,1.0,15,82.4,18.92,2.67,55.02,168683.39,55.02,43.64,15.94,0.84,74.5
2026-10-22 02:00:00,-26.65,24.0,13.32,1.0,15,84.79,21.66,5.06,100.0,168679.5,100.0,1.39,3.89,1.96,75.6
2026-10-22 03:00:00,-26.29,24.0,12.24,1.0,15,86.67,13.18,9.94,100.0,168676.0,100.0,0.0,3.5,3.73,65.7
2026-10-22 04:00:00,-25.35,24.0,10.18,1.0,15,85.1,22.85,17.55,50.87,168661.23,50.87,39.52,14.76,6.06,63.3
2026-10-22 05:00:00,-24.92,24.0,9.04,1.0,15,79.51,18.05,25.14,30.28,168645.72,30.28,42.13,15.51,8.78,71.5
2026-10-22 06:00:00,-25.22,24.0,9.68,1.0,15,86.23,23.62,32.99,40.89,168631.97,40.89,35.98,13.75,11.72,65.9
2026-10-22 07:00:00,-24.97,24.0,11.63,1.0,15,88.92,28.73,37.41,88.22,168628.47,88.22,0.0,3.5,14.69,71.0
2026-10-22 08:00:00,-24.61,24.0,9.65,1.0,15,86.94,33.87,47.88,40.36,168615.69,40.36,32.57,12.78,17.49,62.8
2026-10-22 09:00:00,-24.94,24.0,7.79,1.0,15,82.49,30.25,53.97,15.08,168599.74,15.08,43.7,15.95,19.94,67.8
2026-10-22 10:00:00,-24.92,24.0,9.86,1.0,15,82.18,36.36,58.62,44.24,168591.77,44.24,15.67,7.97,21.84,64.5
2026-10-22 11:00:00,-24.82,24.0,11.65,1.0,15,81.49,37.79,56.45,88.84,168588.27,88.84,0.0,3.5,23.04,66.4
2026-10-22 12:00:00,-23.65,24.0,10.03,1.0,15,85.68,33.5,62.42,47.74,168582.2,47.74,9.02,6.07,23.46,64.4
2026-10-22 13:00:00,-24.78,24.0,9.23,1.0,15,82.26,38.75,61.54,33.13,168571.19,33.13,26.34,11.01,23.04,65.7
2026-10-22 14:00:00,-23.96,24.0,9.67,1.0,15,80.58,35.75,58.62,40.72,168562.85,40.72,16.98,8.34,21.84,68.5
2026-10-22 15:00:00,-24.51,24.0,8.81,1.0,15,84.84,35.75,53.97,26.85,168548.02,26.85,39.76,14.83,19.94,70.1
2026-10-22 16:00:00,-25.4,24.0,10.55,1.0,15,86.86,29.93,46.57,58.99,168541.32,58.99,11.23,6.7,17.49,65.2
2026-10-22 17:00:00,-24.79,24.0,8.56,1.0,15,85.57,27.12,40.73,23.61,168524.04,23.61,48.35,17.28,14.69,73.7
2026-10-22 18:00:00,-24.53,24.0,6.72,1.0,15,80.71,31.77,32.99,7.08,168499.9,7.08,72.41,24.14,11.72,60.2
2026-10-22 19:00:00,-24.01,24.0,6.26,1.0,15,83.31,19.31,25.14,4.77,168475.68,4.77,72.71,24.22,8.78,59.5
2026-10-22 20:00:00,-23.82,24.0,6.22,1.0,15,85.13,18.07,17.71,4.58,168449.12,4.58,80.91,26.56,6.06,64.2
2026-10-22 21:00:00,-22.88,24.0,5.5,1.0,15,80.47,14.47,11.2,2.13,168422.36,2.13,81.61,26.76,3.73,67.9
2026-10-22 22:00:00,-22.88,24.0,4.73,1.0,15,81.11,14.71,6.06,0.7,168393.48,0.7,89.05,28.88,1.96,76.0
2026-10-22 23:00:00,-23.29,24.0,6.88,1.0,15,81.54,14.4,2.72,8.03,168365.7,8.03,85.2,27.78,0.84,66.6
2026-10-23 00:00:00,-22.87,24.0,6.2,1.0,18,79.86,17.31,2.61,4.49,168336.53,4.49,90.07,29.17,0.8,63.1
2026-10-23 01:00:00,-22.35,24.0,9.02,1.0,18,80.64,12.28,3.76,29.99,168316.17,29.99,59.16,20.36,1.18,65.0
2026-10-23 02:00:00,-23.0,24.0,8.48,1.0,18,82.6,13.98,7.07,22.51,168293.58,22.51,66.99,22.59,2.3,68.2
2026-10-23 03:00:00,-23.49,24.0,9.18,1.0,18,84.28,17.25,12.17,32.32,168273.82,32.32,57.04,19.76,4.08,62.0
2026-10-23 04:00:00,-23.7,24.0,8.08,1.0,18,81.61,13.92,18.65,17.98,168253.53,17.98,58.9,20.29,6.4,76.9
2026-10-23 05:00:00,-24.92,24.0,7.35,1.0,18,83.77,26.07,26.05,11.3,168229.38,11.3,72.48,24.16,9.11,54.6
2026-10-23 06:00:00,-24.7,24.0,8.0,1.0,18,82.18,16.35,33.88,17.14,168212.34,17.14,47.51,17.04,12.05,62.7
2026-10-23 07:00:00,-25.66,24.0,8.41,1.0,18,88.24,31.77,41.6,21.74,168192.69,21.74,56.67,19.65,15.02,63.0
2026-10-23 08:00:00,-25.39,24.0,9.58,1.0,18,83.4,43.36,48.73,39.11,168178.09,39.11,38.92,14.59,17.83,61.1
2026-10-23 09:00:00,-24.61,24.0,10.36,1.0,18,82.93,37.63,53.82,54.74,168171.17,54.74,12.0,6.92,20.28,69.9
2026-10-23 10:00:00,-24.65,24.0,10.52,1.0,18,83.38,40.15,57.89,58.45,168165.62,58.45,7.19,5.55,22.18,63.2
2026-10-23 11:00:00,-23.4,24.0,9.82,1.0,18,81.74,39.78,62.36,43.58,168157.69,43.58,15.57,7.94,23.39,70.5
2026-10-23 12:00:00,-24.1,24.0,11.39,1.0,18,79.06,37.43,58.95,80.96,168154.19,80.96,0.0,3.5,23.8,74.8
2026-10-23 13:00:00,-23.24,24.0,11.06,1.0,18,82.22,41.82,59.04,71.94,168150.69,71.94,0.0,3.5,23.39,73.8
2026-10-23 14:00:00,-22.76,24.0,14.17,1.0,18,81.25,33.83,47.07,100.0,168147.19,100.0,0.0,3.5,22.18,68.7
2026-10-23 15:00:00,-23.79,24.0,13.97,1.0,18,82.23,32.27,43.92,100.0,168143.69,100.0,0.0,3.5,20.28,67.2
2026-10-23 16:00:00,-22.21,24.0,10.64,1.0,18,80.22,31.57,47.18,61.12,168139.19,61.12,3.49,4.5,17.83,72.8
2026-10-23 17:00:00,-22.4,24.0,9.46,1.0,18,79.6,31.18,41.6,37.06,168126.54,37.06,32.12,12.65,15.02,66.8
2026-10-23 18:00:00,-23.14,24.0,9.5,1.0,18,77.71,22.37,33.88,37.65,168114.9,37.65,28.55,11.64,12.05,65.2
2026-10-23 19:00:00,-24.24,24.0,10.13,1.0,18,84.99,24.59,25.89,49.71,168101.72,49.71,33.98,13.18,9.11,61.9
2026-10-23 20:00:00,-24.65,24.0,9.9,1.0,18,80.02,20.62,18.65,44.97,168087.67,44.97,37.02,14.05,6.4,68.1
2026-10-23 21:00:00,-25.02,24.0,10.73,1.0,18,81.87,16.76,11.72,63.45,168077.49,63.45,23.45,10.18,4.08,61.0
2026-10-23 22:00:00,-25.25,24.0,9.4,1.0,18,86.78,9.73,7.07,35.96,168058.74,35.96,53.48,18.74,2.3,62.5
2026-10-23 23:00:00,-25.7,24.0,8.08,1.0,18,81.86,16.7,3.76,17.96,168033.35,17.96,76.83,25.4,1.18,76.2
2026-10-24 00:00:00,-25.07,24.0,6.49,1.0,20,83.51,13.29,3.65,5.85,168004.97,5.85,87.3,28.38,1.15,69.6
2026-10-24 01:00:00,-25.49,24.0,7.38,1.0,20,88.5,14.09,4.79,11.54,167976.88,11.54,86.26,28.08,1.53,67.9
2026-10-24 02:00:00,-26.78,24.0,8.47,1.0,20,86.67,13.63,8.06,22.47,167953.5,22.47,69.77,23.39,2.64,61.3
2026-10-24 03:00:00,-26.91,24.0,7.94,1.0,20,83.68,12.25,13.13,16.5,167931.1,16.5,66.3,22.4,4.41,68.7
2026-10-24 04:00:00,-28.3,24.0,8.56,1.0,20,90.52,16.89,19.58,23.63,167909.31,23.63,64.2,21.8,6.73,58.7
2026-10-24 05:00:00,-27.96,24.0,6.83,1.0,20,89.33,26.1,26.95,7.7,167882.78,7.7,80.77,26.52,9.45,56.4
2026-10-24 06:00:00,-28.37,24.0,5.86,1.0,20,89.23,31.7,34.75,3.22,167855.64,3.22,82.96,27.14,12.39,61.0
2026-10-24 07:00:00,-28.02,24.0,7.44,1.0,20,83.95,32.27,42.46,12.05,167834.55,12.05,61.71,21.09,15.36,58.1
2026-10-24 08:00:00,-26.95,24.0,7.35,1.0,20,89.64,36.34,49.57,11.27,167812.49,11.27,65.14,22.07,18.17,67.1
2026-10-24 09:00:00,-27.24,24.0,8.37,1.0,20,91.11,42.06,55.64,21.29,167792.96,21.29,56.24,19.53,20.61,66.4
2026-10-24 10:00:00,-26.3,24.0,9.91,1.0,20,85.71,44.31,60.27,45.35,167782.5,45.35,24.4,10.45,22.52,66.4
2026-10-24 11:00:00,-26.3,24.0,11.16,1.0,20,84.3,42.66,59.53,74.4,167779.0,74.4,0.0,3.5,23.73,68.2
2026-10-24 12:00:00,-25.0,24.0,9.28,1.0,20,84.93,39.59,64.16,34.04,167768.01,34.04,26.31,11.0,24.15,68.9
2026-10-24 13:00:00,-25.06,24.0,9.07,1.0,20,85.04,34.95,63.18,30.61,167757.04,30.61,26.21,10.97,23.73,62.8
2026-10-24 14:00:00,-25.46,24.0,9.88,1.0,20,85.85,39.6,60.27,44.63,167747.68,44.63,20.55,9.36,22.52,68.3
2026-10-24 15:00:00,-25.0,24.0,10.66,1.0,20,83.77,37.61,53.82,61.56,167742.47,61.56,5.99,5.21,20.61,67.8
2026-10-24 16:00:00,-25.29,24.0,11.27,1.0,20,85.4,41.93,46.43,77.57,167738.02,77.57,3.33,4.45,18.17,63.0
2026-10-24 17:00:00,-25.89,24.0,9.58,1.0,20,86.79,32.61,42.46,39.16,167723.76,39.16,37.77,14.26,15.36,63.8
2026-10-24 18:00:00,-26.33,24.0,8.24,1.0,20,91.46,27.54,34.75,19.79,167701.89,19.79,64.46,21.87,12.39,69.5
2026-10-24 19:00:00,-26.56,24.0,8.69,1.0,20,87.14,20.59,26.95,25.33,167682.59,25.33,55.44,19.3,9.45,58.5
2026-10-24 20:00:00,-25.98,24.0,9.65,1.0,20,85.66,20.11,19.58,40.28,167666.0,40.28,45.91,16.59,6.73,67.2
2026-10-24 21:00:00,-27.41,24.0,8.75,1.0,20,84.15,20.69,13.13,26.1,167643.8,26.1,65.61,22.2,4.41,63.9
2026-10-24 22:00:00,-27.65,24.0,7.26,1.0,20,84.7,14.48,8.06,10.64,167617.36,10.64,80.49,26.44,2.64,64.1
2026-10-24 23:00:00,-27.5,24.0,8.51,1.0,20,87.9,10.44,4.79,22.98,167593.75,22.98,70.58,23.61,1.53,63.0
2026-10-25 00:00:00,-27.1,24.0,7.87,1.0,23,86.83,11.88,4.66,15.88,167567.97,15.88,78.17,25.78,1.48,66.8
2026-10-25 01:00:00,-26.46,24.0,6.92,1.0,23,83.91,10.65,5.79,8.24,167541.52,8.24,80.53,26.45,1.86,57.3
2026-10-25 02:00:00,-26.61,24.0,6.15,1.0,23,84.06,13.46,9.03,4.3,167514.03,4.3,84.19,27.49,2.98,66.3
2026-10-25 03:00:00,-26.75,24.0,6.24,1.0,23,87.79,14.02,14.07,4.67,167486.85,4.67,83.07,27.18,4.75,59.7
2026-10-25 04:00:00,-26.35,24.0,7.27,1.0,23,84.57,22.19,20.49,10.71,167461.82,10.71,75.55,25.03,7.07,70.4
2026-10-25 05:00:00,-26.18,24.0,7.19,1.0,23,83.89,26.21,27.84,10.11,167437.75,10.11,72.16,24.06,9.78,58.9
2026-10-25 06:00:00,-26.25,24.0,5.59,1.0,23,83.38,32.59,35.62,2.37,167412.03,2.37,77.97,25.72,12.72,53.3
2026-10-25 07:00:00,-25.72,24.0,4.96,1.0,23,83.07,31.83,43.31,1.04,167388.42,1.04,70.55,23.61,15.69,57.2
2026-10-25 08:00:00,-25.86,24.0,5.31,1.0,23,84.26,35.46,50.41,1.68,167365.65,1.68,67.63,22.78,18.5,65.3
2026-10-25 09:00:00,-25.95,24.0,6.87,1.0,23,85.18,39.9,56.46,7.94,167344.86,7.94,60.67,20.79,20.95,57.8
2026-10-25 10:00:00,-25.99,24.0,5.89,1.0,23,85.8,39.64,61.08,3.31,167323.95,3.31,61.05,20.9,22.85,59.0
2026-10-25 11:00:00,-24.9,24.0,6.9,1.0,23,82.68,39.51,63.98,8.16,167306.19,8.16,50.05,17.77,24.07,62.8
2026-10-25 12:00:00,-26.63,24.0,6.02,1.0,23,82.35,40.72,64.96,3.77,167287.2,3.77,54.34,18.99,24.48,67.7
2026-10-25 13:00:00,-26.19,24.0,5.77,1.0,23,83.13,44.72,63.98,2.92,167266.33,2.92,60.96,20.87,24.07,61.5
2026-10-25 14:00:00,-26.04,24.0,5.44,1.0,23,84.23,44.08,61.08,1.99,167244.24,1.99,65.24,22.09,22.85,64.4
2026-10-25 15:00:00,-26.99,24.0,4.69,1.0,23,89.11,46.03,56.46,0.67,167218.5,0.67,78.02,25.73,20.95,63.6
2026-10-25 16:00:00,-26.8,24.0,6.48,1.0,23,86.32,32.59,50.41,5.77,167197.12,5.77,62.73,21.38,18.5,57.7
2026-10-25 17:00:00,-26.58,24.0,6.98,1.0,23,87.13,28.77,43.31,8.66,167175.4,8.66,63.94,21.72,15.69,67.1
2026-10-25 18:00:00,-26.36,24.0,8.92,1.0,23,88.93,22.35,35.62,28.4,167158.43,28.4,47.26,16.97,12.72,76.5
2026-10-25 19:00:00,-28.15,24.0,7.35,1.0,23,88.26,24.62,27.84,11.31,167133.92,11.31,73.73,24.51,9.78,55.2
2026-10-25 20:00:00,-27.52,24.0,6.45,1.0,23,87.64,22.16,20.49,5.64,167106.58,5.64,83.66,27.34,7.07,59.9
2026-10-25 21:00:00,-28.2,24.0,6.43,1.0,23,88.8,15.54,14.07,5.51,167078.92,5.51,84.77,27.66,4.75,57.5
2026-10-25 22:00:00,-28.02,24.0,8.15,1.0,23,88.57,10.95,9.03,18.72,167054.97,18.72,71.76,23.95,2.98,63.0
2026-10-25 23:00:00,-27.79,24.0,7.64,1.0,23,85.78,20.72,5.79,13.66,167026.66,13.66,87.05,28.31,1.86,56.9
2026-10-26 00:00:00,-28.02,24.0,7.62,1.0,25,89.54,15.9,5.65,13.53,166998.58,13.53,86.25,28.08,1.82,70.2
2026-10-26 01:00:00,-27.75,24.0,7.24,1.0,25,88.24,11.41,6.77,10.48,166971.59,10.48,82.4,26.98,2.2,71.3
2026-10-26 02:00:00,-28.06,24.0,6.06,1.0,25,86.67,14.8,9.98,3.92,166943.14,3.92,87.57,28.46,3.31,67.4
2026-10-26 03:00:00,-29.31,24.0,9.23,1.0,25,90.05,24.73,14.99,33.23,166920.67,33.23,66.56,22.47,5.08,67.7
2026-10-26 04:00:00,-28.52,24.0,9.25,1.0,25,85.12,23.92,21.39,33.47,166901.73,33.47,54.18,18.94,7.4,64.2
2026-10-26 05:00:00,-28.84,24.0,10.28,1.0,25,86.33,23.85,28.31,52.95,166889.99,52.95,28.92,11.74,10.11,68.8
2026-10-26 06:00:00,-29.15,24.0,10.42,1.0,25,92.12,26.02,35.71,55.95,166878.94,55.95,26.48,11.05,13.04,61.6
2026-10-26 07:00:00,-29.12,24.0,9.97,1.0,25,89.66,37.06,44.14,46.48,166865.15,46.48,36.1,13.79,16.02,60.5
2026-10-26 08:00:00,-28.64,24.0,8.06,1.0,25,92.32,32.52,51.22,17.76,166845.73,17.76,55.86,19.42,18.83,66.8
2026-10-26 09:00:00,-28.35,24.0,8.77,1.0,25,89.08,41.62,57.26,26.29,166828.79,26.29,47.15,16.94,21.28,61.8
2026-10-26 10:00:00,-27.7,24.0,7.51,1.0,25,88.41,44.14,61.88,12.56,166808.73,12.56,58.11,20.06,23.19,74.9
2026-10-26 11:00:00,-28.2,24.0,7.55,1.0,25,88.67,47.62,64.77,12.91,166788.52,12.91,58.61,20.2,24.4,69.1
2026-10-26 12:00:00,-28.38,24.0,8.35,1.0,25,86.76,46.55,65.75,20.98,166771.75,20.98,46.59,16.78,24.82,60.9
2026-10-26 13:00:00,-28.21,24.0,9.61,1.0,25,89.64,46.18,64.77,39.56,166759.27,39.56,31.49,12.47,24.4,63.0
2026-10-26 14:00:00,-26.9,24.0,10.05,1.0,25,85.22,43.7,61.74,47.98,166750.3,47.98,19.2,8.97,23.19,64.1
2026-10-26 15:00:00,-26.88,24.0,10.3,1.0,25,87.37,41.04,56.4,53.41,166741.5,53.41,18.6,8.8,21.28,61.1
2026-10-26 16:00:00,-26.22,24.0,8.58,1.0,25,83.8,42.42,51.22,23.8,166723.41,23.8,51.2,18.09,18.83,69.8
2026-10-26 17:00:00,-26.26,24.0,8.08,1.0,25,87.34,33.02,44.14,17.99,166703.31,17.99,58.23,20.09,16.02,60.9
2026-10-26 18:00:00,-26.69,24.0,6.42,1.0,25,87.32,31.5,36.47,5.48,166677.91,5.48,76.87,25.41,13.04,64.5
2026-10-26 19:00:00,-27.01,24.0,7.92,1.0,25,89.56,23.63,28.72,16.33,166654.99,16.33,68.14,22.92,10.11,60.9
2026-10-26 20:00:00,-27.33,24.0,10.77,1.0,25,88.95,17.99,20.57,64.29,166645.2,64.29,22.07,9.79,7.4,61.8
2026-10-26 21:00:00,-27.19,24.0,9.36,1.0,25,87.02,16.42,14.99,35.26,166626.54,35.26,53.19,18.66,5.08,68.5
2026-10-26 22:00:00,-26.6,24.0,7.61,1.0,25,89.61,15.15,9.98,13.44,166599.86,13.44,81.33,26.68,3.31,68.4
2026-10-26 23:00:00,-26.61,24.0,7.83,1.0,25,87.09,11.93,6.77,15.48,166574.48,15.48,76.78,25.38,2.2,63.3
2026-10-27 00:00:00,-25.61,24.0,9.7,1.0,28,79.61,10.76,6.62,41.2,166558.85,41.2,42.55,15.63,2.15,71.5
2026-10-27 01:00:00,-26.35,24.0,9.59,1.0,28,84.51,19.09,7.73,39.3,166539.23,39.3,56.58,19.63,2.53,68.1
2026-10-27 02:00:00,-26.69,24.0,7.53,1.0,28,86.05,14.5,10.92,12.71,166513.8,12.71,76.92,25.42,3.64,65.6
2026-10-27 03:00:00,-27.14,24.0,10.96,1.0,28,89.95,17.51,15.14,69.26,166503.73,69.26,23.06,10.07,5.41,69.2
2026-10-27 04:00:00,-26.89,24.0,11.74,1.0,28,85.73,20.04,20.33,91.72,166500.23,91.72,0.0,3.5,7.72,71.9
2026-10-27 05:00:00,-26.98,24.0,9.53,1.0,28,85.3,18.79,29.58,38.2,166486.38,38.2,36.31,13.85,10.43,67.0
2026-10-27 06:00:00,-26.35,24.0,11.49,1.0,28,81.33,34.94,34.53,83.95,166482.88,83.95,0.0,3.5,13.37,66.6
2026-10-27 07:00:00,-26.67,24.0,10.52,1.0,28,89.18,31.57,43.8,58.3,166474.06,58.3,18.66,8.82,16.34,55.4
2026-10-27 08:00:00,-26.37,24.0,9.56,1.0,28,89.03,41.43,52.03,38.64,166459.22,38.64,39.78,14.84,19.15,66.5
2026-10-27 09:00:00,-25.65,24.0,9.17,1.0,28,82.25,38.92,58.06,32.25,166446.93,32.25,30.86,12.3,21.6,68.1
2026-10-27 10:00:00,-26.61,24.0,10.5,1.0,28,83.12,45.29,61.09,57.94,166440.75,57.94,9.38,6.17,23.51,66.6
2026-10-27 11:00:00,-25.03,24.0,10.58,1.0,28,86.09,49.18,63.65,59.72,166433.86,59.72,11.9,6.89,24.73,61.7
2026-10-27 12:00:00,-24.97,24.0,8.32,1.0,28,86.55,43.27,66.53,20.6,166418.19,20.6,42.69,15.67,25.15,62.8
2026-10-27 13:00:00,-26.0,24.0,11.14,1.0,28,83.72,45.09,61.81,74.01,166414.69,74.01,0.0,3.5,24.73,69.1
2026-10-27 14:00:00,-25.77,24.0,9.17,1.0,28,84.43,42.74,62.66,32.24,166402.0,32.24,32.27,12.7,23.51,63.7
2026-10-27 15:00:00,-25.67,24.0,10.01,1.0,28,86.02,40.54,58.03,47.23,166392.43,47.23,21.3,9.57,21.6,66.6
2026-10-27 16:00:00,-25.72,24.0,10.13,1.0,28,82.62,40.71,51.69,49.77,166382.69,49.77,21.88,9.73,19.15,55.2
2026-10-27 17:00:00,-25.19,24.0,8.62,1.0,28,82.05,38.5,44.96,24.29,166364.57,24.29,51.3,18.12,16.34,66.0
2026-10-27 18:00:00,-24.88,24.0,7.46,1.0,28,82.81,28.95,37.31,12.21,166343.33,12.21,62.25,21.24,13.37,70.4
2026-10-27 19:00:00,-24.9,24.0,9.54,1.0,28,81.4,26.55,29.58,38.29,166328.41,38.29,40.07,14.92,10.43,67.8
2026-10-27 20:00:00,-24.86,24.0,9.02,1.0,28,89.94,17.83,22.28,29.87,166309.06,29.87,55.62,19.35,7.72,65.7
2026-10-27 21:00:00,-25.19,24.0,9.5,1.0,28,86.78,25.76,15.9,37.62,166288.74,37.62,59.01,20.32,5.41,60.9
2026-10-27 22:00:00,-24.37,24.0,9.28,1.0,28,82.11,17.8,10.92,33.96,166269.56,33.96,55.03,19.18,3.64,57.8
2026-10-27 23:00:00,-25.52,24.0,10.0,1.0,28,84.84,18.02,7.73,47.05,166252.35,47.05,48.09,17.21,2.53,62.0
2026-10-28 00:00:00,-25.17,24.0,9.55,1.0,31,80.48,14.2,7.57,38.58,166235.02,38.58,48.52,17.33,2.47,71.3
2026-10-28 01:00:00,-25.29,24.0,8.57,1.0,31,85.08,19.12,8.67,23.74,166211.06,23.74,71.79,23.96,2.85,65.8
2026-10-28 02:00:00,-24.89,24.0,8.14,1.0,31,85.21,17.13,11.84,18.59,166187.07,18.59,71.91,23.99,3.96,69.8
2026-10-28 03:00:00,-25.44,24.0,9.93,1.0,31,82.96,21.74,16.8,45.68,166171.54,45.68,42.22,15.53,5.73,73.1
2026-10-28 04:00:00,-26.45,24.0,9.46,1.0,31,85.0,19.67,23.15,37.06,166155.36,37.06,44.47,16.17,8.04,65.8
2026-10-28 05:00:00,-26.22,24.0,8.24,1.0,31,83.64,27.18,30.43,19.73,166134.58,19.73,60.65,20.79,10.75,69.6
2026-10-28 06:00:00,-25.86,24.0,10.73,1.0,31,88.14,25.06,36.76,63.26,166127.32,63.26,13.18,7.26,13.69,71.3
2026-10-28 07:00:00,-24.73,24.0,11.38,1.0,31,86.26,37.57,42.61,80.86,166123.72,80.86,0.37,3.61,16.66,59.5
2026-10-28 08:00:00,-25.24,24.0,8.87,1.0,31,84.98,41.64,52.83,27.71,166107.09,27.71,46.08,16.63,19.47,62.3
2026-10-28 09:00:00,-24.25,24.0,13.92,1.0,31,82.88,38.11,47.31,100.0,166103.59,100.0,0.0,3.5,21.93,58.4
2026-10-28 10:00:00,-22.54,24.0,13.17,1.0,31,77.19,43.12,53.38,100.0,166100.09,100.0,0.0,3.5,23.84,59.0
2026-10-28 11:00:00,-22.53,24.0,10.67,1.0,31,78.35,45.82,64.08,61.98,166096.59,61.98,0.0,3.5,25.06,65.6
2026-10-28 12:00:00,-23.11,24.0,9.19,1.0,31,80.17,50.08,67.29,32.58,166084.42,32.58,30.39,12.16,25.47,66.4
2026-10-28 13:00:00,-23.18,24.0,9.78,1.0,31,79.46,39.84,66.31,42.78,166078.02,42.78,10.2,6.41,25.06,58.3
2026-10-28 14:00:00,-23.07,24.0,10.62,1.0,31,82.0,52.37,61.47,60.65,166071.03,60.65,12.24,6.99,23.84,70.0
2026-10-28 15:00:00,-22.69,24.0,9.16,1.0,31,76.56,41.43,58.84,32.06,166059.81,32.06,27.09,11.22,21.93,65.6
2026-10-28 16:00:00,-23.08,24.0,8.18,1.0,31,77.94,48.93,52.83,19.11,166040.65,19.11,54.94,19.16,19.47,74.9
2026-10-28 17:00:00,-22.24,24.0,7.67,1.0,31,78.09,35.74,45.77,13.93,166021.72,13.93,54.13,18.93,16.66,69.2
2026-10-28 18:00:00,-23.09,24.0,8.31,1.0,31,77.34,24.09,38.14,20.55,166006.05,20.55,42.73,15.68,13.69,68.6
2026-10-28 19:00:00,-24.36,24.0,7.25,1.0,31,84.96,21.89,30.43,10.54,165983.77,10.54,65.88,22.28,10.75,65.7
2026-10-28 20:00:00,-23.93,24.0,6.19,1.0,31,84.6,22.5,23.15,4.46,165957.62,4.46,79.49,26.15,8.04,66.5
2026-10-28 21:00:00,-25.57,24.0,7.58,1.0,31,80.91,14.75,16.8,13.17,165935.4,13.17,65.68,22.22,5.73,67.7
2026-10-28 22:00:00,-25.94,24.0,9.04,1.0,31,85.84,13.71,11.84,30.25,165915.52,30.25,57.46,19.88,3.96,70.1
2026-10-28 23:00:00,-24.28,24.0,8.94,1.0,31,81.75,8.51,8.67,28.79,165896.97,28.79,52.8,18.55,2.85,60.1
2026-10-29 00:00:00,-24.03,24.0,8.4,1.0,33,82.23,14.63,8.51,21.63,165874.46,21.63,66.72,22.52,2.79,62.8
2026-10-29 01:00:00,-24.88,24.0,8.25,1.0,33,84.74,20.69,9.59,19.84,165849.3,19.84,76.0,25.16,3.17,67.8
2026-10-29 02:00:00,-25.01,24.0,7.99,1.0,33,79.23,14.9,12.75,17.05,165827.46,17.05,64.33,21.83,4.28,66.0
2026-10-29 03:00:00,-25.07,24.0,10.96,1.0,33,86.21,20.85,16.84,69.07,165817.93,69.07,21.15,9.53,6.05,70.2
2026-10-29 04:00:00,-24.92,24.0,11.4,1.0,33,84.78,19.73,22.33,81.18,165814.15,81.18,1.0,3.78,8.36,62.9
2026-10-29 05:00:00,-24.41,24.0,9.6,1.0,33,85.23,30.34,31.27,39.41,165797.86,39.41,44.89,16.29,11.07,73.0
2026-10-29 06:00:00,-24.87,24.0,8.94,1.0,33,79.47,30.46,38.96,28.76,165782.33,28.76,42.21,15.53,14.0,63.8
2026-10-29 07:00:00,-23.62,24.0,9.02,1.0,33,81.54,37.44,46.57,29.97,165766.73,29.97,42.43,15.59,16.97,65.7
2026-10-29 08:00:00,-23.22,24.0,9.34,1.0,33,82.18,38.73,53.61,34.92,165754.01,34.92,32.38,12.73,19.79,73.1
2026-10-29 09:00:00,-22.52,24.0,9.04,1.0,33,80.86,43.88,59.61,30.24,165740.56,30.24,34.89,13.44,22.24,71.0
2026-10-29 10:00:00,-22.64,24.0,10.26,1.0,33,81.97,43.87,63.36,52.46,165734.21,52.46,10.02,6.36,24.16,77.9
2026-10-29 11:00:00,-21.62,24.0,10.9,1.0,33,79.51,54.28,64.06,67.52,165730.08,67.52,2.21,4.13,25.38,73.5
2026-10-29 12:00:00,-21.57,24.0,10.28,1.0,33,74.15,49.95,67.08,52.97,165725.42,52.97,4.04,4.65,25.79,75.3
2026-10-29 13:00:00,-21.25,24.0,11.43,1.0,33,80.48,47.08,62.27,82.19,165721.92,82.19,0.0,3.5,25.38,67.6
2026-10-29 14:00:00,-21.73,24.0,11.65,1.0,33,77.62,47.06,58.9,88.77,165718.42,88.77,0.0,3.5,24.16,75.2
2026-10-29 15:00:00,-22.31,24.0,11.95,1.0,33,80.02,46.17,53.81,98.22,165714.92,98.22,0.0,3.5,22.24,68.6
2026-10-29 16:00:00,-21.93,24.0,13.71,1.0,33,82.4,43.12,43.66,100.0,165711.42,100.0,0.0,3.5,19.79,57.5
2026-10-29 17:00:00,-22.31,24.0,11.47,1.0,33,79.55,34.93,43.15,83.35,165707.92,83.35,0.0,3.5,16.97,70.6
2026-10-29 18:00:00,-22.99,24.0,9.87,1.0,33,79.86,34.08,38.96,44.53,165695.74,44.53,30.46,12.18,14.0,70.6
2026-10-29 19:00:00,-23.59,24.0,11.41,1.0,33,79.01,27.26,29.07,81.55,165692.24,81.55,0.0,3.5,11.07,61.8
2026-10-29 20:00:00,-23.41,24.0,11.74,1.0,33,78.36,20.5,21.92,91.6,165688.74,91.6,0.0,3.5,8.36,69.2
2026-10-29 21:00:00,-24.06,24.0,13.12,1.0,33,79.63,18.08,14.92,100.0,165685.24,100.0,0.0,3.5,6.05,67.5
2026-10-29 22:00:00,-24.39,24.0,10.16,1.0,33,82.72,15.18,12.65,50.32,165671.78,50.32,34.94,13.46,4.28,72.8
2026-10-29 23:00:00,-24.62,24.0,10.21,1.0,33,87.98,21.9,9.49,51.33,165654.3,51.33,49.06,17.48,3.17,68.7
2026-10-30 00:00:00,-25.51,24.0,8.49,1.0,36,83.87,16.75,9.42,22.69,165631.28,22.69,68.51,23.03,3.11,65.9
2026-10-30 01:00:00,-26.54,24.0,8.56,1.0,36,86.07,18.9,10.5,23.56,165607.57,23.56,70.91,23.71,3.49,58.4
2026-10-30 02:00:00,-26.4,24.0,7.36,1.0,36,87.45,21.07,13.64,11.38,165580.27,11.38,83.5,27.3,4.6,55.4
2026-10-30 03:00:00,-26.85,24.0,6.38,1.0,36,85.07,20.02,18.55,5.31,165553.62,5.31,81.22,26.65,6.36,71.2
2026-10-30 04:00:00,-26.13,24.0,4.91,1.0,36,88.52,26.47,24.86,0.95,165524.7,0.95,89.19,28.92,8.67,67.4
2026-10-30 05:00:00,-25.41,24.0,6.46,1.0,36,83.3,28.28,32.09,5.7,165500.17,5.7,73.79,24.53,11.38,64.7
2026-10-30 06:00:00,-24.78,24.0,6.62,1.0,36,86.11,32.82,39.76,6.48,165475.96,6.48,72.68,24.21,14.31,69.2
2026-10-30 07:00:00,-23.45,24.0,5.74,1.0,36,82.66,37.09,47.36,2.83,165452.63,2.83,69.57,23.33,17.29,66.2
2026-10-30 08:00:00,-23.24,24.0,5.98,1.0,36,81.22,41.31,54.38,3.61,165430.74,3.61,64.53,21.89,20.1,57.6
2026-10-30 09:00:00,-22.58,24.0,5.57,1.0,36,78.66,48.26,60.37,2.33,165408.94,2.33,64.22,21.8,22.56,73.1
2026-10-30 10:00:00,-22.66,24.0,8.92,1.0,36,82.21,46.58,64.94,28.43,165395.35,28.43,35.42,13.59,24.47,73.7
2026-10-30 11:00:00,-20.93,24.0,8.23,1.0,36,77.19,47.74,67.81,19.67,165381.17,19.67,37.46,14.18,25.69,67.7
2026-10-30 12:00:00,-19.53,24.0,7.79,0.9628,36,74.16,54.26,68.78,15.11,165364.82,14.55,45.09,16.35,26.11,70.1
2026-10-30 13:00:00,-19.4,24.0,9.55,1.0,36,78.57,54.73,67.81,38.61,165353.66,38.61,26.88,11.16,25.69,67.4
2026-10-30 14:00:00,-19.1,24.0,9.85,0.9465,36,69.96,54.84,64.94,44.15,165345.01,41.79,18.07,8.65,24.47,79.9
2026-10-30 15:00:00,-18.29,24.0,10.33,0.8922,36,76.67,45.46,59.37,54.05,165337.36,48.22,14.54,7.64,22.56,77.3
2026-10-30 16:00:00,-18.46,24.0,10.36,0.9942,36,78.08,37.49,53.39,54.73,165331.65,54.41,7.77,5.71,20.1,67.1
2026-10-30 17:00:00,-19.02,24.0,12.41,0.9319,36,72.51,32.37,41.66,100.0,165328.15,93.19,0.0,3.5,17.29,73.8
2026-10-30 18:00:00,-18.7,24.0,10.32,1.0,36,72.54,37.09,39.13,53.75,165319.88,53.75,16.75,8.27,14.31,66.6
2026-10-30 19:00:00,-18.92,24.0,13.56,1.0,36,71.87,30.8,26.38,100.0,165316.38,100.0,0.0,3.5,11.38,66.7
2026-10-30 20:00:00,-19.12,24.0,13.61,1.0,36,76.55,25.03,20.37,100.0,165312.88,100.0,0.0,3.5,8.67,68.4
2026-10-30 21:00:00,-19.94,24.0,12.53,1.0,36,74.5,21.65,16.21,100.0,165309.38,100.0,0.0,3.5,6.36,67.0
2026-10-30 22:00:00,-21.3,24.0,12.04,1.0,36,77.74,19.52,12.25,100.0,165305.88,100.0,0.0,3.5,4.6,61.2
2026-10-30 23:00:00,-21.44,24.0,11.63,1.0,36,79.62,22.36,9.64,88.18,165301.19,88.18,4.16,4.69,3.49,75.6
2026-10-31 00:00:00,-20.67,24.0,9.06,1.0,38,73.5,13.47,10.32,30.54,165284.55,30.54,46.12,16.64,3.42,70.6
2026-10-31 01:00:00,-21.01,24.0,7.97,1.0,38,74.18,14.39,11.39,16.83,165263.85,16.83,60.35,20.7,3.8,77.0
2026-10-31 02:00:00,-20.28,24.0,10.97,1.0,38,77.17,19.28,13.81,69.44,165256.58,69.44,13.2,7.26,4.91,69.0
2026-10-31 03:00:00,-20.79,24.0,10.44,1.0,38,76.37,22.45,18.98,56.45,165246.42,56.45,23.4,10.17,6.67,62.1
2026-10-31 04:00:00,-21.43,24.0,9.52,1.0,38,76.03,20.54,25.69,38.02,165233.55,38.02,32.86,12.87,8.98,74.1
2026-10-31 05:00:00,-21.39,24.0,10.34,1.0,38,78.16,31.35,32.34,54.24,165223.52,54.24,22.93,10.03,11.68,70.3
2026-10-31 06:00:00,-21.31,24.0,9.95,1.0,38,77.75,32.59,40.56,46.11,165213.27,46.11,23.68,10.25,14.62,67.7
2026-10-31 07:00:00,-20.65,24.0,7.47,1.0,38,75.01,40.57,48.13,12.25,165194.04,12.25,55.2,19.23,17.59,75.5
2026-10-31 08:00:00,-20.9,24.0,8.75,1.0,38,77.75,39.92,55.13,26.06,165180.14,26.06,36.47,13.89,20.41,62.6
2026-10-31 09:00:00,-19.83,24.0,9.64,0.9508,38,73.55,42.13,61.11,40.22,165171.99,38.24,16.33,8.15,22.87,75.0
2026-10-31 10:00:00,-18.41,24.0,8.18,0.9092,38,75.11,52.84,65.68,19.02,165155.67,17.29,44.99,16.32,24.79,74.8
2026-10-31 11:00:00,-18.23,24.0,11.02,0.8549,38,72.83,58.41,65.03,70.85,165150.56,60.57,5.64,5.11,26.01,72.5
2026-10-31 12:00:00,-17.32,24.0,9.39,0.9569,38,75.89,52.92,69.51,35.84,165139.93,34.3,25.01,10.63,26.42,64.6
2026-10-31 13:00:00,-17.85,24.0,9.04,0.91,38,69.81,57.89,68.54,30.29,165127.43,27.57,31.59,12.5,26.01,76.3
2026-10-31 14:00:00,-17.15,24.0,7.52,0.8712,38,70.29,46.99,65.68,12.69,165112.37,11.06,40.54,15.05,24.79,75.9
2026-10-31 15:00:00,-16.55,24.0,8.23,0.8298,38,72.71,45.27,61.11,19.62,165097.3,16.28,40.59,15.07,22.87,73.9
2026-10-31 16:00:00,-16.14,24.0,7.93,0.7906,38,67.7,45.27,55.13,16.46,165081.03,13.02,44.82,16.27,20.41,72.6
2026-10-31 17:00:00,-16.33,24.0,7.64,0.8926,38,70.38,40.63,48.13,13.74,165063.11,12.27,50.61,17.93,17.59,67.1
2026-10-31 18:00:00,-18.36,24.0,9.36,0.9946,38,69.11,32.41,40.56,35.35,165052.25,35.16,25.8,10.85,14.62,65.6
2026-10-31 19:00:00,-19.01,24.0,7.0,1.0,38,72.12,30.62,32.9,8.75,165031.34,8.75,61.08,20.91,11.68,66.9
2026-10-31 20:00:00,-19.69,24.0,8.73,1.0,38,73.46,22.55,25.69,25.78,165015.15,25.78,44.55,16.2,8.98,62.4
2026-10-31 21:00:00,-20.59,24.0,8.97,1.0,38,76.53,20.49,19.4,29.2,164997.85,29.2,48.42,17.3,6.67,61.8
2026-10-31 22:00:00,-20.81,24.0,12.44,1.0,38,79.44,18.86,12.74,100.0,164994.35,100.0,0.0,3.5,4.91,67.2
2026-10-31 23:00:00,-21.35,24.0,11.69,1.0,38,77.49,22.57,10.43,89.9,164990.85,89.9,0.0,3.5,3.8,62.3
2026-11-01 00:00:00,-21.62,24.0,9.08,1.0,41,77.8,14.51,11.2,30.84,164973.02,30.84,50.27,17.83,3.73,67.6
2026-11-01 01:00:00,-22.44,24.0,7.19,1.0,41,78.02,19.21,12.27,10.07,164948.18,10.07,74.89,24.84,4.11,68.5
2026-11-01 02:00:00,-22.98,24.0,9.44,1.0,41,78.11,20.76,15.37,36.66,164931.33,36.66,46.84,16.85,5.21,60.5
2026-11-01 03:00:00,-22.34,24.0,10.74,1.0,41,81.87,27.49,19.5,63.58,164920.34,63.58,26.29,10.99,6.98,72.4
2026-11-01 04:00:00,-22.72,24.0,9.62,1.0,41,80.6,29.39,26.51,39.87,164904.41,39.87,43.61,15.93,9.28,73.0
2026-11-01 05:00:00,-22.93,24.0,9.79,1.0,41,79.82,31.8,33.7,42.88,164890.92,42.88,35.04,13.49,11.99,56.9
2026-11-01 06:00:00,-23.03,24.0,9.44,1.0,41,84.23,29.21,41.33,36.56,164877.29,36.56,35.55,13.63,14.92,74.5
2026-11-01 07:00:00,-22.61,24.0,12.14,1.0,41,73.93,41.81,43.65,100.0,164873.79,100.0,0.0,3.5,17.89,70.8
2026-11-01 08:00:00,-22.08,24.0,13.74,1.0,41,81.47,48.7,45.43,100.0,164870.29,100.0,0.0,3.5,20.71,68.9
2026-11-01 09:00:00,-23.64,24.0,15.74,1.0,41,78.19,46.42,44.1,100.0,164866.79,100.0,0.0,3.5,23.17,74.6
2026-11-01 10:00:00,-22.73,24.0,15.42,1.0,41,80.52,50.36,48.42,100.0,164863.29,100.0,0.0,3.5,25.09,68.5
2026-11-01 11:00:00,-21.59,24.0,15.56,1.0,41,80.59,59.63,50.0,100.0,164859.79,100.0,0.0,3.5,26.31,64.9
2026-11-01 12:00:00,-22.01,24.0,12.61,1.0,41,75.18,58.35,61.06,100.0,164856.29,100.0,0.0,3.5,26.73,61.0
2026-11-01 13:00:00,-22.42,24.0,12.94,1.0,41,82.46,49.61,59.09,100.0,164852.79,100.0,0.0,3.5,26.31,67.6
2026-11-01 14:00:00,-22.56,24.0,12.53,1.0,41,79.67,53.03,58.01,100.0,164849.29,100.0,0.0,3.5,25.09,67.5
2026-11-01 15:00:00,-22.96,24.0,14.25,1.0,41,78.82,49.65,48.69,100.0,164845.79,100.0,0.0,3.5,23.17,59.3
2026-11-01 16:00:00,-22.83,24.0,12.92,1.0,41,80.87,50.12,47.73,100.0,164842.29,100.0,0.0,3.5,20.71,66.1
2026-11-01 17:00:00,-24.08,24.0,10.14,1.0,41,83.48,45.36,48.55,49.89,164830.13,49.89,30.39,12.16,17.89,74.6
2026-11-01 18:00:00,-24.88,24.0,10.07,1.0,41,88.78,35.95,41.18,48.58,164816.66,48.58,34.97,13.47,14.92,68.9
2026-11-01 19:00:00,-24.11,24.0,10.39,1.0,41,81.95,26.74,33.05,55.28,164807.36,55.28,20.35,9.3,11.99,60.2
2026-11-01 20:00:00,-24.88,24.0,8.92,1.0,41,85.43,23.56,26.51,28.53,164788.48,28.53,53.96,18.88,9.28,67.9
2026-11-01 21:00:00,-24.36,24.0,8.49,1.0,41,83.02,15.2,20.24,22.73,164769.24,22.73,55.24,19.24,6.98,70.2
2026-11-01 22:00:00,-24.38,24.0,8.9,1.0,41,83.57,13.54,15.37,28.23,164750.49,28.23,53.51,18.75,5.21,71.9
2026-11-01 23:00:00,-25.69,24.0,8.41,1.0,41,84.27,25.52,12.27,21.72,164725.39,21.72,75.8,25.1,4.11,68.7
2026-11-02 00:00:00,-25.01,24.0,8.06,1.0,44,82.1,16.63,12.06,17.77,164702.25,17.77,68.9,23.14,4.04,72.1
2026-11-02 01:00:00,-25.21,24.0,6.91,1.0,44,84.92,16.93,13.12,8.17,164675.79,8.17,80.55,26.46,4.41,69.9
2026-11-02 02:00:00,-25.54,24.0,9.86,1.0,44,82.4,18.21,16.21,44.23,164660.85,44.23,40.16,14.95,5.52,64.6
2026-11-02 03:00:00,-25.39,24.0,10.52,1.0,44,79.94,21.44,20.52,58.41,164650.95,58.41,22.46,9.9,7.28,67.6
2026-11-02 04:00:00,-25.02,24.0,7.63,1.0,44,84.02,26.76,27.31,13.62,164627.54,13.62,69.85,23.41,9.58,65.1
2026-11-02 05:00:00,-24.45,24.0,9.01,1.0,44,81.08,27.83,34.48,29.74,164611.31,29.74,44.68,16.23,12.29,68.7
2026-11-02 06:00:00,-23.54,24.0,9.86,1.0,44,80.85,40.71,42.1,44.37,164597.81,44.37,35.09,13.5,15.22,71.0
2026-11-02 07:00:00,-23.06,24.0,7.36,1.0,44,77.07,39.75,49.64,11.34,164578.39,11.34,55.84,19.41,18.19,67.3
2026-11-02 08:00:00,-23.62,24.0,7.29,1.0,44,83.71,41.8,56.61,10.82,164558.34,10.82,58.07,20.05,21.01,68.8
2026-11-02 09:00:00,-23.61,24.0,8.08,1.0,44,75.66,47.3,62.56,17.93,164542.74,17.93,42.47,15.6,23.47,64.9
2026-11-02 10:00:00,-21.53,24.0,8.09,1.0,44,79.3,54.59,67.11,18.05,164525.35,18.05,48.74,17.39,25.39,67.3
2026-11-02 11:00:00,-20.83,24.0,9.4,1.0,44,78.44,58.72,69.96,35.92,164512.93,35.92,31.28,12.42,26.62,69.0
2026-11-02 12:00:00,-19.18,24.0,8.94,1.0,44,75.17,58.8,70.93,28.71,164499.64,28.71,34.33,13.28,27.04,67.8
2026-11-02 13:00:00,-18.2,24.0,7.62,0.9596,44,75.47,59.79,69.96,13.56,164481.24,13.01,52.29,18.4,26.62,78.0
2026-11-02 14:00:00,-17.98,24.0,11.1,0.9034,44,70.28,50.86,63.43,72.83,164477.74,65.79,0.0,3.5,25.39,74.5
2026-11-02 15:00:00,-17.8,24.0,9.51,0.8546,44,76.91,55.38,62.56,37.9,164463.6,32.39,37.34,14.14,23.47,75.4
2026-11-02 16:00:00,-17.9,24.0,10.12,0.8034,44,70.77,48.42,56.26,49.56,164453.52,39.82,23.1,10.08,21.01,74.4
2026-11-02 17:00:00,-19.09,24.0,8.42,0.7624,44,76.05,40.76,49.64,21.88,164435.63,16.68,50.48,17.89,18.19,71.5
2026-11-02 18:00:00,-19.27,24.0,7.91,0.8644,44,78.88,33.92,42.1,16.26,164415.99,14.05,56.64,19.64,15.22,64.5
2026-11-02 19:00:00,-18.78,24.0,7.93,0.8232,44,73.64,27.86,34.48,16.47,164397.25,13.55,53.46,18.74,12.29,76.5
2026-11-02 20:00:00,-19.43,24.0,7.06,0.7843,44,73.53,27.1,27.31,9.2,164374.91,7.22,66.1,22.34,9.58,80.8
2026-11-02 21:00:00,-19.48,24.0,7.35,0.7475,44,76.93,21.31,21.07,11.32,164351.83,8.46,68.72,23.08,7.28,73.7
2026-11-02 22:00:00,-19.26,24.0,6.51,0.8495,44,73.6,13.16,16.21,5.91,164329.65,5.02,65.52,22.17,5.52,66.6
2026-11-02 23:00:00,-20.1,24.0,7.34,0.9515,44,74.26,16.92,13.12,11.2,164306.95,10.66,67.39,22.71,4.41,72.9
2026-11-03 00:00:00,-20.16,24.0,8.34,1.0,46,77.77,16.61,12.91,20.84,164286.17,20.84,60.62,20.78,4.34,65.9
2026-11-03 01:00:00,-20.96,24.0,6.73,1.0,46,79.15,21.7,13.97,7.14,164259.94,7.14,79.75,26.23,4.71,66.9
2026-11-03 02:00:00,-21.58,24.0,9.02,1.0,46,78.38,19.99,17.04,29.92,164241.79,29.92,51.41,18.15,5.82,56.7
2026-11-03 03:00:00,-22.4,24.0,7.81,1.0,46,79.87,20.22,21.88,15.28,164220.35,15.28,62.93,21.44,7.57,75.0
2026-11-03 04:00:00,-22.9,24.0,7.1,1.0,46,80.87,23.64,28.1,9.48,164197.78,9.48,66.92,22.57,9.88,69.4
2026-11-03 05:00:00,-21.93,24.0,8.16,1.0,46,78.57,32.09,35.26,18.83,164178.16,18.83,56.57,19.62,12.58,71.4
2026-11-03 06:00:00,-22.31,24.0,8.2,1.0,46,78.98,35.06,42.85,19.3,164159.87,19.3,51.89,18.29,15.51,72.2
2026-11-03 07:00:00,-22.01,24.0,8.34,1.0,46,76.14,38.32,50.37,20.85,164144.05,20.85,43.23,15.82,18.49,70.9
2026-11-03 08:00:00,-22.06,24.0,7.08,1.0,46,77.58,49.1,57.33,9.32,164123.44,9.32,60.02,20.61,21.3,73.3
2026-11-03 09:00:00,-21.06,24.0,8.83,1.0,46,77.63,52.44,63.27,27.22,164108.66,27.22,39.57,14.78,23.77,76.0
2026-11-03 10:00:00,-20.0,24.0,9.22,1.0,46,80.63,55.2,67.81,32.97,164095.17,32.97,35.05,13.49,25.69,69.8
2026-11-03 11:00:00,-19.23,24.0,7.74,1.0,46,72.29,57.34,70.65,14.63,164079.03,14.63,44.35,16.14,26.92,62.3
2026-11-03 12:00:00,-18.85,24.0,7.58,1.0,46,73.13,59.24,71.62,13.18,164061.97,13.18,47.57,17.06,27.34,66.6
2026-11-03 13:00:00,-18.84,24.0,9.22,0.9536,46,71.36,53.2,70.65,32.96,164052.07,31.43,22.48,9.91,26.92,74.0
2026-11-03 14:00:00,-19.48,24.0,9.31,1.0,46,70.62,53.27,67.81,34.45,164042.4,34.45,21.64,9.67,25.69,65.3
2026-11-03 15:00:00,-18.28,24.0,7.68,0.9629,46,76.38,57.1,63.27,14.08,164022.76,13.56,56.65,19.64,23.77,71.0
2026-11-03 16:00:00,-18.8,24.0,7.53,0.9202,46,75.3,51.38,57.33,12.78,164002.84,11.76,57.6,19.91,21.3,83.4
2026-11-03 17:00:00,-18.52,24.0,6.97,0.884,46,76.68,48.79,50.37,8.58,163980.1,7.59,67.52,22.74,18.49,76.3
2026-11-03 18:00:00,-18.07,24.0,7.52,0.986,46,68.87,39.35,42.85,12.68,163961.53,12.5,52.87,18.57,15.51,61.4
2026-11-03 19:00:00,-18.65,24.0,9.38,0.9333,46,75.31,33.4,35.26,35.65,163946.58,33.27,40.18,14.95,12.58,82.7
2026-11-03 20:00:00,-18.31,24.0,8.96,0.8857,46,78.08,25.75,28.1,29.08,163928.84,25.76,49.98,17.74,9.88,78.1
2026-11-03 21:00:00,-18.16,24.0,8.65,0.8417,46,75.25,17.0,21.88,24.79,163911.23,20.87,49.51,17.61,7.57,74.7
2026-11-03 22:00:00,-17.43,24.0,10.69,0.7889,46,73.25,20.99,16.45,62.37,163899.58,49.21,28.58,11.65,5.82,72.6
2026-11-03 23:00:00,-18.02,24.0,10.39,0.8909,46,71.24,17.91,13.69,55.36,163888.64,49.32,26.14,10.95,4.71,64.6
2026-11-04 00:00:00,-18.61,24.0,10.14,0.9929,49,77.05,13.19,13.64,49.91,163877.43,49.55,27.04,11.21,4.63,69.2
2026-11-04 01:00:00,-19.12,24.0,8.9,1.0,49,73.22,20.29,14.79,28.19,163859.53,28.19,50.53,17.9,5.01,60.7
2026-11-04 02:00:00,-19.13,24.0,9.23,0.9527,49,75.77,22.7,17.86,33.18,163842.06,31.61,49.01,17.47,6.11,75.4
2026-11-04 03:00:00,-19.17,24.0,9.35,0.9072,49,72.43,19.56,22.67,35.06,163827.87,31.81,37.5,14.19,7.87,71.5
2026-11-04 04:00:00,-19.41,24.0,8.8,1.0,49,74.87,25.55,28.88,26.81,163811.62,26.81,44.73,16.25,10.17,66.7
2026-11-04 05:00:00,-20.49,24.0,12.59,1.0,49,78.91,33.26,31.36,100.0,163808.12,100.0,0.0,3.5,12.87,74.7
2026-11-04 06:00:00,-20.05,24.0,13.29,1.0,49,78.07,35.41,36.42,100.0,163804.62,100.0,0.0,3.5,15.8,71.6
2026-11-04 07:00:00,-18.66,24.0,12.97,0.9302,49,73.97,43.58,43.51,100.0,163801.12,93.02,0.0,3.5,18.77,79.2
2026-11-04 08:00:00,-18.17,24.0,11.88,1.0,49,77.89,50.29,52.59,95.92,163797.62,95.92,0.0,3.5,21.59,69.2
2026-11-04 09:00:00,-17.57,24.0,10.83,0.942,49,71.77,56.83,61.3,65.92,163792.64,62.1,5.2,4.98,24.06,78.8
2026-11-04 10:00:00,-16.99,24.0,9.11,0.8965,49,73.86,57.4,68.49,31.22,163779.23,27.99,34.78,13.41,25.99,73.4
2026-11-04 11:00:00,-16.55,24.0,8.32,0.9985,49,69.42,60.48,71.33,20.64,163764.91,20.61,37.96,14.32,27.21,68.7
2026-11-04 12:00:00,-15.82,24.0,9.54,0.9491,49,66.79,58.78,72.29,38.42,163756.62,36.46,16.81,8.29,27.63,76.1
2026-11-04 13:00:00,-15.48,24.0,9.14,0.9033,49,68.55,59.33,71.33,31.72,163745.17,28.65,27.91,11.45,27.21,73.8
2026-11-04 14:00:00,-15.62,24.0,10.83,0.8477,49,65.52,58.5,65.66,65.77,163740.92,55.75,2.61,4.24,25.99,75.6
2026-11-04 15:00:00,-16.13,24.0,8.95,0.9497,49,70.7,47.01,63.96,28.86,163729.91,27.4,26.35,11.01,24.06,68.0
2026-11-04 16:00:00,-16.36,24.0,8.9,1.0,49,70.6,47.57,58.03,28.19,163717.31,28.19,31.94,12.6,21.59,61.2
2026-11-04 17:00:00,-16.33,24.0,9.38,0.9552,49,71.66,47.42,51.09,35.7,163704.15,34.1,33.9,13.16,18.77,70.3
2026-11-04 18:00:00,-16.73,24.0,9.24,0.9078,49,70.91,32.0,43.59,33.39,163692.38,30.31,29.01,11.77,15.8,75.3
2026-11-04 19:00:00,-16.81,24.0,10.96,0.8518,49,70.4,33.34,34.28,69.23,163685.89,58.97,10.49,6.49,12.87,75.1
2026-11-04 20:00:00,-16.84,24.0,14.05,0.7849,49,71.28,30.83,23.03,100.0,163682.22,78.49,0.59,3.67,10.17,70.1
2026-11-04 21:00:00,-16.66,24.0,11.1,0.7292,49,73.32,25.38,21.42,73.03,163671.87,53.25,24.02,10.35,7.87,73.7
2026-11-04 22:00:00,-16.22,24.0,9.07,0.6855,49,72.4,21.84,17.86,30.62,163652.59,20.99,55.39,19.29,6.11,70.9
2026-11-04 23:00:00,-16.5,24.0,7.61,0.6483,49,73.38,23.74,14.79,13.45,163628.11,8.72,73.61,24.48,5.01,72.0
2026-11-05 00:00:00,-17.11,24.0,8.6,0.6024,51,66.56,22.27,14.55,24.14,163607.59,14.54,59.73,20.52,4.92,78.5
2026-11-05 01:00:00,-17.54,24.0,8.19,0.7044,51,74.55,17.72,15.6,19.18,163586.09,13.51,63.16,21.5,5.3,65.2
2026-11-05 02:00:00,-17.67,24.0,9.25,0.6533,51,73.93,21.82,18.65,33.49,163566.85,21.88,55.22,19.24,6.4,81.2
2026-11-05 03:00:00,-18.87,24.0,8.76,0.6106,51,78.75,18.2,23.46,26.27,163546.97,16.04,57.46,19.88,8.15,71.7
2026-11-05 04:00:00,-18.03,24.0,9.21,0.5595,51,71.79,30.1,29.64,32.84,163528.12,18.37,53.88,18.86,10.45,81.6
2026-11-05 05:00:00,-17.89,24.0,10.16,0.5036,51,72.06,32.6,36.46,50.3,163512.4,25.33,42.86,15.72,13.15,80.9
2026-11-05 06:00:00,-17.54,24.0,9.91,0.6056,51,72.76,42.11,44.31,45.21,163496.6,27.38,43.18,15.81,16.08,60.5
2026-11-05 07:00:00,-16.54,24.0,9.7,0.5571,51,65.32,45.81,51.8,41.22,163482.73,22.96,36.37,13.86,19.06,73.5
2026-11-05 08:00:00,-16.73,24.0,7.86,0.6591,51,64.91,53.7,58.73,15.7,163465.12,10.35,49.53,17.62,21.88,67.5
2026-11-05 09:00:00,-16.17,24.0,7.79,0.6209,51,70.75,56.08,64.64,15.04,163446.55,9.34,52.85,18.56,24.35,72.2
2026-11-05 10:00:00,-16.02,24.0,8.2,0.5789,51,67.28,57.79,69.16,19.34,163430.31,11.2,44.72,16.25,26.27,75.3
2026-11-05 11:00:00,-15.94,24.0,8.21,0.5341,51,66.76,61.0,71.99,19.4,163413.87,10.36,45.41,16.44,27.5,80.3
2026-11-05 12:00:00,-16.24,24.0,10.33,0.6361,51,71.36,56.01,71.76,54.0,163404.31,34.35,21.27,9.56,27.92,67.4
2026-11-05 13:00:00,-15.11,24.0,11.9,0.5662,51,64.93,59.77,65.16,96.63,163399.43,54.72,4.82,4.88,27.5,86.3
2026-11-05 14:00:00,-15.3,24.0,12.37,0.5068,51,70.25,57.21,60.96,100.0,163391.43,50.68,15.81,8.01,26.27,70.6
2026-11-05 15:00:00,-14.9,24.0,10.89,0.6088,51,66.18,51.51,61.76,67.37,163383.68,41.02,14.91,7.75,24.35,67.1
2026-11-05 16:00:00,-16.13,24.0,11.1,0.5497,51,68.0,48.61,55.49,73.01,163374.19,40.13,20.99,9.48,21.88,78.4
2026-11-05 17:00:00,-15.56,24.0,10.05,0.4991,51,69.91,41.09,51.66,48.14,163360.63,24.03,35.32,13.57,19.06,74.0
2026-11-05 18:00:00,-15.15,24.0,8.73,0.4488,51,65.76,34.26,44.31,25.84,163344.56,11.6,44.1,16.07,16.08,84.7
2026-11-05 19:00:00,-15.37,24.0,8.18,0.5508,51,72.64,31.09,36.75,19.08,163324.96,10.51,56.46,19.59,13.15,68.6
2026-11-05 20:00:00,-15.82,24.0,6.67,0.5172,51,69.3,28.69,29.64,6.81,163302.99,3.52,64.83,21.98,10.45,74.1
2026-11-05 21:00:00,-15.91,24.0,6.67,0.4811,51,69.63,17.86,23.46,6.79,163282.17,3.27,60.76,20.82,8.15,79.4
2026-11-05 22:00:00,-14.87,24.0,7.11,0.5831,51,69.43,19.53,18.65,9.53,163260.22,5.56,64.75,21.95,6.4,69.6
2026-11-05 23:00:00,-16.27,24.0,10.24,0.528,51,72.57,19.47,15.41,52.1,163242.72,27.51,49.12,17.5,5.3,79.2
2026-11-06 00:00:00,-15.62,24.0,9.16,0.4811,54,68.06,18.65,15.35,32.02,163223.27,15.4,55.96,19.45,5.21,75.3
2026-11-06 01:00:00,-16.41,24.0,11.02,0.5831,54,71.96,21.77,15.56,70.78,163209.25,41.28,36.9,14.02,5.58,67.7
2026-11-06 02:00:00,-16.59,24.0,9.41,0.5326,54,72.37,29.38,19.43,36.12,163187.78,19.24,63.07,21.48,6.68,78.9
2026-11-06 03:00:00,-16.84,24.0,8.11,0.4933,54,74.32,27.77,24.22,18.34,163164.66,9.05,68.83,23.12,8.44,71.4
2026-11-06 04:00:00,-17.12,24.0,8.34,0.4489,54,70.5,25.91,30.39,20.93,163145.02,9.39,56.63,19.64,10.73,78.1
2026-11-06 05:00:00,-17.07,24.0,9.09,0.5509,54,73.12,30.78,37.48,30.99,163127.46,17.07,49.34,17.56,13.43,68.7
2026-11-06 06:00:00,-17.64,24.0,7.15,0.6529,54,73.6,38.59,45.02,9.8,163106.64,6.4,60.77,20.82,16.36,64.5
2026-11-06 07:00:00,-16.84,24.0,6.61,0.6214,54,72.05,47.87,52.49,6.48,163085.07,4.03,63.4,21.57,19.34,70.2
2026-11-06 08:00:00,-17.72,24.0,7.05,0.5873,54,67.61,52.38,59.41,9.13,163065.83,5.36,55.22,19.24,22.16,71.1
2026-11-06 09:00:00,-17.16,24.0,6.94,0.5528,54,74.36,57.54,65.31,8.39,163044.68,4.64,61.95,21.16,24.63,73.1
2026-11-06 10:00:00,-17.12,24.0,8.26,0.5108,54,73.83,60.52,69.82,19.98,163025.69,10.21,54.33,18.98,26.56,74.8
2026-11-06 11:00:00,-17.61,24.0,8.42,0.464,54,73.75,62.08,72.64,21.86,163007.08,10.14,53.04,18.62,27.79,81.6
2026-11-06 12:00:00,-17.29,24.0,7.28,0.4286,54,70.46,63.19,73.61,10.77,162987.78,4.62,55.43,19.3,28.21,71.5
2026-11-06 13:00:00,-18.09,24.0,9.61,0.3761,54,76.67,64.66,72.64,39.57,162968.95,14.88,53.8,18.83,27.79,80.3
2026-11-06 14:00:00,-17.97,24.0,8.63,0.3311,54,72.73,61.28,69.82,24.51,162949.47,8.11,56.07,19.48,26.56,76.6
2026-11-06 15:00:00,-18.8,24.0,9.56,0.2853,54,75.22,54.1,65.31,38.64,162930.86,11.02,52.99,18.6,24.63,70.5
2026-11-06 16:00:00,-18.56,24.0,10.46,0.2337,54,71.25,55.03,58.05,56.89,162911.71,13.29,54.94,19.16,22.16,72.6
2026-11-06 17:00:00,-19.22,24.0,12.78,0.1706,54,74.11,49.59,45.19,100.0,162890.7,17.06,61.44,21.01,19.34,72.6
2026-11-06 18:00:00,-19.65,24.0,11.61,0.15,54,75.61,39.54,41.4,87.45,162869.92,13.12,60.63,20.78,16.36,75.4
2026-11-06 19:00:00,-19.68,24.0,11.19,0.15,54,73.57,34.61,35.24,75.47,162848.86,11.32,61.61,21.06,13.43,76.1
2026-11-06 20:00:00,-20.39,24.0,9.91,0.252,54,75.16,26.43,30.39,45.29,162828.32,11.41,59.79,20.54,10.73,62.7
2026-11-06 21:00:00,-20.69,24.0,10.23,0.354,54,78.24,20.49,23.94,51.93,162808.74,18.38,56.41,19.58,8.44,74.4
2026-11-06 22:00:00,-21.86,24.0,9.66,0.456,54,81.18,18.09,19.43,40.61,162787.76,18.52,61.32,20.98,6.68,70.6
2026-11-06 23:00:00,-21.7,24.0,9.17,0.558,54,75.43,17.5,16.39,32.22,162767.57,17.98,58.56,20.19,5.58,70.7
2026-11-07 00:00:00,-20.38,24.0,10.64,0.66,57,81.63,23.7,15.61,61.25,162750.02,40.43,49.29,17.55,5.49,69.1
2026-11-07 01:00:00,-18.85,24.0,8.3,0.618,57,72.31,19.42,17.17,20.43,162728.87,12.62,61.94,21.15,5.86,74.4
2026-11-07 02:00:00,-18.92,24.0,10.23,0.5657,57,72.05,17.98,19.97,51.76,162713.75,29.28,40.77,15.12,6.96,75.3
2026-11-07 03:00:00,-18.5,24.0,11.37,0.5102,57,77.04,22.56,23.26,80.55,162700.21,41.1,35.24,13.54,8.71,71.7
2026-11-07 04:00:00,-19.56,24.0,10.63,0.4557,57,76.84,30.47,30.14,60.88,162682.62,27.74,49.42,17.59,11.01,75.4
2026-11-07 05:00:00,-18.56,24.0,10.04,0.5577,57,75.91,38.9,38.12,47.83,162664.87,26.68,50.01,17.75,13.71,67.9
2026-11-07 06:00:00,-17.95,24.0,9.18,0.513,57,70.96,42.7,45.72,32.35,162646.73,16.6,51.35,18.13,16.64,71.6
2026-11-07 07:00:00,-18.05,24.0,13.15,0.4475,57,73.98,47.57,44.79,100.0,162634.11,44.75,32.01,12.62,19.61,73.3
2026-11-07 08:00:00,-17.08,24.0,10.44,0.3974,57,77.09,58.98,58.75,56.51,162614.97,22.45,54.88,19.14,22.44,70.6
2026-11-07 09:00:00,-16.99,24.0,10.26,0.3481,57,69.46,58.46,65.09,52.58,162598.78,18.3,44.54,16.19,24.91,70.6
2026-11-07 10:00:00,-17.03,24.0,10.5,0.4501,57,73.01,61.06,68.7,57.89,162584.07,26.06,39.32,14.71,26.84,67.6
2026-11-07 11:00:00,-16.52,24.0,12.34,0.3874,57,68.9,60.16,64.72,100.0,162573.27,38.74,25.61,10.8,28.07,74.8
2026-11-07 12:00:00,-16.98,24.0,12.45,0.318,57,69.02,62.36,65.16,100.0,162559.96,31.8,34.42,13.31,28.49,82.0
2026-11-07 13:00:00,-16.22,24.0,11.9,0.2566,57,69.59,60.14,66.31,96.83,162545.47,24.84,38.58,14.49,28.07,75.8
2026-11-07 14:00:00,-16.78,24.0,9.58,0.21,57,70.94,57.99,70.46,39.0,162527.64,8.19,50.29,17.83,26.84,71.6
2026-11-07 15:00:00,-17.4,24.0,8.89,0.1625,57,71.6,58.88,65.96,28.0,162507.05,4.55,59.97,20.59,24.91,78.5
2026-11-07 16:00:00,-18.0,24.0,7.52,0.15,57,72.73,52.33,60.07,12.69,162485.57,1.9,63.09,21.48,22.44,71.3
2026-11-07 17:00:00,-17.64,24.0,9.66,0.15,57,77.19,51.26,53.17,40.6,162462.35,6.09,69.19,23.22,19.61,75.5
2026-11-07 18:00:00,-18.19,24.0,10.38,0.15,57,76.96,41.99,44.85,55.16,162440.09,8.27,65.83,22.26,16.64,74.2
2026-11-07 19:00:00,-19.23,24.0,10.93,0.252,57,75.19,36.62,36.42,68.46,162420.02,17.25,58.14,20.07,13.71,63.1
2026-11-07 20:00:00,-19.84,24.0,10.86,0.1999,57,75.96,29.9,29.79,66.51,162398.62,13.29,62.78,21.39,11.01,70.6
2026-11-07 21:00:00,-20.12,24.0,10.26,0.3019,57,79.37,20.04,24.65,52.5,162378.33,15.85,58.92,20.29,8.71,80.6
2026-11-07 22:00:00,-21.09,24.0,8.55,0.4039,57,79.3,19.82,20.2,23.47,162355.04,9.48,69.45,23.29,6.96,66.5
2026-11-07 23:00:00,-22.01,24.0,8.01,0.5059,57,79.71,20.91,17.17,17.21,162330.24,8.71,74.74,24.8,5.86,76.5
2026-11-08 00:00:00,-20.47,24.0,6.88,0.6079,59,81.67,14.46,16.9,8.04,162305.55,4.89,74.35,24.69,5.76,74.7
2026-11-08 01:00:00,-21.14,24.0,8.28,0.7099,59,75.87,14.66,17.93,20.16,162285.44,14.31,58.29,20.11,6.14,66.9
2026-11-08 02:00:00,-21.42,24.0,7.18,0.8119,59,78.17,21.31,20.95,10.01,162261.87,8.13,70.4,23.56,7.23,69.5
2026-11-08 03:00:00,-21.65,24.0,8.39,0.9139,59,78.26,22.92,25.71,21.43,162242.44,19.58,55.89,19.43,8.99,64.0
2026-11-08 04:00:00,-21.84,24.0,9.2,1.0,59,79.89,18.52,31.84,32.76,162229.31,32.76,33.81,13.14,11.28,73.4
2026-11-08 05:00:00,-21.33,24.0,8.92,1.0,59,75.74,29.8,38.9,28.39,162214.9,28.39,38.25,14.4,13.98,64.3
2026-11-08 06:00:00,-20.57,24.0,7.53,1.0,59,77.92,38.94,46.4,12.72,162194.95,12.72,57.74,19.96,16.91,72.1
2026-11-08 07:00:00,-20.52,24.0,7.22,1.0,59,76.2,50.1,53.84,10.32,162173.74,10.32,62.14,21.21,19.88,79.3
2026-11-08 08:00:00,-20.99,24.0,7.02,1.0,59,79.82,53.41,60.72,8.93,162152.12,8.93,63.57,21.62,22.71,66.5
2026-11-08 09:00:00,-19.92,24.0,8.27,0.9594,59,75.19,63.66,66.6,20.04,162133.51,19.22,53.03,18.61,25.18,72.3
2026-11-08 10:00:00,-19.69,24.0,6.96,1.0,59,74.26,60.86,71.09,8.53,162114.19,8.53,55.49,19.32,27.11,63.3
2026-11-08 11:00:00,-18.37,24.0,8.89,0.9565,59,75.0,63.13,73.91,28.02,162100.03,26.81,37.41,14.16,28.34,71.9
2026-11-08 12:00:00,-19.51,24.0,9.88,1.0,59,75.49,72.34,74.87,44.75,162088.49,44.75,28.21,11.54,28.76,65.8
2026-11-08 13:00:00,-19.2,24.0,8.43,0.9585,59,74.19,67.34,73.91,22.0,162071.72,21.09,46.53,16.76,28.34,72.3
2026-11-08 14:00:00,-17.92,24.0,9.36,1.0,59,72.34,66.2,71.09,35.26,162059.05,35.26,32.19,12.67,27.11,69.4
2026-11-08 15:00:00,-18.09,24.0,9.8,1.0,59,71.98,57.99,66.6,43.1,162049.77,43.1,20.27,9.28,25.18,67.0
2026-11-08 16:00:00,-18.26,24.0,10.47,0.9494,59,77.84,54.18,59.3,57.16,162041.02,54.27,18.45,8.76,22.71,71.1
2026-11-08 17:00:00,-18.18,24.0,8.86,1.0,59,74.38,48.68,53.84,27.63,162025.66,27.63,41.6,15.35,19.88,58.6
2026-11-08 18:00:00,-18.68,24.0,7.59,1.0,59,75.64,41.19,46.4,13.23,162005.86,13.23,57.2,19.8,16.91,66.2
2026-11-08 19:00:00,-19.07,24.0,6.98,0.9606,59,75.71,35.68,38.9,8.68,161984.07,8.33,64.16,21.79,13.98,83.0
2026-11-08 20:00:00,-19.52,24.0,7.01,1.0,59,75.87,29.44,31.84,8.85,161962.15,8.85,64.63,21.92,11.28,69.7
2026-11-08 21:00:00,-20.15,24.0,8.71,1.0,59,75.31,23.09,25.71,25.6,161945.23,25.6,47.1,16.92,8.99,68.0
2026-11-08 22:00:00,-19.66,24.0,9.65,0.9524,59,73.95,19.98,20.95,40.27,161931.86,38.35,34.64,13.37,7.23,72.6
2026-11-08 23:00:00,-19.63,24.0,11.62,0.8923,59,74.49,24.12,16.48,87.73,161927.26,78.28,3.84,4.6,6.14,76.1
2026-11-09 00:00:00,-19.24,24.0,9.05,0.8435,62,76.28,17.47,17.65,30.4,161909.38,25.64,50.46,17.88,6.03,79.3
2026-11-09 01:00:00,-18.92,24.0,6.8,0.8106,62,73.37,18.96,18.68,7.55,161886.64,6.12,67.53,22.75,6.41,71.1
2026-11-09 02:00:00,-19.18,24.0,8.1,0.7719,62,77.59,16.81,21.69,18.24,161866.43,14.08,58.63,20.21,7.5,70.2
2026-11-09 03:00:00,-19.69,24.0,7.51,0.7348,62,79.25,21.35,26.43,12.58,161844.42,9.25,64.93,22.0,9.25,72.7
2026-11-09 04:00:00,-20.01,24.0,7.28,0.8368,62,72.21,28.18,32.54,10.73,161824.14,8.98,58.88,20.28,11.55,70.9
2026-11-09 05:00:00,-19.9,24.0,7.85,0.9388,62,79.36,36.37,39.58,15.6,161803.11,14.65,61.5,21.03,14.24,69.8
2026-11-09 06:00:00,-20.36,24.0,6.61,1.0,62,74.12,45.47,47.07,6.43,161780.78,6.43,66.09,22.34,17.17,73.3
2026-11-09 07:00:00,-20.42,24.0,7.73,1.0,62,76.08,52.49,54.49,14.49,161760.29,14.49,59.59,20.48,20.15,73.2
2026-11-09 08:00:00,-20.46,24.0,7.4,1.0,62,77.04,60.5,61.36,11.7,161738.42,11.7,64.48,21.88,22.97,70.5
2026-11-09 09:00:00,-18.87,24.0,8.26,0.9531,62,69.67,58.77,67.23,19.92,161722.88,18.99,42.23,15.53,25.44,83.5
2026-11-09 10:00:00,-20.27,24.0,9.85,1.0,62,74.91,62.14,71.71,44.0,161713.3,44.0,21.34,9.58,27.38,79.9
2026-11-09 11:00:00,-20.09,24.0,8.34,1.0,62,76.52,63.29,74.52,20.94,161697.16,20.94,44.35,16.14,28.61,73.3
2026-11-09 12:00:00,-18.8,24.0,10.75,0.9435,62,71.45,72.55,72.64,63.91,161690.51,60.3,11.06,6.65,29.03,77.3
2026-11-09 13:00:00,-18.54,24.0,10.27,1.0,62,70.95,68.24,73.52,52.7,161683.31,52.7,12.97,7.2,28.61,68.3
2026-11-09 14:00:00,-17.96,24.0,12.03,0.9409,62,76.92,67.36,64.43,100.0,161679.81,94.09,0.0,3.5,27.38,72.3
2026-11-09 15:00:00,-17.85,24.0,10.05,0.889,62,72.97,58.29,67.05,48.1,161670.2,42.76,21.45,9.61,25.44,75.9
2026-11-09 16:00:00,-18.28,24.0,10.04,0.8352,62,75.57,56.42,61.24,47.87,161657.93,39.98,30.77,12.27,22.97,78.9
2026-11-09 17:00:00,-19.73,24.0,9.32,0.9372,62,79.82,51.59,54.49,34.68,161641.77,32.5,44.43,16.16,20.15,65.6
2026-11-09 18:00:00,-19.74,24.0,10.26,1.0,62,77.38,38.69,46.45,52.52,161633.4,52.52,17.1,8.37,17.17,67.5
2026-11-09 19:00:00,-20.39,24.0,10.2,1.0,62,75.5,34.56,39.2,51.1,161624.27,51.1,19.76,9.13,14.24,70.7
2026-11-09 20:00:00,-21.09,24.0,9.74,1.0,62,76.38,30.92,32.54,42.09,161611.45,42.09,32.67,12.81,11.55,77.4
2026-11-09 21:00:00,-21.61,24.0,11.55,1.0,62,79.68,17.6,24.38,85.64,161607.95,85.64,0.0,3.5,9.25,69.8
2026-11-09 22:00:00,-20.78,24.0,10.31,1.0,62,78.74,25.57,21.35,53.53,161596.07,53.53,29.43,11.89,7.5,75.8
2026-11-09 23:00:00,-19.55,24.0,8.87,0.9577,62,75.89,22.34,18.68,27.7,161577.46,26.53,53.01,18.61,6.41,70.1
2026-11-10 00:00:00,-19.18,24.0,9.21,0.9108,64,76.43,16.94,18.38,32.81,161561.1,29.89,45.1,16.35,6.3,74.9
2026-11-10 01:00:00,-19.62,24.0,9.51,1.0,64,75.15,20.5,19.41,37.89,161546.67,37.89,38.36,14.43,6.67,65.4
2026-11-10 02:00:00,-20.42,24.0,9.07,1.0,64,76.69,22.86,22.4,30.62,161529.91,30.62,46.53,16.76,7.77,66.5
2026-11-10 03:00:00,-20.15,24.0,8.91,1.0,64,75.31,24.87,27.13,28.32,161513.67,28.32,44.72,16.25,9.52,69.2
2026-11-10 04:00:00,-19.02,24.0,11.6,1.0,64,72.58,29.93,30.56,87.37,161510.17,87.37,0.0,3.5,11.81,65.3
2026-11-10 05:00:00,-19.06,24.0,11.69,1.0,64,72.6,36.33,36.86,89.86,161506.67,89.86,0.0,3.5,14.5,65.0
2026-11-10 06:00:00,-20.33,24.0,9.39,1.0,64,75.7,46.08,47.72,35.78,161492.26,35.78,38.28,14.41,17.43,68.1
2026-11-10 07:00:00,-19.68,24.0,8.18,1.0,64,77.13,53.31,55.13,19.08,161472.73,19.08,56.23,19.53,20.41,63.3
2026-11-10 08:00:00,-18.81,24.0,11.47,0.945,64,74.24,59.62,57.43,83.34,161469.23,78.76,0.0,3.5,23.23,70.6
2026-11-10 09:00:00,-19.49,24.0,11.56,0.8883,64,74.28,64.89,62.55,86.04,161465.67,76.43,0.2,3.56,25.71,72.1
2026-11-10 10:00:00,-19.09,24.0,12.87,0.9903,64,74.01,67.27,61.95,100.0,161462.17,99.03,0.0,3.5,27.64,66.7
2026-11-10 11:00:00,-18.54,24.0,11.0,1.0,64,69.74,69.52,71.37,70.17,161458.67,70.17,0.0,3.5,28.87,69.6
2026-11-10 12:00:00,-18.35,24.0,11.3,1.0,64,72.27,73.44,71.15,78.31,161455.17,78.31,0.0,3.5,29.3,69.6
2026-11-10 13:00:00,-18.64,24.0,11.38,0.9389,64,75.56,67.41,69.94,80.69,161451.67,75.76,0.0,3.5,28.87,79.0
2026-11-10 14:00:00,-17.89,24.0,9.9,0.8902,64,70.19,60.73,72.31,45.13,161442.92,40.18,18.44,8.75,27.64,72.4
2026-11-10 15:00:00,-18.09,24.0,9.74,0.8354,64,69.59,66.5,67.84,41.92,161429.95,35.02,33.24,12.97,25.71,82.7
2026-11-10 16:00:00,-19.0,24.0,9.9,0.9374,64,71.75,58.88,61.98,45.12,161418.93,42.29,26.36,11.01,23.23,68.7
2026-11-10 17:00:00,-20.31,24.0,9.49,1.0,64,75.4,52.45,55.13,37.48,161405.39,37.48,35.23,13.54,20.41,67.7
2026-11-10 18:00:00,-19.67,24.0,10.68,0.9448,64,75.34,41.14,46.09,62.2,161398.58,58.76,11.63,6.81,17.43,76.0
2026-11-10 19:00:00,-19.47,24.0,11.57,1.0,64,75.69,31.69,37.09,86.37,161395.08,86.37,0.0,3.5,14.5,57.8
2026-11-10 20:00:00,-19.64,24.0,12.32,0.9378,64,76.99,30.95,29.37,100.0,161391.58,93.78,0.0,3.5,11.81,74.2
2026-11-10 21:00:00,-20.15,24.0,12.56,1.0,64,75.69,23.69,23.65,100.0,161388.08,100.0,0.0,3.5,9.52,69.4
2026-11-10 22:00:00,-20.7,24.0,11.41,1.0,64,78.69,21.38,20.82,81.73,161384.58,81.73,0.0,3.5,7.77,70.0
2026-11-10 23:00:00,-21.57,24.0,10.23,1.0,64,75.8,19.07,19.19,51.81,161374.27,51.81,23.88,10.31,6.67,67.1
2026-11-11 00:00:00,-21.56,24.0,11.24,1.0,67,81.06,20.91,17.91,76.66,161368.67,76.66,7.39,5.61,6.56,71.8
2026-11-11 01:00:00,-22.95,24.0,10.47,1.0,67,81.37,18.99,19.64,57.26,161358.48,57.26,23.45,10.18,6.93,58.6
2026-11-11 02:00:00,-23.43,24.0,9.08,1.0,67,76.91,26.29,23.11,30.89,161340.96,30.89,49.21,17.52,8.03,63.7
2026-11-11 03:00:00,-23.58,24.0,9.0,1.0,67,81.79,24.34,27.82,29.56,161323.56,29.56,48.75,17.39,9.77,77.1
2026-11-11 04:00:00,-23.1,24.0,7.61,1.0,67,85.91,33.32,33.9,13.46,161299.58,13.46,71.86,23.98,12.06,68.0
2026-11-11 05:00:00,-22.95,24.0,8.65,1.0,67,85.09,38.95,40.91,24.74,161279.44,24.74,58.39,20.14,14.76,61.9
2026-11-11 06:00:00,-22.24,24.0,8.1,1.0,67,79.43,48.73,48.36,18.17,161258.38,18.17,61.62,21.06,17.68,68.6
2026-11-11 07:00:00,-21.14,24.0,7.44,1.0,67,79.08,52.71,55.75,11.99,161236.63,11.99,64.05,21.75,20.66,72.9
2026-11-11 08:00:00,-20.2,24.0,10.49,1.0,67,73.87,61.82,61.05,57.74,161228.31,57.74,16.91,8.32,23.49,70.3
2026-11-11 09:00:00,-19.61,24.0,11.11,1.0,67,72.58,66.48,64.63,73.22,161224.47,73.22,1.2,3.84,25.96,69.7
2026-11-11 10:00:00,-19.3,24.0,11.61,1.0,67,74.49,72.16,67.04,87.49,161220.97,87.49,0.0,3.5,27.9,67.6
2026-11-11 11:00:00,-19.6,24.0,11.23,1.0,67,74.31,71.65,71.06,76.34,161217.47,76.34,0.0,3.5,29.13,64.0
2026-11-11 12:00:00,-18.9,24.0,12.0,1.0,67,74.62,67.87,68.99,100.0,161213.97,100.0,0.0,3.5,29.56,61.5
2026-11-11 13:00:00,-17.68,24.0,12.1,1.0,67,73.79,68.96,67.77,100.0,161210.47,100.0,0.0,3.5,29.13,67.6
2026-11-11 14:00:00,-17.35,24.0,11.48,0.9387,67,73.2,63.86,67.51,83.62,161206.97,78.49,0.0,3.5,27.9,78.6
2026-11-11 15:00:00,-16.15,24.0,13.47,0.8739,67,72.27,63.38,56.56,100.0,161203.47,87.39,0.0,3.5,25.96,70.8
2026-11-11 16:00:00,-17.11,24.0,11.02,0.8204,67,72.63,54.92,59.41,70.65,161197.07,57.96,10.18,6.4,23.49,71.4
2026-11-11 17:00:00,-17.9,24.0,12.83,0.9224,67,75.22,54.44,47.86,100.0,161193.57,92.24,0.0,3.5,20.66,64.0
2026-11-11 18:00:00,-17.53,24.0,11.31,0.8671,67,74.43,39.44,45.2,78.68,161189.94,68.23,0.44,3.63,17.68,71.9
2026-11-11 19:00:00,-17.57,24.0,10.66,0.9691,67,71.81,34.32,39.56,61.63,161184.49,59.73,6.85,5.45,14.76,69.8
2026-11-11 20:00:00,-17.02,24.0,8.71,0.9273,67,66.88,31.69,33.9,25.6,161169.32,23.73,40.94,15.17,12.06,70.6
2026-11-11 21:00:00,-17.3,24.0,8.85,1.0,67,69.14,27.33,27.82,27.43,161154.07,27.43,41.22,15.25,9.77,69.0
2026-11-11 22:00:00,-18.1,24.0,9.21,1.0,67,74.35,15.77,23.11,32.78,161140.82,32.78,34.23,13.26,8.03,68.5
2026-11-11 23:00:00,-18.48,24.0,13.73,1.0,67,74.01,22.13,16.37,100.0,161137.32,100.0,0.0,3.5,6.93,69.9
2026-11-12 00:00:00,-19.18,24.0,15.42,0.9261,70,79.22,23.04,14.43,100.0,161133.82,92.61,0.0,3.5,6.81,70.5
2026-11-12 01:00:00,-20.0,24.0,16.4,1.0,70,72.54,16.33,14.15,100.0,161130.32,100.0,0.0,3.5,7.18,58.7
2026-11-12 02:00:00,-19.49,24.0,13.68,1.0,70,77.17,16.78,19.42,100.0,161126.82,100.0,0.0,3.5,8.28,62.0
2026-11-12 03:00:00,-18.98,24.0,16.11,1.0,70,74.38,25.4,19.79,100.0,161123.32,100.0,0.0,3.5,10.02,68.1
2026-11-12 04:00:00,-18.71,24.0,13.83,0.9289,70,72.22,32.77,27.94,100.0,161119.82,92.89,0.0,3.5,12.31,75.6
2026-11-12 05:00:00,-19.63,24.0,13.95,1.0,70,79.32,36.97,33.35,100.0,161116.32,100.0,0.0,3.5,15.01,63.2
2026-11-12 06:00:00,-19.65,24.0,11.45,0.943,70,73.06,46.53,45.43,82.87,161112.82,78.15,0.0,3.5,17.93,73.2
2026-11-12 07:00:00,-20.15,24.0,10.68,1.0,70,76.98,53.51,54.44,62.21,161105.37,62.21,13.84,7.44,20.91,78.2
2026-11-12 08:00:00,-19.14,24.0,13.01,1.0,70,77.42,66.59,53.69,100.0,161101.87,100.0,0.0,3.5,23.74,69.3
2026-11-12 09:00:00,-19.2,24.0,14.31,1.0,70,72.92,59.13,54.15,100.0,161098.37,100.0,0.0,3.5,26.21,68.4
2026-11-12 10:00:00,-19.55,24.0,13.4,0.9335,70,71.26,67.78,60.99,100.0,161094.87,93.35,0.0,3.5,28.15,73.0
2026-11-12 11:00:00,-19.23,24.0,13.3,0.8691,70,76.17,70.11,63.69,100.0,161091.37,86.91,0.0,3.5,29.39,71.1
2026-11-12 12:00:00,-19.36,24.0,10.83,0.9711,70,77.52,66.86,74.0,65.96,161086.07,64.06,6.32,5.3,29.81,67.4
2026-11-12 13:00:00,-18.25,24.0,11.08,0.9164,70,72.18,72.36,72.14,72.48,161080.87,66.42,5.98,5.2,29.39,72.7
2026-11-12 14:00:00,-18.56,24.0,10.83,1.0,70,70.29,67.5,70.43,65.84,161076.94,65.84,1.52,3.93,28.15,67.7
2026-11-12 15:00:00,-19.33,24.0,8.68,0.9543,70,75.5,63.17,69.02,25.16,161060.43,24.01,45.64,16.51,26.21,77.4
2026-11-12 16:00:00,-20.61,24.0,7.26,1.0,70,76.3,56.84,63.19,10.58,161040.01,10.58,59.37,20.42,23.74,68.5
2026-11-12 17:00:00,-20.67,24.0,6.22,1.0,70,72.94,53.78,56.36,4.56,161017.75,4.56,65.8,22.25,20.91,71.6
2026-11-12 18:00:00,-21.1,24.0,7.8,1.0,70,78.99,47.37,48.99,15.14,160996.52,15.14,62.22,21.23,17.93,77.5
2026-11-12 19:00:00,-22.11,24.0,6.76,1.0,70,77.7,37.84,41.55,7.27,160974.01,7.27,66.72,22.51,15.01,67.5
2026-11-12 20:00:00,-21.56,24.0,7.2,1.0,70,79.77,34.1,34.56,10.13,160950.79,10.13,69.18,23.22,12.31,65.1
2026-11-12 21:00:00,-21.36,24.0,7.13,1.0,70,83.16,26.49,28.49,9.67,160926.92,9.67,71.49,23.87,10.02,66.1
2026-11-12 22:00:00,-21.58,24.0,7.75,1.0,70,78.38,27.59,23.79,14.74,160904.2,14.74,67.44,22.72,8.28,68.8
2026-11-12 23:00:00,-20.94,24.0,8.82,1.0,70,77.65,18.1,20.82,26.98,160887.03,26.98,47.95,17.17,7.18,68.6
2026-11-13 00:00:00,-20.28,24.0,9.48,1.0,72,76.7,17.15,20.48,37.31,160873.26,37.31,36.06,13.78,7.06,68.9
2026-11-13 01:00:00,-20.9,24.0,9.31,1.0,72,77.17,23.48,21.5,34.41,160857.0,34.41,44.75,16.25,7.43,71.1
2026-11-13 02:00:00,-21.58,24.0,9.01,1.0,72,75.88,21.64,24.47,29.71,160841.15,29.71,43.35,15.85,8.53,69.4
2026-11-13 03:00:00,-21.06,24.0,8.56,1.0,72,78.32,21.7,29.15,23.62,160824.18,23.62,47.26,16.97,10.27,66.9
2026-11-13 04:00:00,-20.73,24.0,10.26,1.0,72,75.89,28.87,34.75,52.42,160815.66,52.42,17.59,8.51,12.56,69.5
2026-11-13 05:00:00,-20.48,24.0,9.23,1.0,72,75.76,41.23,42.18,33.14,160800.29,33.14,41.67,15.38,15.25,66.2
2026-11-13 06:00:00,-20.78,24.0,8.24,1.0,72,75.59,49.53,49.6,19.75,160780.9,19.75,55.77,19.39,18.18,67.0
2026-11-13 07:00:00,-20.14,24.0,9.33,1.0,72,77.22,56.73,56.96,34.86,160765.39,34.86,42.14,15.51,21.15,58.2
2026-11-13 08:00:00,-20.3,24.0,8.67,1.0,72,74.74,61.96,63.77,24.98,160748.22,24.98,47.95,17.17,23.98,65.6
2026-11-13 09:00:00,-20.03,24.0,10.23,1.0,72,76.89,66.19,68.81,51.75,160738.3,51.75,22.52,9.92,26.46,74.1
2026-11-13 10:00:00,-18.84,24.0,9.2,0.9537,72,75.28,69.76,74.04,32.62,160723.43,31.11,39.89,14.87,28.4,74.0
2026-11-13 11:00:00,-18.94,24.0,9.83,0.904,72,74.5,73.23,76.83,43.61,160710.96,39.43,31.48,12.47,29.64,74.4
2026-11-13 12:00:00,-19.63,24.0,7.68,0.8662,72,72.33,73.71,77.78,14.06,160691.48,12.18,56.08,19.48,30.06,72.4
2026-11-13 13:00:00,-20.04,24.0,7.57,0.9682,72,74.74,69.52,76.83,13.13,160672.39,12.71,54.71,19.09,29.64,67.5
2026-11-13 14:00:00,-19.27,24.0,7.35,1.0,72,74.68,73.35,74.04,11.33,160651.03,11.33,62.67,21.36,28.4,64.2
2026-11-13 15:00:00,-19.03,24.0,9.09,1.0,72,71.59,67.01,69.59,31.03,160636.7,31.03,37.98,14.32,26.46,69.1
2026-11-13 16:00:00,-19.09,24.0,11.9,1.0,72,75.28,55.03,57.73,96.55,160633.2,96.55,0.0,3.5,23.98,55.2
2026-11-13 17:00:00,-19.45,24.0,10.84,0.9439,72,78.3,50.66,54.56,66.17,160626.3,62.45,11.95,6.91,21.15,76.1
2026-11-13 18:00:00,-19.26,24.0,11.63,0.8872,72,75.97,45.44,45.54,88.3,160622.8,78.35,0.0,3.5,18.18,71.6
2026-11-13 19:00:00,-19.94,24.0,11.56,0.8288,72,73.19,39.62,38.89,85.96,160618.53,71.25,2.67,4.26,15.25,74.3
2026-11-13 20:00:00,-19.95,24.0,13.66,0.9308,72,81.27,31.87,28.75,100.0,160615.03,93.08,0.0,3.5,12.56,67.5
2026-11-13 21:00:00,-20.61,24.0,13.57,1.0,72,75.8,23.63,23.95,100.0,160611.53,100.0,0.0,3.5,10.27,61.5
2026-11-13 22:00:00,-21.36,24.0,10.56,1.0,72,78.67,26.16,23.78,59.24,160601.82,59.24,21.8,9.71,8.53,69.9
2026-11-13 23:00:00,-21.93,24.0,10.85,1.0,72,77.5,23.92,20.58,66.34,160594.19,66.34,14.5,7.63,7.43,69.4
2026-11-14 00:00:00,-21.88,24.0,10.36,1.0,75,79.37,21.66,20.77,54.61,160583.38,54.61,25.65,10.81,7.31,67.9
2026-11-14 01:00:00,-22.0,24.0,7.8,1.0,75,82.13,17.34,22.16,15.16,160562.17,15.16,62.15,21.21,7.68,69.9
2026-11-14 02:00:00,-21.89,24.0,7.19,1.0,75,76.57,21.9,25.12,10.1,160540.64,10.1,63.24,21.52,8.77,66.2
2026-11-14 03:00:00,-24.08,24.0,9.82,1.0,75,81.29,25.03,29.79,43.5,160527.73,43.5,33.02,12.91,10.51,67.9
2026-11-14 04:00:00,-24.43,24.0,11.75,1.0,75,83.22,27.42,32.7,91.79,160524.23,91.79,0.0,3.5,12.8,69.0
2026-11-14 05:00:00,-24.45,24.0,12.13,1.0,75,79.1,41.39,38.24,100.0,160520.73,100.0,0.0,3.5,15.49,75.0
2026-11-14 06:00:00,-23.26,24.0,14.5,1.0,75,82.87,48.32,38.9,100.0,160517.23,100.0,0.0,3.5,18.41,71.4
2026-11-14 07:00:00,-23.6,24.0,14.14,1.0,75,79.99,52.82,45.64,100.0,160513.73,100.0,0.0,3.5,21.39,61.1
2026-11-14 08:00:00,-23.14,24.0,10.42,1.0,75,80.98,63.93,63.0,55.94,160502.83,55.94,25.97,10.9,24.22,65.7
2026-11-14 09:00:00,-21.87,24.0,9.19,1.0,75,76.47,71.34,70.15,32.56,160486.47,32.56,45.1,16.35,26.7,64.3
2026-11-14 10:00:00,-22.3,24.0,7.11,1.0,75,77.06,73.52,74.59,9.53,160464.03,9.53,66.45,22.44,28.64,75.1
2026-11-14 11:00:00,-21.71,24.0,6.04,1.0,75,78.63,72.48,77.38,3.85,160440.62,3.85,69.88,23.42,29.88,66.3
2026-11-14 12:00:00,-21.89,24.0,5.81,1.0,75,82.36,82.19,78.32,3.05,160413.41,3.05,83.17,27.2,30.31,67.3
2026-11-14 13:00:00,-21.93,24.0,6.65,1.0,75,76.89,75.54,77.38,6.65,160390.42,6.65,68.41,23.0,29.88,68.0
2026-11-14 14:00:00,-22.21,24.0,8.79,1.0,75,81.44,70.11,74.59,26.56,160372.56,26.56,50.39,17.86,28.64,70.4
2026-11-14 15:00:00,-22.51,24.0,10.42,1.0,75,82.77,73.3,68.69,55.95,160360.1,55.95,31.43,12.46,26.7,62.2
2026-11-14 16:00:00,-20.79,24.0,10.35,1.0,75,79.37,57.8,63.23,54.36,160351.02,54.36,19.58,9.08,24.22,69.4
2026-11-14 17:00:00,-20.3,24.0,12.15,1.0,75,76.09,52.22,51.36,100.0,160347.52,100.0,0.0,3.5,21.39,74.5
2026-11-14 18:00:00,-19.72,24.0,11.16,1.0,75,76.09,46.28,47.28,74.5,160343.85,74.5,0.59,3.67,18.41,68.6
2026-11-14 19:00:00,-19.58,24.0,12.33,0.9334,75,78.71,42.75,37.81,100.0,160340.35,93.34,0.0,3.5,15.49,79.5
2026-11-14 20:00:00,-20.74,24.0,11.13,1.0,75,79.24,30.48,33.81,73.67,160336.21,73.67,2.25,4.14,12.8,65.0
2026-11-14 21:00:00,-20.7,24.0,9.66,1.0,75,77.14,25.78,29.79,40.57,160323.43,40.57,32.55,12.78,10.51,66.9
2026-11-14 22:00:00,-20.26,24.0,11.52,1.0,75,73.82,20.05,23.21,84.98,160319.93,84.98,0.0,3.5,8.77,73.7
2026-11-14 23:00:00,-20.97,24.0,10.33,1.0,75,81.54,24.13,21.79,54.0,160307.92,54.0,29.87,12.01,7.68,69.4
2026-11-15 00:00:00,-20.11,24.0,9.87,1.0,77,76.44,23.48,21.79,44.5,160294.84,44.5,33.62,13.08,7.54,68.8
2026-11-15 01:00:00,-19.8,24.0,10.54,1.0,77,74.49,17.96,22.19,58.91,160288.1,58.91,11.35,6.74,7.91,64.6
2026-11-15 02:00:00,-18.74,24.0,12.65,1.0,77,75.21,22.96,22.35,100.0,160284.6,100.0,0.0,3.5,9.0,68.0
2026-11-15 03:00:00,-19.0,24.0,18.15,0.9014,77,69.81,27.26,18.03,100.0,160281.1,90.14,0.0,3.5,10.75,79.9
2026-11-15 04:00:00,-19.59,24.0,16.22,0.8221,77,76.89,32.37,25.11,100.0,160277.05,82.21,1.94,4.05,13.03,71.9
2026-11-15 05:00:00,-19.66,24.0,19.09,0.7271,77,76.81,40.23,23.66,100.0,160267.66,72.71,20.67,9.39,15.72,73.1
2026-11-15 06:00:00,-18.58,24.0,17.13,0.8291,77,74.57,46.46,32.68,100.0,160262.61,82.91,5.43,5.05,18.65,67.9
2026-11-15 07:00:00,-19.44,24.0,17.71,0.7431,77,77.19,59.14,35.7,100.0,160251.61,74.31,26.32,11.0,21.62,71.4
2026-11-15 08:00:00,-20.38,24.0,17.53,0.8451,77,77.21,61.96,40.47,100.0,160244.06,84.51,14.2,7.55,24.45,68.3
2026-11-15 09:00:00,-19.99,24.0,19.65,0.9471,77,77.3,72.26,36.57,100.0,160235.35,94.71,18.28,8.71,26.94,63.8
2026-11-15 10:00:00,-19.92,24.0,18.33,1.0,77,77.38,73.1,43.82,100.0,160229.95,100.0,6.65,5.4,28.88,66.4
2026-11-15 11:00:00,-19.6,24.0,19.27,1.0,77,77.67,73.92,41.8,100.0,160223.66,100.0,9.8,6.29,30.12,67.7
2026-11-15 12:00:00,-18.74,24.0,18.89,0.8954,77,73.33,76.02,43.81,100.0,160215.6,89.54,16.0,8.06,30.54,81.4
2026-11-15 13:00:00,-18.85,24.0,17.77,0.7985,77,75.19,75.67,47.63,100.0,160205.44,79.85,23.38,10.16,30.12,80.2
2026-11-15 14:00:00,-19.82,24.0,19.14,0.9005,77,74.7,72.07,40.81,100.0,160197.41,90.05,15.92,8.04,28.88,61.8
2026-11-15 15:00:00,-18.47,24.0,17.69,1.0,77,74.32,68.3,43.52,100.0,160193.91,100.0,0.0,3.5,26.94,67.0
2026-11-15 16:00:00,-19.05,24.0,16.3,1.0,77,74.49,61.25,44.46,100.0,160190.41,100.0,0.0,3.5,24.45,69.8
2026-11-15 17:00:00,-19.73,24.0,15.08,0.9279,77,73.6,60.96,43.35,100.0,160186.91,92.79,0.0,3.5,21.62,70.3
2026-11-15 18:00:00,-19.16,24.0,14.84,1.0,77,75.93,46.1,38.48,100.0,160183.41,100.0,0.0,3.5,18.65,70.0
2026-11-15 19:00:00,-19.54,24.0,14.49,0.9216,77,71.38,36.79,33.65,100.0,160179.91,92.16,0.0,3.5,15.72,79.6
2026-11-15 20:00:00,-19.77,24.0,11.08,1.0,77,73.23,34.23,34.46,72.48,160176.26,72.48,0.52,3.65,13.03,67.8
2026-11-15 21:00:00,-19.68,24.0,9.33,0.9497,77,77.08,20.84,30.42,34.79,160162.94,33.04,34.46,13.32,10.75,79.3
2026-11-15 22:00:00,-19.24,24.0,8.24,0.9074,77,73.36,23.18,25.76,19.78,160144.38,17.95,52.83,18.56,9.0,75.4
2026-11-15 23:00:00,-19.65,24.0,6.65,1.0,77,76.62,18.98,22.81,6.68,160122.04,6.68,66.11,22.34,7.91,70.0
2026-11-16 00:00:00,-18.47,24.0,9.07,1.0,80,78.69,23.72,22.43,30.63,160104.47,30.63,49.35,17.56,7.78,67.9
2026-11-16 01:00:00,-19.89,24.0,10.15,1.0,80,71.24,22.09,23.26,50.15,160095.3,50.15,19.92,9.18,8.15,66.8
2026-11-16 02:00:00,-19.48,24.0,10.19,0.9445,80,75.84,20.79,26.13,51.05,160085.45,48.22,22.28,9.85,9.24,80.1
2026-11-16 03:00:00,-19.98,24.0,9.21,0.8984,80,80.03,26.41,31.03,32.81,160068.85,29.47,45.94,16.59,10.98,73.6
2026-11-16 04:00:00,-19.06,24.0,9.83,0.8501,80,75.09,34.86,37.04,43.67,160055.15,37.12,35.79,13.7,13.26,72.2
2026-11-16 05:00:00,-18.83,24.0,11.03,0.9521,80,74.2,39.93,41.7,71.06,160050.3,67.66,4.76,4.86,15.95,59.9
2026-11-16 06:00:00,-19.03,24.0,10.7,1.0,80,73.61,48.48,49.53,62.71,160043.99,62.71,9.85,6.31,18.87,68.3
2026-11-16 07:00:00,-18.36,24.0,11.3,1.0,80,71.72,60.73,54.84,78.49,160040.49,78.49,0.0,3.5,21.85,69.4
2026-11-16 08:00:00,-17.53,24.0,11.55,0.9427,80,67.63,67.02,60.37,85.68,160036.99,80.77,0.0,3.5,24.68,72.9
2026-11-16 09:00:00,-16.84,24.0,10.99,0.8892,80,70.06,69.55,67.71,69.88,160030.7,62.13,9.77,6.28,27.16,71.7
2026-11-16 10:00:00,-17.17,24.0,9.68,0.8429,80,71.75,75.03,75.65,40.97,160016.77,34.54,36.59,13.93,29.11,70.2
2026-11-16 11:00:00,-17.18,24.0,10.38,0.7909,80,71.96,76.22,76.94,55.06,160005.38,43.55,27.69,11.39,30.35,73.7
2026-11-16 12:00:00,-16.93,24.0,8.87,0.7446,80,73.28,81.11,79.37,27.68,159986.38,20.61,54.41,19.01,30.78,76.8
2026-11-16 13:00:00,-16.75,24.0,9.96,0.8466,80,72.88,72.07,78.42,46.3,159975.09,39.2,27.33,11.29,30.35,69.5
2026-11-16 14:00:00,-16.16,24.0,10.88,0.9486,80,70.53,76.43,72.3,67.24,159968.49,63.78,10.87,6.6,29.11,67.9
2026-11-16 15:00:00,-17.31,24.0,11.65,1.0,80,72.55,72.42,65.35,88.71,159964.99,88.71,0.0,3.5,27.16,69.2
2026-11-16 16:00:00,-17.1,24.0,10.71,1.0,80,71.37,63.57,63.12,62.8,159958.92,62.8,9.02,6.07,24.68,67.4
2026-11-16 17:00:00,-17.33,24.0,9.05,0.9565,80,70.2,55.22,58.66,30.32,159944.65,29.0,37.77,14.27,21.85,70.7
2026-11-16 18:00:00,-17.96,24.0,7.45,0.9152,80,74.9,53.05,51.34,12.09,159922.47,11.06,65.55,22.18,18.87,81.5
2026-11-16 19:00:00,-18.58,24.0,8.77,1.0,80,73.44,40.64,43.97,26.33,159906.49,26.33,43.77,15.98,15.95,69.4
2026-11-16 20:00:00,-18.9,24.0,10.6,1.0,80,74.88,37.86,35.93,60.14,159898.24,60.14,16.66,8.25,13.26,65.3
2026-11-16 21:00:00,-21.29,24.0,10.61,1.0,80,83.69,23.88,30.08,60.48,159889.9,60.48,17.01,8.35,10.98,66.8
2026-11-16 22:00:00,-21.89,24.0,8.78,1.0,80,80.94,23.19,26.38,26.44,159871.77,26.44,51.3,18.12,9.24,76.4
2026-11-16 23:00:00,-22.58,24.0,11.11,1.0,80,79.55,20.96,22.13,73.27,159866.82,73.27,5.11,4.96,8.15,66.7
2026-11-17 00:00:00,-21.96,24.0,14.13,1.0,80,75.69,21.29,18.28,100.0,159863.32,100.0,0.0,3.5,8.0,64.5
2026-11-17 01:00:00,-22.52,24.0,12.35,1.0,80,82.35,23.86,21.23,100.0,159859.82,100.0,0.0,3.5,8.37,59.5
2026-11-17 02:00:00,-22.65,24.0,11.64,1.0,80,73.68,21.36,24.77,88.53,159856.32,88.53,0.0,3.5,9.46,66.3
2026-11-17 03:00:00,-21.65,24.0,11.93,1.0,80,77.64,26.57,28.57,97.8,159852.82,97.8,0.0,3.5,11.2,61.5
2026-11-17 04:00:00,-20.93,24.0,11.94,1.0,80,73.31,31.43,33.97,97.95,159849.32,97.95,0.0,3.5,13.48,70.4
2026-11-17 05:00:00,-20.21,24.0,13.94,1.0,80,75.25,43.25,35.75,100.0,159845.82,100.0,0.0,3.5,16.17,67.7
2026-11-17 06:00:00,-20.27,24.0,11.02,1.0,80,75.33,55.51,49.23,70.86,159839.26,70.86,10.74,6.56,19.1,59.3
2026-11-17 07:00:00,-19.66,24.0,10.65,0.9431,80,75.8,61.99,57.28,61.3,159829.29,57.81,22.69,9.97,22.07,78.6
2026-11-17 08:00:00,-19.48,24.0,10.82,0.8835,80,74.74,63.04,63.26,65.52,159821.05,57.89,16.63,8.24,24.9,81.1
2026-11-17 09:00:00,-19.26,24.0,12.09,0.8244,80,76.94,69.54,64.23,100.0,159817.55,82.44,0.0,3.5,27.39,71.8
2026-11-17 10:00:00,-18.68,24.0,12.87,0.7556,80,75.36,74.63,65.22,100.0,159811.42,75.56,9.22,6.13,29.33,78.7
2026-11-17 11:00:00,-18.73,24.0,14.9,0.6825,80,75.87,71.06,59.6,100.0,159802.49,68.25,19.08,8.94,30.57,72.1
2026-11-17 12:00:00,-17.54,24.0,13.16,0.7845,80,69.08,77.84,67.23,100.0,159798.63,78.45,1.24,3.85,31.0,62.1
2026-11-17 13:00:00,-17.42,24.0,13.33,0.7205,80,71.71,78.61,65.78,100.0,159791.57,72.05,12.49,7.06,30.57,70.7
2026-11-17 14:00:00,-16.89,24.0,11.75,0.8225,80,72.56,74.73,69.48,91.98,159787.45,75.65,2.16,4.12,29.33,69.2
2026-11-17 15:00:00,-15.93,24.0,10.61,0.9245,80,69.88,70.68,69.55,60.42,159779.64,55.86,15.14,7.82,27.39,65.6
2026-11-17 16:00:00,-15.31,24.0,9.21,0.8784,80,67.44,63.96,65.96,32.78,159765.7,28.8,36.64,13.94,24.9,73.5
2026-11-17 17:00:00,-16.24,24.0,10.42,0.9804,80,68.51,57.06,57.94,56.15,159758.61,55.05,12.59,7.09,22.07,69.1
2026-11-17 18:00:00,-16.11,24.0,13.46,0.9128,80,74.04,48.32,42.91,100.0,159755.11,91.28,0.0,3.5,19.1,73.9
2026-11-17 19:00:00,-15.78,24.0,11.25,0.854,80,70.5,38.31,41.74,77.12,159751.26,65.86,1.21,3.84,16.17,76.8
2026-11-17 20:00:00,-15.47,24.0,8.78,0.8052,80,64.35,36.49,37.62,26.44,159735.81,21.29,41.93,15.45,13.48,81.9
2026-11-17 21:00:00,-16.4,24.0,10.1,0.7554,80,67.68,31.83,31.46,49.14,159723.5,37.11,30.92,12.31,11.2,72.5
2026-11-17 22:00:00,-17.05,24.0,10.14,0.8574,80,66.82,21.77,26.8,49.85,159714.57,42.74,19.04,8.93,9.46,66.6
2026-11-17 23:00:00,-16.67,24.0,12.48,0.9594,80,67.78,19.78,21.07,100.0,159711.07,95.94,0.0,3.5,8.37,69.8
2026-11-18 00:00:00,-16.92,24.0,10.54,0.909,80,68.64,20.45,23.01,58.8,159703.97,53.45,12.63,7.1,8.22,70.2
2026-11-18 01:00:00,-17.24,24.0,8.36,0.8615,80,74.41,20.06,24.65,21.12,159685.76,18.2,51.62,18.21,8.59,83.6
2026-11-18 02:00:00,-16.37,24.0,8.43,0.8202,80,71.54,22.35,27.58,21.92,159668.48,17.98,48.34,17.28,9.68,72.2
2026-11-18 03:00:00,-16.42,24.0,6.93,0.7847,80,68.58,28.05,32.2,8.34,159648.49,6.54,57.88,20.0,11.42,75.2
2026-11-18 04:00:00,-16.81,24.0,6.61,0.7497,80,69.31,37.47,38.18,6.45,159626.82,4.84,63.76,21.67,13.7,77.8
2026-11-18 05:00:00,-17.21,24.0,5.84,0.7184,80,70.35,36.82,45.08,3.13,159606.26,2.25,59.83,20.55,16.39,79.0
2026-11-18 06:00:00,-16.82,24.0,5.69,0.69,80,69.1,52.74,52.43,2.67,159583.51,1.84,67.57,22.76,19.31,73.4
2026-11-18 07:00:00,-17.38,24.0,5.08,0.6657,80,71.32,58.25,59.72,1.24,159560.33,0.83,69.02,23.17,22.29,70.2
2026-11-18 08:00:00,-17.24,24.0,8.77,0.7677,80,69.89,59.62,66.47,26.3,159544.62,20.19,42.85,15.71,25.12,69.6
2026-11-18 09:00:00,-16.73,24.0,7.98,0.8697,80,70.4,67.19,72.23,16.94,159526.69,14.74,50.62,17.93,27.61,66.0
2026-11-18 10:00:00,-15.64,24.0,7.99,0.8275,80,66.35,76.3,76.64,17.02,159508.4,14.09,51.92,18.3,29.55,77.7
2026-11-18 11:00:00,-14.96,24.0,10.15,0.7671,80,68.04,74.61,78.82,50.13,159497.66,38.45,25.38,10.73,30.8,87.5
2026-11-18 12:00:00,-15.16,24.0,10.4,0.7102,80,68.98,76.84,78.74,55.6,159486.3,39.49,27.59,11.36,31.22,80.4
2026-11-18 13:00:00,-14.26,24.0,10.34,0.6579,80,64.83,76.8,78.06,54.27,159474.86,35.71,27.86,11.44,30.8,74.4
2026-11-18 14:00:00,-14.32,24.0,10.66,0.7599,80,65.64,78.33,74.12,61.64,159464.8,46.84,23.01,10.06,29.55,67.8
2026-11-18 15:00:00,-15.02,24.0,11.53,0.7043,80,67.87,67.14,66.71,85.1,159458.92,59.93,8.36,5.88,27.61,71.0
2026-11-18 16:00:00,-15.14,24.0,12.5,0.64,80,70.37,67.93,58.17,100.0,159450.82,64.0,16.13,8.1,25.12,75.7
2026-11-18 17:00:00,-14.35,24.0,11.94,0.5811,80,69.74,62.08,53.94,97.85,159441.33,56.87,21.02,9.49,22.29,72.5
2026-11-18 18:00:00,-14.4,24.0,12.89,0.5166,80,67.1,46.97,44.85,100.0,159432.83,51.66,17.56,8.5,19.31,73.6
2026-11-18 19:00:00,-14.6,24.0,11.81,0.4556,80,68.26,43.93,40.99,93.93,159421.23,42.8,28.4,11.59,16.39,76.0
2026-11-18 20:00:00,-13.86,24.0,10.15,0.4034,80,66.16,32.29,37.89,50.2,159406.25,20.25,40.31,14.99,13.7,75.7
2026-11-18 21:00:00,-15.0,24.0,11.53,0.3364,80,70.93,25.17,29.73,85.25,159392.0,28.68,37.69,14.24,11.42,85.4
2026-11-18 22:00:00,-16.04,24.0,10.87,0.2741,80,73.52,22.78,26.38,66.77,159373.79,18.3,51.62,18.21,9.68,84.4
2026-11-18 23:00:00,-17.25,24.0,12.28,0.2152,80,73.52,23.67,21.84,100.0,159354.95,21.52,53.83,18.84,8.59,70.5
2026-11-19 00:00:00,-16.8,24.0,9.39,0.1656,80,72.0,20.63,24.23,35.87,159333.65,5.94,62.46,21.3,8.44,77.6
2026-11-19 01:00:00,-16.83,24.0,8.84,0.2676,80,72.07,25.89,25.23,27.32,159311.51,7.31,65.41,22.14,8.81,65.4
2026-11-19 02:00:00,-15.98,24.0,11.35,0.2077,80,70.06,22.62,26.25,79.75,159293.8,16.56,49.86,17.71,9.89,77.7
2026-11-19 03:00:00,-15.85,24.0,9.72,0.1578,80,67.9,21.3,32.77,41.61,159276.08,6.56,49.86,17.71,11.63,75.5
2026-11-19 04:00:00,-16.05,24.0,11.88,0.2598,80,68.71,33.8,35.09,96.01,159260.48,24.94,42.48,15.61,13.91,68.5
2026-11-19 05:00:00,-15.93,24.0,13.62,0.1868,80,70.25,37.9,37.36,100.0,159242.13,18.68,52.11,18.35,16.6,78.8
2026-11-19 06:00:00,-15.68,24.0,14.03,0.2888,80,68.18,49.27,42.29,100.0,159225.44,28.88,46.29,16.69,19.52,68.1
2026-11-19 07:00:00,-16.46,24.0,12.73,0.2265,80,67.53,59.52,52.01,100.0,159207.01,22.65,52.39,18.43,22.5,72.0
2026-11-19 08:00:00,-14.54,24.0,12.12,0.1648,80,67.09,64.03,59.87,100.0,159187.9,16.48,54.76,19.11,25.33,74.8
2026-11-19 09:00:00,-13.95,24.0,12.85,0.2668,80,63.08,65.82,62.35,100.0,159173.04,26.68,39.87,14.86,27.82,66.1
2026-11-19 10:00:00,-13.55,24.0,12.79,0.201,80,70.19,71.77,66.36,100.0,159153.72,20.1,55.5,19.32,29.77,75.6
2026-11-19 11:00:00,-12.93,24.0,12.1,0.15,80,63.8,81.08,71.51,100.0,159133.58,15.0,58.36,20.13,31.01,70.8
2026-11-19 12:00:00,-12.29,24.0,14.5,0.15,80,63.99,78.57,62.65,100.0,159111.58,15.0,64.91,22.0,31.44,73.7
2026-11-19 13:00:00,-12.23,24.0,13.54,0.15,80,66.57,79.76,65.74,100.0,159089.39,15.0,65.59,22.19,31.01,75.3
2026-11-19 14:00:00,-12.52,24.0,15.3,0.252,80,69.82,79.78,56.7,100.0,159066.6,25.2,67.7,22.79,29.77,67.1
2026-11-19 15:00:00,-12.13,24.0,11.67,0.1938,80,63.37,77.16,66.64,89.47,159046.98,17.34,56.55,19.62,27.82,73.4
2026-11-19 16:00:00,-11.94,24.0,9.51,0.15,80,61.76,66.64,66.96,37.88,159027.59,5.68,55.75,19.39,25.33,75.2
2026-11-19 17:00:00,-12.55,24.0,9.11,0.15,80,65.88,57.56,60.22,31.26,159007.41,4.69,58.53,20.18,22.5,73.8
2026-11-19 18:00:00,-11.87,24.0,8.59,0.15,80,63.31,48.18,52.95,23.99,158988.25,3.6,54.94,19.16,19.52,71.3
2026-11-19 19:00:00,-11.93,24.0,9.78,0.252,80,63.19,42.04,45.62,42.84,158970.84,10.8,48.82,17.41,16.6,69.3
2026-11-19 20:00:00,-11.77,24.0,8.26,0.2121,80,63.66,35.4,38.73,19.93,158951.35,4.23,56.11,19.49,13.91,71.1
2026-11-19 21:00:00,-11.23,24.0,11.54,0.3141,80,63.37,29.52,30.24,85.44,158937.64,26.83,35.81,13.71,11.63,66.9
2026-11-19 22:00:00,-11.53,24.0,10.09,0.2646,80,67.32,20.88,28.02,48.89,158920.68,12.94,47.24,16.96,9.89,72.1
2026-11-19 23:00:00,-11.63,24.0,9.44,0.2117,80,60.09,20.14,25.23,36.7,158903.72,7.77,47.23,16.96,8.81,82.4
2026-11-20 00:00:00,-11.0,24.0,8.45,0.3137,80,66.31,22.3,24.79,22.21,158884.02,6.97,56.85,19.7,8.65,69.0
2026-11-20 01:00:00,-11.66,24.0,8.8,0.2653,80,62.59,23.3,25.79,26.79,158865.41,7.11,52.99,18.6,9.02,80.8
2026-11-20 02:00:00,-11.78,24.0,7.04,0.3673,80,65.22,28.92,28.71,9.06,158844.21,3.33,62.11,21.2,10.1,69.5
2026-11-20 03:00:00,-11.78,24.0,6.25,0.3339,80,63.59,20.48,33.31,4.72,158826.69,1.57,49.18,17.52,11.84,78.7
2026-11-20 04:00:00,-12.36,24.0,7.92,0.286,80,64.21,32.34,39.26,16.38,158808.2,4.68,52.61,18.49,14.12,88.9
2026-11-20 05:00:00,-10.89,24.0,7.03,0.2478,80,62.31,44.42,46.14,9.01,158788.07,2.23,58.37,20.13,16.8,79.8
2026-11-20 06:00:00,-11.63,24.0,6.59,0.2141,80,61.28,47.2,53.45,6.33,158769.27,1.36,53.68,18.8,19.73,75.3
2026-11-20 07:00:00,-12.24,24.0,8.41,0.1712,80,67.5,58.49,60.72,21.7,158748.22,3.71,61.56,21.05,22.7,75.0
2026-11-20 08:00:00,-11.22,24.0,6.96,0.15,80,63.63,68.88,67.44,8.53,158726.54,1.28,63.79,21.68,25.54,81.0
2026-11-20 09:00:00,-10.56,24.0,7.24,0.15,80,62.21,72.96,73.19,10.44,158705.82,1.57,60.41,20.72,28.03,79.0
2026-11-20 10:00:00,-10.95,24.0,5.64,0.15,80,61.3,76.83,77.59,2.54,158685.18,0.38,60.16,20.65,29.97,78.1
2026-11-20 11:00:00,-10.37,24.0,5.99,0.15,80,58.03,76.57,80.34,3.66,158666.37,0.55,53.71,18.81,31.22,74.9
2026-11-20 12:00:00,-9.31,24.0,7.52,0.15,80,60.92,78.36,81.28,12.68,158646.88,1.9,56.1,19.49,31.65,79.7
2026-11-20 13:00:00,-9.21,24.0,6.31,0.252,80,60.9,77.68,80.34,4.98,158627.14,1.25,56.99,19.74,31.22,69.1
2026-11-20 14:00:00,-7.59,24.0,8.86,0.206,80,58.07,73.19,77.59,27.59,158609.96,5.68,47.99,17.18,29.97,76.3
2026-11-20 15:00:00,-8.67,24.0,10.88,0.15,80,58.64,73.47,69.98,67.07,158591.62,10.06,52.07,18.34,28.03,87.4
2026-11-20 16:00:00,-8.35,24.0,8.79,0.15,80,57.45,62.08,67.44,26.56,158574.41,3.98,48.1,17.21,25.54,83.1
2026-11-20 17:00:00,-7.81,24.0,12.58,0.15,80,59.83,56.56,52.9,100.0,158557.09,15.0,48.49,17.32,22.7,78.5
2026-11-20 18:00:00,-7.51,24.0,10.77,0.15,80,57.68,52.72,51.4,64.3,158539.53,9.64,49.36,17.57,19.73,73.9
2026-11-20 19:00:00,-7.94,24.0,8.6,0.15,80,57.92,35.96,46.14,24.06,158523.45,3.61,44.14,16.08,16.8,89.1
2026-11-20 20:00:00,-8.44,24.0,6.37,0.15,80,54.86,34.59,39.26,5.23,158505.87,0.79,49.41,17.58,14.12,75.6
2026-11-20 21:00:00,-8.52,24.0,6.71,0.15,80,54.17,30.86,33.31,7.03,158487.92,1.05,50.67,17.94,11.84,73.8
2026-11-20 22:00:00,-8.38,24.0,7.75,0.15,80,63.1,21.78,28.71,14.74,158469.05,2.21,53.96,18.88,10.1,79.6
2026-11-20 23:00:00,-8.35,24.0,7.45,0.15,80,59.76,24.53,25.79,12.05,158449.39,1.81,56.69,19.66,9.02,76.0
2026-11-21 00:00:00,-7.63,24.0,9.28,0.252,80,59.67,23.54,25.34,34.03,158431.84,8.58,49.3,17.55,8.85,69.2
2026-11-21 01:00:00,-8.5,24.0,9.95,0.2037,80,54.62,25.4,26.34,46.12,158415.71,9.39,44.3,16.12,9.22,71.4
2026-11-21 02:00:00,-8.83,24.0,9.08,0.1559,80,60.87,24.26,29.24,30.8,158397.65,4.8,51.09,18.06,10.31,77.4
2026-11-21 03:00:00,-9.52,24.0,9.89,0.15,80,59.13,31.14,33.84,44.83,158379.99,6.73,49.7,17.66,12.04,72.2
2026-11-21 04:00:00,-9.79,24.0,11.98,0.252,80,60.41,35.43,35.83,99.48,158366.53,25.07,34.94,13.46,14.32,69.9
2026-11-21 05:00:00,-9.13,24.0,9.51,0.2062,80,60.35,44.62,46.64,37.93,158348.64,7.82,50.51,17.89,17.0,70.8
2026-11-21 06:00:00,-8.98,24.0,8.61,0.1609,80,59.31,52.77,53.94,24.24,158329.68,3.9,54.24,18.96,19.92,77.3
2026-11-21 07:00:00,-7.26,24.0,8.51,0.15,80,56.64,62.77,61.19,22.89,158310.56,3.43,54.78,19.11,22.9,78.9
2026-11-21 08:00:00,-6.99,24.0,8.55,0.15,80,53.89,63.1,67.91,23.45,158294.08,3.52,45.56,16.49,25.74,84.0
2026-11-21 09:00:00,-6.78,24.0,8.74,0.15,80,56.85,67.25,73.65,25.91,158277.31,3.89,46.57,16.77,28.23,73.9
2026-11-21 10:00:00,-6.54,24.0,8.04,0.15,80,53.18,77.91,78.04,17.54,158259.44,2.63,50.42,17.87,30.18,79.2
2026-11-21 11:00:00,-6.77,24.0,8.85,0.15,80,53.68,77.67,80.79,27.47,158242.7,4.12,46.44,16.73,31.42,76.6
2026-11-21 12:00:00,-6.68,24.0,9.34,0.15,80,55.57,83.62,81.73,34.96,158224.32,5.24,52.23,18.39,31.85,82.8
2026-11-21 13:00:00,-5.91,24.0,9.43,0.15,80,51.39,70.6,80.79,36.5,158210.63,5.47,35.73,13.68,31.42,80.6
2026-11-21 14:00:00,-5.84,24.0,7.8,0.15,80,56.63,74.57,78.04,15.12,158192.63,2.27,50.9,18.01,30.18,82.3
2026-11-21 15:00:00,-6.38,24.0,7.97,0.15,80,57.48,70.91,73.65,16.83,158174.24,2.52,52.22,18.38,28.23,86.4
2026-11-21 16:00:00,-7.06,24.0,7.68,0.15,80,55.0,68.69,67.91,14.07,158155.45,2.11,53.67,18.8,25.74,80.7
2026-11-21 17:00:00,-7.51,24.0,7.94,0.15,80,56.09,64.55,61.19,16.5,158135.71,2.48,56.98,19.74,22.9,84.8
2026-11-21 18:00:00,-7.71,24.0,10.35,0.15,80,57.02,50.37,52.99,54.53,158119.04,8.18,46.22,16.67,19.92,72.7
2026-11-21 19:00:00,-7.28,24.0,9.81,0.15,80,51.95,43.29,46.64,43.3,158103.54,6.49,42.11,15.5,17.0,72.2
2026-11-21 20:00:00,-8.42,24.0,7.38,0.15,80,54.81,28.95,39.78,11.5,158087.99,1.73,42.26,15.54,14.32,85.3
2026-11-21 21:00:00,-8.95,24.0,7.54,0.15,80,60.46,28.56,33.84,12.83,158069.31,1.93,53.26,18.68,12.04,79.7
2026-11-21 22:00:00,-9.2,24.0,9.25,0.15,80,60.12,25.11,29.24,33.48,158051.29,5.02,50.96,18.02,10.31,81.1
2026-11-21 23:00:00,-10.63,24.0,10.24,0.15,80,60.68,21.73,26.02,52.05,158033.95,7.81,48.58,17.34,9.22,82.9
2026-11-22 00:00:00,-11.0,24.0,9.84,0.15,80,61.09,24.21,25.87,43.94,158015.39,6.59,52.84,18.56,9.05,73.0
2026-11-22 01:00:00,-11.62,24.0,8.65,0.15,80,64.57,24.33,26.87,24.68,157995.26,3.7,58.33,20.13,9.42,73.2
2026-11-22 02:00:00,-12.24,24.0,8.54,0.15,80,59.83,29.21,29.77,23.27,157975.86,3.49,55.78,19.4,10.5,79.9
2026-11-22 03:00:00,-12.18,24.0,8.81,0.15,80,68.02,25.56,34.35,26.84,157956.63,4.03,55.2,19.23,12.24,74.1
2026-11-22 04:00:00,-12.27,24.0,14.94,0.15,80,66.04,31.79,30.34,100.0,157938.17,15.0,52.49,18.46,14.51,73.0
2026-11-22 05:00:00,-12.52,24.0,13.68,0.252,80,63.53,39.61,38.45,100.0,157923.41,25.2,39.5,14.76,17.19,69.3
2026-11-22 06:00:00,-12.12,24.0,13.0,0.181,80,64.62,49.18,46.26,100.0,157905.82,18.1,49.44,17.59,20.12,80.4
2026-11-22 07:00:00,-10.88,24.0,11.74,0.15,80,64.9,54.06,56.31,91.44,157888.38,13.72,48.94,17.45,23.09,74.1
2026-11-22 08:00:00,-9.67,24.0,10.37,0.15,80,57.69,65.21,67.11,54.81,157871.32,8.22,47.57,17.06,25.93,82.1
2026-11-22 09:00:00,-10.62,24.0,11.22,0.15,80,64.28,71.08,69.57,76.23,157852.33,11.43,54.36,18.99,28.42,79.5
2026-11-22 10:00:00,-10.03,24.0,10.48,0.15,80,60.51,79.28,76.59,57.39,157833.27,8.61,54.6,19.06,30.37,84.4
2026-11-22 11:00:00,-9.92,24.0,14.14,0.252,80,61.88,76.81,64.41,100.0,157815.78,25.2,49.08,17.49,31.62,69.1
2026-11-22 12:00:00,-9.65,24.0,12.43,0.354,80,61.88,81.8,72.16,100.0,157801.98,35.4,36.12,13.79,32.05,63.4
2026-11-22 13:00:00,-9.76,24.0,9.69,0.297,80,60.49,79.67,81.22,41.15,157785.17,12.22,46.72,16.81,31.62,86.5
2026-11-22 14:00:00,-9.61,24.0,10.1,0.2401,80,62.31,75.2,78.09,49.04,157768.09,11.78,47.64,17.08,30.37,82.8
2026-11-22 15:00:00,-9.52,24.0,7.89,0.2011,80,58.82,70.54,74.09,16.0,157749.76,3.22,52.06,18.34,28.42,72.7
2026-11-22 16:00:00,-9.94,24.0,7.25,0.1649,80,60.36,67.61,68.36,10.53,157729.76,1.74,57.87,19.99,25.93,73.4
2026-11-22 17:00:00,-10.61,24.0,7.16,0.15,80,59.76,60.77,61.66,9.87,157709.91,1.48,57.39,19.86,23.09,77.3
2026-11-22 18:00:00,-11.07,24.0,8.54,0.15,80,60.64,48.9,54.42,23.35,157691.7,3.5,51.62,18.21,20.12,75.7
2026-11-22 19:00:00,-11.16,24.0,8.56,0.15,80,62.72,43.93,47.13,23.62,157672.24,3.54,55.98,19.45,17.19,73.3
2026-11-22 20:00:00,-11.07,24.0,6.64,0.15,80,64.03,34.18,40.28,6.64,157652.52,1.0,56.93,19.73,14.51,72.5
2026-11-22 21:00:00,-10.85,24.0,7.65,0.15,80,58.99,29.47,34.35,13.83,157634.18,2.07,52.04,18.33,12.24,74.5
2026-11-22 22:00:00,-11.45,24.0,7.64,0.15,80,63.61,29.29,29.77,13.74,157613.28,2.06,61.07,20.91,10.5,78.9
2026-11-22 23:00:00,-11.56,24.0,10.14,0.15,80,65.5,22.5,26.67,50.0,157594.44,7.5,53.82,18.84,9.42,76.4
2026-11-23 00:00:00,-10.84,24.0,9.73,0.15,80,64.7,17.5,26.39,41.72,157576.82,6.26,49.55,17.62,9.24,74.4
2026-11-23 01:00:00,-10.33,24.0,10.23,0.15,80,60.76,23.56,27.06,51.94,157559.22,7.79,49.47,17.6,9.61,73.9
2026-11-23 02:00:00,-10.52,24.0,8.81,0.15,80,58.99,21.28,30.27,26.91,157542.62,4.04,45.96,16.6,10.69,87.8
2026-11-23 03:00:00,-10.73,24.0,9.83,0.15,80,63.11,28.76,34.85,43.65,157524.74,6.55,50.48,17.89,12.42,74.1
2026-11-23 04:00:00,-10.62,24.0,10.36,0.15,80,62.44,31.56,40.03,54.73,157508.19,8.21,45.77,16.54,14.7,79.6
2026-11-23 05:00:00,-11.26,24.0,11.9,0.15,80,62.44,41.97,43.08,96.61,157491.34,14.49,46.84,16.85,17.38,88.9
2026-11-23 06:00:00,-11.24,24.0,9.07,0.15,80,61.79,55.51,54.88,30.7,157471.37,4.61,57.82,19.98,20.3,80.0
2026-11-23 07:00:00,-10.6,24.0,8.78,0.15,80,62.17,64.47,62.1,26.48,157450.6,3.97,60.57,20.76,23.28,79.4
2026-11-23 08:00:00,-10.0,24.0,9.43,0.15,80,61.42,67.08,68.8,36.47,157431.65,5.47,54.23,18.96,26.12,83.7
2026-11-23 09:00:00,-9.93,24.0,7.7,0.15,80,59.49,68.27,74.52,14.25,157413.58,2.14,51.1,18.06,28.61,84.5
2026-11-23 10:00:00,-9.56,24.0,7.67,0.15,80,59.34,77.41,78.89,14.01,157394.19,2.1,55.75,19.39,30.56,77.7
2026-11-23 11:00:00,-9.85,24.0,10.43,0.15,80,57.2,75.79,79.89,56.2,157377.96,8.43,44.67,16.23,31.81,71.0
2026-11-23 12:00:00,-9.24,24.0,9.71,0.15,80,59.99,73.53,82.57,41.42,157361.71,6.21,44.74,16.25,32.24,77.3
2026-11-23 13:00:00,-9.15,24.0,12.93,0.15,80,60.1,83.04,69.68,100.0,157341.55,15.0,58.46,20.16,31.81,81.0
2026-11-23 14:00:00,-9.25,24.0,9.98,0.15,80,56.63,74.75,78.89,46.61,157325.08,6.99,45.5,16.47,30.56,76.3
2026-11-23 15:00:00,-9.47,24.0,10.46,0.15,80,59.44,72.62,72.82,56.84,157307.13,8.53,50.72,17.95,28.61,76.7
2026-11-23 16:00:00,-9.57,24.0,10.24,0.15,80,58.68,65.02,67.97,52.06,157289.97,7.81,47.92,17.16,26.12,85.9
2026-11-23 17:00:00,-9.97,24.0,9.8,0.15,80,62.97,60.58,62.1,43.09,157270.8,6.46,54.98,19.17,23.28,81.4
2026-11-23 18:00:00,-9.77,24.0,12.49,0.15,80,57.35,48.14,48.04,100.0,157255.2,15.0,42.45,15.6,20.3,80.6
2026-11-23 19:00:00,-10.25,24.0,10.06,0.15,80,63.35,41.96,47.47,48.18,157237.28,7.23,50.62,17.93,17.38,72.1
2026-11-23 20:00:00,-9.57,24.0,11.6,0.15,80,62.63,37.33,37.5,87.31,157219.71,13.1,49.37,17.57,14.7,76.6
2026-11-23 21:00:00,-8.99,24.0,11.5,0.15,80,53.6,27.44,32.24,84.17,157205.9,12.62,36.17,13.81,12.42,80.2
2026-11-23 22:00:00,-9.86,24.0,9.86,0.15,80,61.69,21.97,30.27,44.3,157189.08,6.65,46.74,16.82,10.69,80.9
2026-11-23 23:00:00,-10.11,24.0,11.52,0.15,80,61.79,26.48,25.3,84.73,157171.25,12.71,50.26,17.82,9.61,85.4
2026-11-24 00:00:00,-10.38,24.0,10.46,0.15,80,57.74,22.5,26.26,57.04,157154.81,8.56,45.43,16.45,9.42,80.6
2026-11-24 01:00:00,-10.78,24.0,11.3,0.15,80,61.01,22.7,26.06,78.42,157138.23,11.76,45.89,16.58,9.79,74.2
2026-11-24 02:00:00,-9.71,24.0,10.17,0.15,80,59.1,21.24,30.5,50.59,157122.69,7.59,42.25,15.54,10.88,87.1
2026-11-24 03:00:00,-9.98,24.0,11.33,0.15,80,58.39,32.75,32.98,79.19,157106.0,11.88,46.28,16.69,12.61,76.1
2026-11-24 04:00:00,-9.78,24.0,11.08,0.15,80,58.76,37.91,39.02,72.24,157089.16,10.84,46.81,16.84,14.88,82.2
2026-11-24 05:00:00,-9.4,24.0,9.09,0.15,80,61.44,41.67,48.06,31.06,157071.29,4.66,50.39,17.86,17.56,75.1
2026-11-24 06:00:00,-9.89,24.0,9.53,0.15,80,60.51,48.14,55.32,38.25,157054.23,5.74,47.59,17.06,20.48,73.7
2026-11-24 07:00:00,-10.23,24.0,8.2,0.15,80,59.55,61.14,62.54,19.32,157034.98,2.9,55.26,19.25,23.46,70.6
2026-11-24 08:00:00,-10.74,24.0,8.04,0.15,80,59.12,67.21,69.22,17.54,157015.95,2.63,54.48,19.03,26.3,70.5
2026-11-24 09:00:00,-11.03,24.0,7.05,0.15,80,63.94,69.74,74.93,9.11,156996.1,1.37,57.38,19.85,28.79,74.4
2026-11-24 10:00:00,-12.49,24.0,5.5,0.15,80,68.09,74.51,79.3,2.14,156974.65,0.32,62.98,21.45,30.74,82.2
2026-11-24 11:00:00,-11.9,24.0,5.4,0.15,80,62.97,78.96,82.04,1.9,156954.16,0.29,59.6,20.49,31.99,77.4
2026-11-24 12:00:00,-10.44,24.0,6.47,0.252,80,60.98,78.69,82.97,5.72,156934.92,1.44,55.25,19.25,32.42,68.3
2026-11-24 13:00:00,-10.2,24.0,7.04,0.213,80,66.42,78.29,82.04,9.03,156914.1,1.92,60.75,20.81,31.99,81.5
2026-11-24 14:00:00,-10.96,24.0,7.51,0.1738,80,63.84,75.57,79.3,12.61,156894.1,2.19,57.91,20.01,30.74,76.8
2026-11-24 15:00:00,-11.32,24.0,6.97,0.15,80,64.96,73.16,74.93,8.61,156872.96,1.29,61.9,21.14,28.79,84.1
2026-11-24 16:00:00,-11.62,24.0,8.17,0.15,80,61.75,64.33,69.22,18.91,156854.06,2.84,54.03,18.9,26.3,73.8
2026-11-24 17:00:00,-12.33,24.0,9.1,0.15,80,62.26,59.59,62.54,31.13,156834.99,4.67,54.64,19.07,23.46,71.2
2026-11-24 18:00:00,-11.96,24.0,8.49,0.15,80,66.38,48.58,55.32,22.76,156815.46,3.41,56.22,19.52,20.48,84.7
2026-11-24 19:00:00,-11.68,24.0,10.36,0.15,80,64.12,40.49,47.2,54.65,156797.94,8.2,49.21,17.52,17.56,81.3
2026-11-24 20:00:00,-12.63,24.0,10.41,0.252,80,65.0,40.43,40.38,55.88,156779.91,14.08,50.96,18.02,14.88,67.0
2026-11-24 21:00:00,-12.45,24.0,10.74,0.1954,80,65.22,23.83,34.01,63.71,156764.28,12.45,42.59,15.64,12.61,77.5
2026-11-24 22:00:00,-11.8,24.0,9.39,0.2974,80,67.08,26.63,30.76,35.77,156745.87,10.64,52.32,18.41,10.88,67.6
2026-11-24 23:00:00,-10.91,24.0,6.79,0.2597,80,60.3,32.0,27.87,7.45,156724.55,1.93,62.49,21.31,9.79,81.6
2026-11-25 00:00:00,-9.05,24.0,9.01,0.2152,80,59.37,29.01,27.36,29.83,156705.5,6.42,54.59,19.06,9.6,72.6
2026-11-25 01:00:00,-9.81,24.0,10.31,0.1652,80,58.7,25.67,27.91,53.66,156688.43,8.86,47.6,17.07,9.97,71.4
2026-11-25 02:00:00,-8.25,24.0,8.47,0.15,80,58.4,30.49,31.23,22.44,156669.46,3.37,54.29,18.97,11.05,85.7
2026-11-25 03:00:00,-8.57,24.0,8.1,0.15,80,60.04,29.44,35.79,18.19,156651.43,2.73,50.96,18.02,12.78,80.6
2026-11-25 04:00:00,-8.95,24.0,8.87,0.15,80,59.57,33.96,41.69,27.74,156634.34,4.16,47.68,17.09,15.06,82.0
2026-11-25 05:00:00,-8.71,24.0,9.38,0.15,80,62.31,42.62,48.5,35.67,156616.29,5.35,51.08,18.06,17.74,76.1
2026-11-25 06:00:00,-8.95,24.0,10.83,0.15,80,57.74,53.57,53.43,65.87,156599.11,9.88,48.0,17.18,20.66,77.9
2026-11-25 07:00:00,-8.54,24.0,8.92,0.15,80,59.45,65.46,62.95,28.41,156579.16,4.26,57.69,19.94,23.64,86.4
2026-11-25 08:00:00,-9.14,24.0,8.61,0.15,80,61.98,69.19,69.63,24.21,156559.16,3.63,57.91,20.01,26.47,79.7
2026-11-25 09:00:00,-9.06,24.0,7.13,0.15,80,58.21,70.7,75.33,9.63,156540.8,1.44,52.14,18.36,28.97,89.9
2026-11-25 10:00:00,-8.05,24.0,7.19,0.15,80,56.45,72.87,79.69,10.11,156523.59,1.52,48.11,17.21,30.92,78.0
2026-11-25 11:00:00,-7.88,24.0,5.52,0.15,80,56.88,71.36,82.43,2.2,156507.12,0.33,45.49,16.46,32.17,83.9
2026-11-25 12:00:00,-7.63,24.0,8.39,0.15,80,53.64,77.59,83.36,21.42,156490.89,3.21,44.66,16.23,32.6,84.8
2026-11-25 13:00:00,-7.22,24.0,8.57,0.15,80,58.7,74.08,82.43,23.65,156474.06,3.55,46.8,16.84,32.17,80.6
2026-11-25 14:00:00,-6.47,24.0,10.17,0.15,80,55.38,77.57,79.0,50.61,156457.35,7.59,46.35,16.71,30.92,87.0
2026-11-25 15:00:00,-7.49,24.0,8.03,0.15,80,52.9,70.21,75.33,17.44,156440.97,2.62,45.17,16.37,28.97,76.7
2026-11-25 16:00:00,-7.22,24.0,7.27,0.15,80,55.26,68.92,69.63,10.66,156422.38,1.6,52.95,18.59,26.47,83.9
2026-11-25 17:00:00,-7.54,24.0,6.84,0.15,80,59.58,66.75,62.95,7.77,156401.15,1.17,62.21,21.23,23.64,74.1
2026-11-25 18:00:00,-7.66,24.0,6.98,0.15,80,56.15,50.48,55.75,8.64,156383.52,1.3,49.58,17.63,20.66,72.9
2026-11-25 19:00:00,-7.28,24.0,8.74,0.15,80,59.74,43.05,48.5,25.99,156365.66,3.9,50.39,17.86,17.74,79.7
2026-11-25 20:00:00,-8.32,24.0,8.34,0.15,80,57.29,35.93,41.69,20.86,156348.36,3.13,48.41,17.3,15.06,78.1
2026-11-25 21:00:00,-9.25,24.0,7.4,0.15,80,56.15,27.39,35.79,11.7,156331.76,1.75,45.99,16.61,12.78,72.5
2026-11-25 22:00:00,-10.72,24.0,6.08,0.15,80,56.96,25.11,31.23,4.01,156313.94,0.6,50.23,17.82,11.05,80.8
2026-11-25 23:00:00,-11.33,24.0,5.22,0.15,80,67.18,22.93,28.35,1.51,156292.91,0.23,61.53,21.04,9.97,84.3
2026-11-26 00:00:00,-10.38,24.0,7.26,0.15,80,59.29,27.91,27.83,10.61,156272.94,1.59,57.78,19.97,9.77,75.6
2026-11-26 01:00:00,-10.65,24.0,7.48,0.15,80,60.21,23.46,28.81,12.31,156254.33,1.85,53.01,18.61,10.14,82.2
2026-11-26 02:00:00,-11.59,24.0,8.71,0.15,80,62.71,21.14,31.69,25.5,156237.05,3.83,48.33,17.28,11.22,73.1
2026-11-26 03:00:00,-11.93,24.0,9.39,0.15,80,64.04,24.87,36.24,35.81,156220.07,5.37,47.3,16.98,12.95,75.1
2026-11-26 04:00:00,-12.8,24.0,7.87,0.15,80,62.65,32.44,42.12,15.81,156202.15,2.37,50.6,17.92,15.23,75.2
2026-11-26 05:00:00,-13.37,24.0,6.81,0.15,80,68.53,41.34,48.92,7.59,156181.61,1.14,59.81,20.54,17.91,79.1
2026-11-26 06:00:00,-12.95,24.0,8.37,0.15,80,65.74,53.62,56.16,21.25,156161.0,3.19,60.02,20.6,20.83,74.9
2026-11-26 07:00:00,-13.43,24.0,9.32,0.252,80,68.51,61.79,63.35,34.68,156140.92,8.74,58.2,20.09,23.81,64.9
2026-11-26 08:00:00,-12.48,24.0,8.72,0.2036,80,59.97,68.69,70.02,25.71,156122.19,5.23,53.41,18.72,26.64,81.6
2026-11-26 09:00:00,-12.23,24.0,7.1,0.1667,80,65.04,71.02,75.71,9.45,156101.94,1.57,58.77,20.25,29.14,76.4
2026-11-26 10:00:00,-11.9,24.0,5.42,0.2687,80,64.33,77.77,80.07,1.93,156080.91,0.52,61.51,21.03,31.09,64.6
2026-11-26 11:00:00,-11.8,24.0,5.62,0.2369,80,63.23,76.45,82.8,2.47,156061.37,0.59,56.29,19.54,32.34,83.3
2026-11-26 12:00:00,-11.1,24.0,4.32,0.2122,80,61.05,72.49,83.73,0.31,156043.69,0.07,49.75,17.68,32.77,84.0
2026-11-26 13:00:00,-10.45,24.0,4.63,0.1896,80,57.93,80.03,82.8,0.59,156024.5,0.11,55.05,19.19,32.34,71.8
2026-11-26 14:00:00,-10.15,24.0,5.51,0.1633,80,57.72,72.73,80.07,2.17,156006.75,0.35,50.02,17.76,31.09,70.3
2026-11-26 15:00:00,-9.77,24.0,5.03,0.15,80,63.0,70.32,75.71,1.15,155986.88,0.17,57.44,19.87,29.14,83.4
2026-11-26 16:00:00,-9.94,24.0,4.6,0.15,80,61.24,64.91,70.02,0.57,155967.4,0.08,56.05,19.47,26.64,83.3
2026-11-26 17:00:00,-9.73,24.0,7.71,0.15,80,59.64,60.92,63.35,14.35,155948.22,2.15,55.05,19.19,23.81,80.1
2026-11-26 18:00:00,-10.11,24.0,8.3,0.15,80,60.1,51.47,56.16,20.39,155929.8,3.06,52.35,18.42,20.83,75.2
2026-11-26 19:00:00,-10.33,24.0,10.77,0.15,80,63.26,41.99,47.05,64.23,155912.45,9.63,48.57,17.34,17.91,73.3
2026-11-26 20:00:00,-10.76,24.0,9.64,0.15,80,63.83,39.76,42.12,40.21,155893.15,6.03,55.44,19.3,15.23,79.9
2026-11-26 21:00:00,-11.31,24.0,10.04,0.15,80,60.73,28.08,36.17,47.82,155876.69,7.17,45.48,16.46,12.95,73.3
2026-11-26 22:00:00,-12.0,24.0,8.62,0.15,80,60.43,24.17,31.69,24.29,155859.15,3.64,49.27,17.54,11.22,72.8
2026-11-26 23:00:00,-11.96,24.0,9.07,0.15,80,64.36,26.53,28.81,30.64,155839.27,4.6,57.48,19.88,10.14,79.9
2026-11-27 00:00:00,-11.02,24.0,7.61,0.15,80,64.8,27.46,28.27,13.43,155818.11,2.01,61.97,21.16,9.94,81.6
2026-11-27 01:00:00,-10.49,24.0,5.58,0.15,80,62.78,26.89,29.25,2.36,155797.49,0.35,60.07,20.62,10.31,84.6
2026-11-27 02:00:00,-11.38,24.0,8.79,0.252,80,66.28,23.21,32.12,26.59,155779.55,6.7,50.67,17.94,11.39,67.4
2026-11-27 03:00:00,-10.64,24.0,8.95,0.2066,80,61.12,29.58,36.67,28.94,155762.36,5.98,48.05,17.19,13.12,74.5
2026-11-27 04:00:00,-10.82,24.0,11.14,0.15,80,62.4,35.34,40.12,73.94,155745.6,11.09,46.52,16.76,15.39,75.2
2026-11-27 05:00:00,-10.37,24.0,9.87,0.15,80,60.95,42.22,49.33,44.44,155728.65,6.67,47.17,16.94,18.07,77.1
2026-11-27 06:00:00,-10.77,24.0,8.94,0.15,80,63.37,48.31,56.56,28.75,155710.67,4.31,50.81,17.98,20.99,70.6
2026-11-27 07:00:00,-10.48,24.0,8.53,0.15,80,59.68,60.13,63.74,23.15,155692.18,3.47,52.59,18.49,23.97,80.0
2026-11-27 08:00:00,-10.06,24.0,9.36,0.15,80,61.01,69.26,70.39,35.37,155673.13,5.31,54.58,19.05,26.81,86.9
2026-11-27 09:00:00,-10.7,24.0,9.41,0.15,80,65.21,75.86,76.08,36.05,155652.65,5.41,59.58,20.48,29.3,71.0
2026-11-27 10:00:00,-10.06,24.0,11.44,0.15,80,58.99,78.24,74.63,82.55,155634.84,12.38,50.23,17.81,31.26,78.4
2026-11-27 11:00:00,-9.01,24.0,8.67,0.15,80,54.53,75.84,83.16,25.02,155618.95,3.75,43.46,15.89,32.51,84.5
2026-11-27 12:00:00,-8.92,24.0,9.48,0.15,80,59.97,75.2,84.09,37.3,155602.48,5.59,45.49,16.47,32.94,77.1
2026-11-27 13:00:00,-7.95,24.0,8.67,0.15,80,62.25,72.7,83.16,25.01,155585.29,3.75,48.04,17.19,32.51,75.4
2026-11-27 14:00:00,-7.99,24.0,7.54,0.15,80,55.89,77.95,80.43,12.85,155567.12,1.93,51.48,18.17,31.26,79.9
2026-11-27 15:00:00,-7.47,24.0,7.9,0.15,80,59.39,73.44,76.08,16.19,155548.14,2.43,54.31,18.98,29.3,83.1
2026-11-27 16:00:00,-8.88,24.0,8.15,0.15,80,58.8,64.34,70.39,18.69,155530.41,2.8,49.94,17.73,26.81,72.0
2026-11-27 17:00:00,-7.54,24.0,6.98,0.15,80,54.53,57.19,63.74,8.67,155513.61,1.3,46.68,16.8,23.97,84.5
2026-11-27 18:00:00,-6.84,24.0,6.42,0.15,80,57.12,54.92,56.56,5.5,155494.53,0.83,54.65,19.08,20.99,78.8
2026-11-27 19:00:00,-7.28,24.0,6.75,0.15,80,53.16,45.72,49.33,7.26,155477.22,1.09,48.46,17.31,18.07,76.2
2026-11-27 20:00:00,-8.77,24.0,6.99,0.15,80,61.95,38.96,42.54,8.73,155457.46,1.31,57.06,19.76,15.39,70.8
2026-11-27 21:00:00,-8.9,24.0,6.85,0.15,80,59.04,30.16,36.67,7.83,155439.32,1.17,51.36,18.14,13.12,75.1
2026-11-27 22:00:00,-10.08,24.0,6.11,0.15,80,56.86,26.94,32.12,4.13,155421.27,0.62,51.06,18.05,11.39,74.4
2026-11-27 23:00:00,-10.08,24.0,4.57,0.15,80,64.7,18.04,29.25,0.53,155402.55,0.08,53.41,18.72,10.31,71.5
2026-11-28 00:00:00,-9.71,24.0,8.74,0.15,80,61.93,22.95,28.7,26.01,155384.14,3.9,52.28,18.4,10.1,80.1
2026-11-28 01:00:00,-10.47,24.0,11.21,0.15,80,61.92,30.41,27.88,75.96,155365.52,11.39,53.05,18.62,10.47,77.9
2026-11-28 02:00:00,-9.91,24.0,10.43,0.15,80,62.32,23.41,31.84,56.33,155349.07,8.45,45.44,16.45,11.55,82.5
2026-11-28 03:00:00,-9.49,24.0,14.15,0.15,80,54.3,29.24,29.38,100.0,155334.41,15.0,39.16,14.66,13.28,81.5
2026-11-28 04:00:00,-8.89,24.0,13.24,0.15,80,57.41,39.87,35.98,100.0,155317.72,15.0,46.3,16.7,15.55,75.1
2026-11-28 05:00:00,-8.82,24.0,10.28,0.15,80,64.2,45.53,49.03,52.88,155299.18,7.93,52.77,18.54,18.23,76.8
2026-11-28 06:00:00,-9.55,24.0,8.42,0.15,80,60.09,48.33,56.94,21.82,155281.94,3.27,48.21,17.24,21.15,74.1
2026-11-28 07:00:00,-8.77,24.0,10.63,0.15,80,57.19,56.06,62.08,61.0,155266.47,9.15,42.01,15.47,24.12,70.4
2026-11-28 08:00:00,-8.72,24.0,10.55,0.15,80,58.88,70.83,68.8,59.13,155248.13,8.87,52.05,18.33,26.96,80.4
2026-11-28 09:00:00,-9.32,24.0,11.55,0.15,80,57.03,73.19,70.52,85.64,155231.28,12.85,46.85,16.85,29.46,78.8
2026-11-28 10:00:00,-8.25,24.0,12.69,0.15,80,61.26,75.85,69.92,100.0,155212.91,15.0,52.19,18.37,31.42,75.8
2026-11-28 11:00:00,-6.76,24.0,11.36,0.15,80,54.49,78.69,77.8,80.28,155197.06,12.04,43.34,15.85,32.67,84.0
2026-11-28 12:00:00,-6.62,24.0,8.8,0.15,80,51.78,76.89,84.43,26.82,155182.1,4.02,40.22,14.96,33.1,78.3
2026-11-28 13:00:00,-5.19,24.0,7.67,0.15,80,53.42,74.51,83.5,13.97,155166.53,2.1,42.34,15.57,32.67,87.3
2026-11-28 14:00:00,-5.1,24.0,6.28,0.15,80,55.1,76.1,80.78,4.85,155148.86,0.73,49.7,17.66,31.42,80.4
2026-11-28 15:00:00,-5.36,24.0,5.87,0.15,80,54.84,69.17,76.44,3.25,155131.95,0.49,47.08,16.92,29.46,74.5
2026-11-28 16:00:00,-5.84,24.0,6.37,0.15,80,50.98,64.23,70.76,5.24,155116.0,0.79,43.66,15.94,26.96,88.2
2026-11-28 17:00:00,-5.01,24.0,5.63,0.15,80,50.68,58.48,64.11,2.49,155099.77,0.37,44.68,16.23,24.12,83.1
2026-11-28 18:00:00,-5.72,24.0,5.31,0.15,80,49.19,53.58,56.94,1.7,155083.28,0.25,45.57,16.49,21.15,76.0
2026-11-28 19:00:00,-5.56,24.0,6.09,0.15,80,55.19,40.8,49.72,4.05,155066.77,0.61,45.66,16.51,18.23,78.8
2026-11-28 20:00:00,-6.22,24.0,6.28,0.15,80,55.67,32.82,42.94,4.86,155050.49,0.73,44.82,16.27,15.55,76.2
2026-11-28 21:00:00,-6.83,24.0,6.86,0.15,80,56.83,25.74,37.08,7.87,155034.36,1.18,44.31,16.13,13.28,84.8
2026-11-28 22:00:00,-6.53,24.0,7.14,0.252,80,54.17,24.66,32.54,9.7,155018.37,2.45,43.84,15.99,11.55,69.7
2026-11-28 23:00:00,-7.08,24.0,8.11,0.2073,80,51.79,27.37,29.68,18.34,155001.85,3.8,45.68,16.52,10.47,81.1
2026-11-29 00:00:00,-7.25,24.0,10.67,0.1558,80,54.48,23.75,28.13,61.9,154986.82,9.64,40.45,15.03,10.25,71.0
2026-11-29 01:00:00,-6.79,24.0,8.65,0.15,80,57.96,24.45,30.09,24.75,154969.46,3.71,48.62,17.36,10.62,70.5
2026-11-29 02:00:00,-6.0,24.0,7.17,0.15,80,55.11,25.79,32.95,9.91,154952.72,1.49,46.47,16.74,11.7,82.6
2026-11-29 03:00:00,-5.72,24.0,9.19,0.15,80,50.06,27.71,37.47,32.58,154939.13,4.89,35.41,13.59,13.43,74.7
2026-11-29 04:00:00,-6.16,24.0,9.07,0.15,80,53.95,32.57,43.33,30.68,154924.63,4.6,38.6,14.5,15.7,83.9
2026-11-29 05:00:00,-6.44,24.0,10.04,0.15,80,56.23,41.72,50.0,47.87,154909.5,7.18,40.78,15.12,18.38,85.0
2026-11-29 06:00:00,-6.3,24.0,8.66,0.15,80,54.54,49.63,57.31,24.85,154893.71,3.73,43.14,15.79,21.3,78.0
2026-11-29 07:00:00,-5.96,24.0,10.1,0.15,80,51.12,59.42,64.15,49.09,154879.09,7.36,39.03,14.62,24.27,83.0
2026-11-29 08:00:00,-6.37,24.0,11.92,0.15,80,53.81,64.64,64.27,97.38,154864.31,14.61,39.57,14.78,27.11,87.6
2026-11-29 09:00:00,-5.73,24.0,11.5,0.15,80,52.27,71.65,71.04,84.1,154849.33,12.62,40.27,14.98,29.61,75.9
2026-11-29 10:00:00,-5.47,24.0,9.23,0.15,80,53.56,74.45,81.11,33.18,154833.89,4.98,41.92,15.45,31.57,85.2
2026-11-29 11:00:00,-6.32,24.0,11.01,0.15,80,55.42,75.31,79.61,70.4,154818.83,10.56,40.56,15.06,32.82,76.4
2026-11-29 12:00:00,-6.72,24.0,11.56,0.15,80,53.97,82.37,78.14,86.1,154802.42,12.92,45.28,16.41,33.25,80.0
2026-11-29 13:00:00,-6.9,24.0,11.74,0.15,80,57.11,78.62,76.53,91.66,154785.97,13.75,45.46,16.46,32.82,76.7
2026-11-29 14:00:00,-6.87,24.0,8.98,0.15,80,59.25,74.16,81.11,29.41,154768.82,4.41,47.89,17.15,31.57,76.9
2026-11-29 15:00:00,-5.73,24.0,10.15,0.15,80,60.74,69.35,76.18,50.23,154752.1,7.54,46.37,16.72,29.61,78.9
2026-11-29 16:00:00,-5.68,24.0,8.42,0.15,80,51.75,68.74,71.1,21.88,154735.46,3.28,46.11,16.64,27.11,77.7
2026-11-29 17:00:00,-6.34,24.0,7.53,0.15,80,55.0,57.09,64.47,12.75,154718.94,1.91,45.7,16.52,24.27,79.6
2026-11-29 18:00:00,-6.42,24.0,8.14,0.15,80,50.96,55.54,57.31,18.59,154702.21,2.79,46.41,16.73,21.3,86.0
2026-11-29 19:00:00,-6.9,24.0,7.48,0.15,80,54.64,38.72,50.1,12.35,154686.91,1.85,41.41,15.3,18.38,72.9
2026-11-29 20:00:00,-7.0,24.0,8.43,0.15,80,58.66,43.61,43.33,21.95,154667.55,3.29,55.64,19.36,15.7,81.9
2026-11-29 21:00:00,-6.96,24.0,8.89,0.15,80,50.8,27.43,37.47,28.09,154653.64,4.21,36.55,13.92,13.43,74.4
2026-11-29 22:00:00,-6.55,24.0,7.38,0.15,80,54.24,21.33,32.95,11.56,154638.48,1.73,40.89,15.15,11.7,75.0
2026-11-29 23:00:00,-6.88,24.0,8.34,0.15,80,55.59,22.44,30.09,20.85,154622.21,3.13,44.81,16.27,10.62,70.6
2026-11-30 00:00:00,-5.82,24.0,10.66,0.15,80,50.58,23.35,28.52,61.72,154608.41,9.26,36.15,13.8,10.4,86.0
2026-11-30 01:00:00,-5.51,24.0,8.89,0.15,80,54.37,22.86,30.48,27.98,154592.78,4.2,42.56,15.63,10.77,79.7
2026-11-30 02:00:00,-6.12,24.0,9.18,0.15,80,55.05,26.4,33.33,32.37,154576.95,4.86,43.26,15.83,11.85,75.9
2026-11-30 03:00:00,-4.89,24.0,8.5,0.15,80,51.24,29.66,37.85,22.78,154562.16,3.42,39.63,14.79,13.57,82.0
2026-11-30 04:00:00,-4.75,24.0,8.41,0.15,80,53.79,44.93,43.7,21.73,154543.9,3.26,51.77,18.25,15.84,79.7
2026-11-30 05:00:00,-5.24,24.0,7.76,0.15,80,51.3,43.38,50.46,14.76,154528.43,2.21,42.01,15.47,18.52,86.6
2026-11-30 06:00:00,-4.16,24.0,7.52,0.15,80,52.45,47.46,57.66,12.68,154513.43,1.9,40.36,15.0,21.44,76.8
2026-11-30 07:00:00,-2.79,24.0,5.9,0.15,80,49.33,59.27,64.81,3.36,154497.59,0.5,43.29,15.84,24.42,82.2
2026-11-30 08:00:00,-2.67,24.0,10.05,0.15,80,49.65,66.41,71.27,47.99,154483.37,7.2,37.6,14.22,27.26,87.3
2026-11-30 09:00:00,-2.81,24.0,10.11,0.15,80,48.82,69.44,76.66,49.4,154470.13,7.41,34.19,13.25,29.76,77.6
2026-11-30 10:00:00,-2.75,24.0,9.71,0.15,80,46.3,76.71,81.43,41.41,154456.55,6.21,35.37,13.58,31.72,80.6
2026-11-30 11:00:00,-2.17,24.0,9.02,0.15,80,45.29,79.49,84.15,29.89,154442.75,4.48,36.15,13.8,32.97,77.0
2026-11-30 12:00:00,-1.29,24.0,9.06,0.15,80,45.3,76.09,85.07,30.55,154430.2,4.58,31.74,12.55,33.4,79.7
2026-11-30 13:00:00,-0.9,24.0,8.54,0.252,80,45.19,76.12,84.15,23.36,154417.79,5.89,31.28,12.41,32.97,76.6
2026-11-30 14:00:00,-0.85,24.0,8.1,0.354,80,46.92,69.07,81.43,18.23,154406.28,6.45,28.1,11.51,31.72,79.1
2026-11-30 15:00:00,-0.03,24.0,8.14,0.456,80,44.98,68.36,77.1,18.68,154394.88,8.52,27.72,11.4,29.76,78.4
2026-11-30 16:00:00,-0.39,24.0,7.53,0.558,80,44.59,65.2,71.43,12.73,154382.47,7.1,31.26,12.41,27.26,81.4
2026-11-30 17:00:00,0.0,24.0,6.72,0.66,80,40.6,60.22,64.81,7.09,154370.04,4.68,31.33,12.43,24.42,89.9
2026-11-30 18:00:00,-0.47,24.0,7.49,0.762,80,44.2,51.03,57.66,12.38,154358.52,9.44,28.14,11.52,21.44,86.0
2026-11-30 19:00:00,-0.56,24.0,9.35,0.864,80,43.32,40.6,50.46,35.17,154354.15,30.39,3.07,4.38,18.52,91.1
2026-11-30 20:00:00,-1.02,24.0,7.92,0.8197,80,50.41,38.73,43.7,16.29,154341.5,13.36,32.09,12.64,15.84,82.3
2026-11-30 21:00:00,-1.45,24.0,6.22,0.7861,80,47.41,31.83,37.85,4.57,154327.23,3.59,37.79,14.27,13.57,79.4
2026-11-30 22:00:00,-2.08,24.0,6.05,0.7521,80,51.66,28.65,33.33,3.88,154311.18,2.92,44.06,16.06,11.85,82.8
2026-11-30 23:00:00,-1.64,24.0,10.08,0.6967,80,47.71,29.2,30.35,48.69,154304.07,33.92,12.64,7.1,10.77,80.7
2026-12-01 00:00:00,-2.09,24.0,11.11,0.6321,80,52.34,21.44,28.21,73.29,154300.57,46.33,0.0,3.5,10.54,85.5
2026-12-01 01:00:00,-2.82,24.0,10.77,0.5769,80,50.07,25.94,29.67,64.26,154294.43,37.08,9.27,6.14,10.91,75.4
2026-12-01 02:00:00,-1.76,24.0,12.46,0.5063,80,48.51,28.17,29.55,100.0,154290.93,50.63,0.0,3.5,11.99,83.3
2026-12-01 03:00:00,-1.34,24.0,11.19,0.4367,80,51.36,35.72,35.93,75.47,154282.25,32.96,18.19,8.68,13.71,91.5
2026-12-01 04:00:00,-2.88,24.0,13.9,0.3628,80,47.91,40.0,35.47,100.0,154274.14,36.28,16.15,8.1,15.98,78.2
2026-12-01 05:00:00,-3.24,24.0,11.71,0.2988,80,48.55,42.45,46.46,90.53,154265.66,27.05,17.49,8.48,18.66,80.4
2026-12-01 06:00:00,-4.27,24.0,9.94,0.2493,80,51.9,46.77,57.99,45.89,154253.83,11.44,29.23,11.83,21.58,73.2
2026-12-01 07:00:00,-4.72,24.0,10.09,0.1896,80,58.73,56.26,64.83,48.93,154238.68,9.28,40.88,15.15,24.55,87.0
2026-12-01 08:00:00,-6.44,24.0,9.27,0.15,80,54.16,68.02,71.75,33.85,154222.25,5.08,45.35,16.42,27.4,79.7
2026-12-01 09:00:00,-6.3,24.0,9.57,0.15,80,55.45,71.16,77.41,38.86,154206.39,5.83,43.37,15.86,29.89,77.7
2026-12-01 10:00:00,-6.77,24.0,8.65,0.15,80,57.48,72.69,81.74,24.69,154190.14,3.7,44.74,16.25,31.85,80.2
2026-12-01 11:00:00,-6.52,24.0,9.09,0.15,80,58.62,71.22,84.45,30.94,154175.03,4.64,40.75,15.11,33.11,79.8
2026-12-01 12:00:00,-7.32,24.0,8.2,0.15,80,58.32,80.66,85.37,19.29,154157.07,2.89,50.71,17.95,33.54,76.0
2026-12-01 13:00:00,-7.13,24.0,6.56,0.15,80,59.32,73.72,84.45,6.19,154139.99,0.93,47.67,17.08,33.11,72.6
2026-12-01 14:00:00,-7.3,24.0,9.26,0.15,80,57.99,79.04,81.74,33.71,154122.17,5.06,50.23,17.82,31.85,80.3
2026-12-01 15:00:00,-6.37,24.0,10.92,0.15,80,55.12,67.97,73.83,68.26,154107.55,10.24,39.02,14.62,29.89,80.3
2026-12-01 16:00:00,-5.59,24.0,13.3,0.15,80,51.29,64.67,59.93,100.0,154092.36,15.0,41.03,15.19,27.4,78.9
2026-12-01 17:00:00,-5.26,24.0,12.82,0.15,80,52.02,57.89,55.95,100.0,154077.76,15.0,38.96,14.6,24.55,79.5
2026-12-01 18:00:00,-5.68,24.0,12.33,0.15,80,53.0,53.44,51.23,100.0,154062.8,15.0,40.2,14.96,21.58,86.1
2026-12-01 19:00:00,-4.74,24.0,11.5,0.15,80,52.99,41.21,46.99,84.2,154049.45,12.63,34.57,13.35,18.66,82.9
2026-12-01 20:00:00,-6.0,24.0,9.33,0.15,80,55.46,34.87,44.05,34.77,154034.24,5.22,41.06,15.2,15.98,73.9
2026-12-01 21:00:00,-7.17,24.0,8.05,0.15,80,60.32,27.85,38.21,17.65,154017.26,2.65,47.31,16.98,13.71,86.1
2026-12-01 22:00:00,-7.52,24.0,7.51,0.15,80,52.1,22.8,33.7,12.55,154002.56,1.88,39.31,14.7,11.99,82.8
2026-12-01 23:00:00,-6.45,24.0,9.73,0.15,80,54.89,24.7,30.85,41.79,153986.95,6.27,42.47,15.6,10.91,83.2
2026-12-02 00:00:00,-6.51,24.0,8.27,0.15,80,59.29,25.28,30.23,20.06,153968.82,3.01,51.33,18.13,10.67,76.2
2026-12-02 01:00:00,-6.84,24.0,10.6,0.15,80,52.57,26.86,30.26,60.25,153953.89,9.04,40.13,14.94,11.04,84.1
2026-12-02 02:00:00,-7.86,24.0,10.13,0.15,80,55.64,27.36,33.82,49.81,153938.5,7.47,41.7,15.38,12.12,80.0
2026-12-02 03:00:00,-7.36,24.0,10.56,0.15,80,57.44,31.15,37.48,59.18,153922.97,8.88,42.23,15.54,13.85,73.7
2026-12-02 04:00:00,-6.8,24.0,8.58,0.15,80,57.45,30.29,44.39,23.85,153908.13,3.58,39.77,14.83,16.11,81.3
2026-12-02 05:00:00,-6.27,24.0,7.81,0.15,80,51.67,43.25,51.13,15.3,153892.81,2.3,41.49,15.33,18.79,85.1
2026-12-02 06:00:00,-6.54,24.0,10.8,0.15,80,58.54,48.95,55.97,65.11,153877.41,9.77,41.74,15.4,21.71,82.9
2026-12-02 07:00:00,-6.8,24.0,9.39,0.15,80,56.81,60.02,65.44,35.78,153860.8,5.37,46.01,16.61,24.69,70.9
2026-12-02 08:00:00,-7.37,24.0,8.49,0.15,80,53.35,66.42,72.05,22.68,153844.66,3.4,44.32,16.13,27.53,81.5
2026-12-02 09:00:00,-7.08,24.0,7.48,0.15,80,58.51,71.59,77.7,12.35,153826.76,1.85,50.55,17.91,30.03,77.9
2026-12-02 10:00:00,-7.49,24.0,6.47,0.252,80,58.86,69.97,82.03,5.75,153810.33,1.45,45.36,16.43,31.99,70.0
2026-12-02 11:00:00,-7.97,24.0,6.18,0.2174,80,57.35,84.36,84.74,4.4,153790.87,0.96,56.02,19.47,33.24,82.3
2026-12-02 12:00:00,-8.02,24.0,7.42,0.1759,80,56.42,84.91,85.66,11.85,153772.09,2.08,53.58,18.77,33.67,82.4
2026-12-02 13:00:00,-8.16,24.0,7.63,0.15,80,55.07,75.31,84.74,13.59,153756.16,2.04,43.61,15.93,33.24,78.7
2026-12-02 14:00:00,-8.38,24.0,8.12,0.15,80,57.09,71.44,82.03,18.42,153740.2,2.76,43.74,15.97,31.99,73.6
2026-12-02 15:00:00,-8.06,24.0,6.9,0.15,80,59.76,79.5,77.7,8.13,153719.5,1.22,60.33,20.69,30.03,85.9
2026-12-02 16:00:00,-8.05,24.0,8.68,0.15,80,53.7,69.32,72.05,25.17,153702.56,3.78,47.19,16.95,27.53,81.7
2026-12-02 17:00:00,-8.33,24.0,9.86,0.15,80,56.08,62.23,65.44,44.21,153685.88,6.63,46.23,16.68,24.69,81.8
2026-12-02 18:00:00,-8.39,24.0,7.5,0.15,80,58.64,47.96,58.31,12.5,153669.15,1.87,46.41,16.73,21.71,83.3
2026-12-02 19:00:00,-9.2,24.0,7.44,0.15,80,60.83,48.15,51.13,12.0,153649.68,1.8,56.05,19.47,18.79,84.2
2026-12-02 20:00:00,-9.39,24.0,6.13,0.15,80,61.02,33.0,44.39,4.21,153632.21,0.63,49.0,17.46,16.11,79.6
2026-12-02 21:00:00,-9.56,24.0,8.08,0.15,80,58.1,28.44,38.56,17.96,153615.8,2.69,45.29,16.41,13.85,72.1
2026-12-02 22:00:00,-10.73,24.0,9.19,0.15,80,61.41,29.66,34.05,32.51,153597.44,4.88,52.14,18.36,12.12,73.5
2026-12-02 23:00:00,-10.37,24.0,11.04,0.15,80,60.06,23.51,29.58,71.26,153581.6,10.69,43.3,15.84,11.04,74.6
2026-12-03 00:00:00,-10.78,24.0,9.45,0.15,80,62.29,25.28,30.57,36.82,153563.43,5.52,51.48,18.17,10.8,83.0
2026-12-03 01:00:00,-10.87,24.0,9.08,0.15,80,63.13,28.37,31.54,30.84,153544.16,4.63,55.33,19.27,11.17,77.9
2026-12-03 02:00:00,-10.26,24.0,7.85,0.15,80,60.52,21.99,34.38,15.67,153527.62,2.35,45.77,16.54,12.25,73.9
2026-12-03 03:00:00,-9.73,24.0,7.65,0.15,80,60.33,32.57,38.88,13.78,153509.31,2.07,51.96,18.31,13.97,76.7
2026-12-03 04:00:00,-9.68,24.0,8.02,0.15,80,60.0,40.51,44.71,17.39,153490.65,2.61,53.2,18.66,16.24,84.4
2026-12-03 05:00:00,-9.79,24.0,6.45,0.15,80,56.72,43.2,51.44,5.64,153473.57,0.85,47.64,17.08,18.91,80.7
2026-12-03 06:00:00,-9.05,24.0,7.92,0.15,80,61.88,55.42,58.61,16.36,153454.05,2.45,56.24,19.53,21.83,83.4
2026-12-03 07:00:00,-8.44,24.0,8.29,0.15,80,60.36,57.75,65.73,20.34,153436.49,3.05,49.32,17.56,24.81,73.1
2026-12-03 08:00:00,-8.57,24.0,9.84,0.15,80,54.33,61.39,72.34,43.88,153422.5,6.58,36.8,13.99,27.65,77.5
2026-12-03 09:00:00,-8.79,24.0,8.72,0.15,80,63.26,65.03,77.98,25.71,153405.77,3.86,46.45,16.74,30.15,75.2
2026-12-03 10:00:00,-9.77,24.0,10.72,0.15,80,61.05,76.32,79.34,63.09,153388.43,9.46,48.57,17.34,32.11,85.2
2026-12-03 11:00:00,-9.41,24.0,15.13,0.15,80,60.78,78.54,63.21,100.0,153367.51,15.0,61.11,20.92,33.37,77.3
2026-12-03 12:00:00,-9.22,24.0,15.46,0.15,80,58.19,76.25,62.47,100.0,153347.77,15.0,56.97,19.74,33.8,75.2
2026-12-03 13:00:00,-8.36,24.0,14.66,0.252,80,58.22,80.7,65.18,100.0,153330.44,25.2,48.54,17.33,33.37,68.7
2026-12-03 14:00:00,-8.03,24.0,14.29,0.1684,80,58.65,72.85,64.65,100.0,153312.69,16.84,50.0,17.75,32.11,86.0
2026-12-03 15:00:00,-7.18,24.0,12.95,0.15,80,60.14,67.25,66.48,100.0,153296.1,15.0,45.91,16.59,30.15,86.9
2026-12-03 16:00:00,-7.65,24.0,10.64,0.252,80,54.45,63.15,70.02,61.17,153283.43,15.42,32.17,12.67,27.65,69.0
2026-12-03 17:00:00,-7.07,24.0,10.75,0.193,80,58.43,64.31,63.27,63.84,153266.5,12.32,47.15,16.94,24.81,80.8
2026-12-03 18:00:00,-7.57,24.0,10.98,0.15,80,55.81,54.24,55.73,69.8,153250.5,10.47,43.86,16.0,21.83,84.1
2026-12-03 19:00:00,-7.33,24.0,13.84,0.15,80,59.48,42.9,41.57,100.0,153233.94,15.0,45.82,16.56,18.91,81.9
2026-12-03 20:00:00,-8.48,24.0,12.51,0.15,80,54.95,34.88,39.09,100.0,153220.25,15.0,35.74,13.69,16.24,76.5
2026-12-03 21:00:00,-8.61,24.0,10.63,0.15,80,58.18,27.39,37.66,60.94,153205.7,9.14,38.77,14.55,13.97,73.8
2026-12-03 22:00:00,-10.09,24.0,10.77,0.15,80,56.08,18.31,33.06,64.37,153193.17,9.66,31.67,12.53,12.25,83.3
2026-12-03 23:00:00,-10.49,24.0,13.44,0.15,80,59.8,20.04,26.11,100.0,153178.63,15.0,38.74,14.54,11.17,81.0
2026-12-04 00:00:00,-10.1,24.0,10.94,0.15,80,59.6,24.25,29.44,68.64,153162.56,10.3,44.11,16.07,10.92,80.6
2026-12-04 01:00:00,-10.57,24.0,9.7,0.15,80,62.34,26.7,31.86,41.23,153144.53,6.18,50.99,18.03,11.29,82.9
2026-12-04 02:00:00,-11.29,24.0,9.56,0.15,80,59.05,24.72,34.7,38.67,153128.7,5.8,43.27,15.83,12.37,87.5
2026-12-04 03:00:00,-10.79,24.0,8.13,0.15,80,65.37,24.52,39.19,18.57,153111.55,2.79,47.91,17.15,14.09,75.3
2026-12-04 04:00:00,-10.8,24.0,6.28,0.15,80,65.76,40.66,45.01,4.82,153090.75,0.72,60.69,20.8,16.36,75.3
2026-12-04 05:00:00,-10.97,24.0,6.41,0.15,80,62.34,39.38,51.73,5.42,153073.24,0.81,49.17,17.51,19.03,74.8
2026-12-04 06:00:00,-10.76,24.0,8.74,0.15,80,58.76,51.85,58.9,25.97,153056.1,3.9,47.83,17.13,21.95,72.3
2026-12-04 07:00:00,-8.92,24.0,6.89,0.15,80,55.71,60.64,66.01,8.1,153038.61,1.21,49.12,17.5,24.93,84.3
2026-12-04 08:00:00,-7.98,24.0,7.16,0.15,80,57.58,73.04,72.61,9.88,153019.0,1.48,56.52,19.61,27.77,85.7
2026-12-04 09:00:00,-7.02,24.0,8.66,0.15,80,54.13,68.14,78.25,24.81,153004.01,3.72,40.3,14.99,30.27,85.1
2026-12-04 10:00:00,-6.5,24.0,11.3,0.15,80,57.89,74.92,77.18,78.54,152988.01,11.78,43.85,16.0,32.23,88.5
2026-12-04 11:00:00,-6.18,24.0,14.07,0.15,80,53.83,77.72,67.91,100.0,152970.65,15.0,48.64,17.36,33.49,80.9
2026-12-04 12:00:00,-7.43,24.0,12.26,0.15,80,57.52,74.59,76.43,100.0,152955.56,15.0,40.67,15.09,33.92,81.3
2026-12-04 13:00:00,-7.68,24.0,13.83,0.15,80,56.78,78.09,68.92,100.0,152937.54,15.0,50.95,18.02,33.49,82.5
2026-12-04 14:00:00,-7.87,24.0,10.47,0.15,80,56.01,73.48,80.63,57.13,152922.56,8.57,40.29,14.98,32.23,77.0
2026-12-04 15:00:00,-8.96,24.0,10.94,0.15,80,57.22,70.04,74.58,68.58,152906.98,10.29,42.39,15.58,30.27,72.9
2026-12-04 16:00:00,-9.67,24.0,10.82,0.15,80,57.47,63.83,69.63,65.63,152891.56,9.84,41.82,15.42,27.77,78.5
2026-12-04 17:00:00,-10.94,24.0,9.34,0.15,80,61.13,63.69,66.01,35.02,152872.8,5.25,53.56,18.76,24.93,74.5
2026-12-04 18:00:00,-11.08,24.0,9.18,0.15,80,62.33,51.42,58.9,32.39,152855.05,4.86,50.0,17.75,21.95,87.5
2026-12-04 19:00:00,-10.76,24.0,7.69,0.252,80,62.18,41.09,51.73,14.15,152837.87,3.57,47.97,17.17,19.03,69.5
2026-12-04 20:00:00,-10.3,24.0,9.71,0.2012,80,61.04,29.28,45.01,41.38,152823.83,8.33,36.98,14.04,16.36,77.0
2026-12-04 21:00:00,-10.29,24.0,8.93,0.1534,80,60.52,34.82,39.19,28.58,152805.58,4.38,51.76,18.25,14.09,78.7
2026-12-04 22:00:00,-11.12,24.0,9.32,0.15,80,58.11,25.93,34.7,34.64,152789.5,5.2,44.15,16.08,12.37,72.5
2026-12-04 23:00:00,-12.51,24.0,7.92,0.15,80,66.94,28.79,31.86,16.32,152768.49,2.45,61.43,21.01,11.29,73.3
2026-12-05 00:00:00,-13.42,24.0,7.11,0.15,80,62.42,28.46,31.19,9.5,152748.39,1.43,58.27,20.11,11.04,75.2
2026-12-05 01:00:00,-14.28,24.0,11.47,0.252,80,68.25,26.14,29.8,83.32,152732.46,21.0,43.59,15.92,11.4,68.5
2026-12-05 02:00:00,-14.85,24.0,11.69,0.1917,80,70.73,28.52,32.05,89.92,152714.72,17.24,49.97,17.74,12.48,75.9
2026-12-05 03:00:00,-14.9,24.0,13.64,0.15,80,70.72,33.05,32.31,100.0,152695.13,15.0,56.47,19.59,14.2,81.7
2026-12-05 04:00:00,-15.39,24.0,11.52,0.15,80,70.61,32.75,41.85,84.83,152677.73,12.72,48.78,17.4,16.47,71.6
2026-12-05 05:00:00,-14.99,24.0,9.51,0.15,80,68.39,46.25,52.01,37.9,152657.99,5.69,56.95,19.73,19.14,77.6
2026-12-05 06:00:00,-14.87,24.0,9.29,0.15,80,66.07,52.74,59.17,34.09,152638.95,5.11,54.53,19.04,22.06,82.4
2026-12-05 07:00:00,-14.56,24.0,9.1,0.15,80,64.49,57.54,66.28,31.08,152620.89,4.66,51.1,18.06,25.04,79.1
2026-12-05 08:00:00,-13.53,24.0,7.83,0.15,80,66.05,68.58,72.87,15.41,152600.45,2.31,59.46,20.45,27.88,71.2
2026-12-05 09:00:00,-13.9,24.0,8.99,0.252,80,65.05,68.09,78.5,29.46,152583.49,7.42,47.21,16.96,30.38,66.9
2026-12-05 10:00:00,-13.29,24.0,8.43,0.2099,80,64.47,76.44,82.81,21.94,152564.74,4.61,53.5,18.75,32.35,73.5
2026-12-05 11:00:00,-12.96,24.0,7.39,0.1719,80,66.62,78.04,85.51,11.64,152544.96,2.0,57.14,19.79,33.6,75.6
2026-12-05 12:00:00,-12.87,24.0,7.19,0.2739,80,64.55,76.06,86.43,10.07,152526.8,2.76,51.42,18.15,34.04,65.0
2026-12-05 13:00:00,-12.09,24.0,7.84,0.2333,80,62.08,82.83,85.51,15.57,152507.41,3.63,55.77,19.4,33.6,76.1
2026-12-05 14:00:00,-11.38,24.0,8.97,0.1892,80,69.21,77.39,82.81,29.17,152487.3,5.52,58.27,20.11,32.35,72.3
2026-12-05 15:00:00,-11.85,24.0,8.82,0.15,80,62.63,68.56,78.5,27.11,152469.94,4.07,48.63,17.36,30.38,75.5
2026-12-05 16:00:00,-11.93,24.0,8.87,0.15,80,65.21,69.76,72.87,27.81,152449.93,4.17,57.93,20.01,27.88,74.5
2026-12-05 17:00:00,-11.79,24.0,7.51,0.15,80,64.81,59.16,66.28,12.61,152430.53,1.89,55.8,19.4,25.04,75.1
2026-12-05 18:00:00,-12.06,24.0,9.97,0.15,80,62.78,50.67,59.17,46.47,152413.54,6.97,47.31,16.98,22.06,79.7
2026-12-05 19:00:00,-11.86,24.0,11.89,0.15,80,61.86,46.44,47.1,96.3,152396.72,14.45,46.76,16.83,19.14,71.1
2026-12-05 20:00:00,-11.88,24.0,11.67,0.252,80,59.82,37.83,41.52,89.33,152383.64,22.51,33.62,13.08,16.47,66.9
2026-12-05 21:00:00,-10.98,24.0,8.75,0.2039,80,62.56,28.51,39.49,26.08,152366.95,5.32,46.27,16.69,14.2,80.9
2026-12-05 22:00:00,-12.14,24.0,8.86,0.1562,80,63.89,30.51,35.0,27.63,152347.75,4.32,55.09,19.2,12.48,79.1
2026-12-05 23:00:00,-12.41,24.0,9.29,0.15,80,61.57,22.66,32.16,34.07,152330.86,5.11,46.96,16.88,11.4,78.4
2026-12-06 00:00:00,-12.81,24.0,13.28,0.15,80,67.65,29.09,26.31,100.0,152311.57,15.0,55.43,19.3,11.14,71.0
2026-12-06 01:00:00,-12.55,24.0,16.33,0.15,80,65.83,22.83,22.18,100.0,152293.39,15.0,51.48,18.17,11.51,78.6
2026-12-06 02:00:00,-13.58,24.0,15.77,0.252,80,66.09,26.96,25.1,100.0,152277.71,25.2,42.75,15.68,12.59,68.4
2026-12-06 03:00:00,-13.33,24.0,12.05,0.1918,80,64.86,28.26,35.68,100.0,152263.3,19.18,38.26,14.41,14.31,73.5
2026-12-06 04:00:00,-13.61,24.0,13.73,0.15,80,65.63,38.33,37.06,100.0,152245.01,15.0,51.9,18.29,16.58,82.4
2026-12-06 05:00:00,-13.88,24.0,12.7,0.15,80,63.92,37.54,45.21,100.0,152229.76,15.0,41.24,15.25,19.25,77.6
2026-12-06 06:00:00,-14.51,24.0,12.82,0.15,80,66.16,48.83,51.04,100.0,152212.31,15.0,48.95,17.45,22.17,73.8
2026-12-06 07:00:00,-14.49,24.0,11.32,0.15,80,69.05,61.94,62.14,78.97,152192.56,11.85,57.01,19.75,25.14,73.4
2026-12-06 08:00:00,-13.49,24.0,9.95,0.252,80,65.55,68.65,73.11,46.01,152174.95,11.59,49.51,17.61,27.99,69.4
2026-12-06 09:00:00,-13.15,24.0,9.46,0.1985,80,70.1,69.06,78.73,36.98,152156.32,7.34,53.09,18.63,30.49,83.2
2026-12-06 10:00:00,-12.43,24.0,7.97,0.1547,80,62.94,78.01,83.04,16.8,152137.06,2.6,55.31,19.26,32.45,80.7
2026-12-06 11:00:00,-11.1,24.0,7.68,0.15,80,62.01,75.09,85.74,14.08,152119.52,2.11,49.25,17.54,33.71,80.7
2026-12-06 12:00:00,-10.66,24.0,9.6,0.15,80,62.59,79.56,86.66,39.37,152101.89,5.91,49.58,17.63,34.14,76.5
2026-12-06 13:00:00,-10.78,24.0,7.46,0.15,80,63.08,76.76,85.74,12.18,152083.49,1.83,52.28,18.4,33.71,75.1
2026-12-06 14:00:00,-10.34,24.0,6.56,0.15,80,60.47,70.28,83.04,6.17,152066.66,0.93,46.78,16.83,32.45,73.4
2026-12-06 15:00:00,-10.58,24.0,5.79,0.15,80,59.85,76.26,78.73,2.99,152046.93,0.45,56.92,19.72,30.49,84.2
2026-12-06 16:00:00,-10.87,24.0,6.29,0.252,80,61.19,64.32,73.11,4.88,152028.85,1.23,51.18,18.09,27.99,67.8
2026-12-06 17:00:00,-11.83,24.0,11.49,0.1903,80,64.29,58.01,61.57,83.9,152012.59,15.97,44.75,16.25,25.14,79.0
2026-12-06 18:00:00,-11.36,24.0,9.53,0.2923,80,62.03,50.81,59.42,38.14,151997.04,11.15,42.28,15.55,22.17,68.6
2026-12-06 19:00:00,-11.75,24.0,8.01,0.2514,80,68.57,42.37,52.27,17.23,151978.06,4.33,54.33,18.99,19.25,75.2
2026-12-06 20:00:00,-11.83,24.0,10.33,0.198,80,62.71,36.55,44.81,53.99,151962.09,10.69,43.75,15.97,16.58,76.0
2026-12-06 21:00:00,-12.67,24.0,11.68,0.3,80,65.18,27.91,36.43,89.57,151950.1,26.87,29.79,11.99,14.31,69.1
2026-12-06 22:00:00,-12.6,24.0,8.9,0.2569,80,64.63,24.29,35.28,28.17,151933.37,7.24,46.41,16.73,12.59,71.3
2026-12-06 23:00:00,-13.25,24.0,9.84,0.2042,80,65.07,26.54,32.45,43.99,151915.57,8.98,50.18,17.8,11.51,78.7
2026-12-07 00:00:00,-13.18,24.0,10.09,0.15,80,67.35,24.92,31.6,48.94,151896.87,7.34,53.33,18.7,11.25,82.5
2026-12-07 01:00:00,-12.74,24.0,10.78,0.15,80,62.52,26.55,31.44,64.54,151879.7,9.68,47.95,17.17,11.61,77.0
2026-12-07 02:00:00,-12.31,24.0,11.42,0.15,80,69.28,25.08,33.03,81.75,151862.22,12.26,49.07,17.49,12.69,72.3
2026-12-07 03:00:00,-12.3,24.0,16.1,0.15,80,62.57,30.31,27.81,100.0,151844.45,15.0,50.07,17.77,14.41,70.9
2026-12-07 04:00:00,-13.28,24.0,14.08,0.15,80,66.63,31.44,36.47,100.0,151827.67,15.0,46.6,16.78,16.68,71.3
2026-12-07 05:00:00,-11.3,24.0,13.85,0.15,80,62.97,46.99,42.41,100.0,151809.19,15.0,52.56,18.48,19.35,76.4
2026-12-07 06:00:00,-10.03,24.0,14.53,0.15,80,60.51,50.8,46.13,100.0,151791.39,15.0,50.17,17.8,22.26,78.8
2026-12-07 07:00:00,-9.35,24.0,15.46,0.15,80,62.41,59.56,48.54,100.0,151771.24,15.0,58.43,20.15,25.24,84.1
2026-12-07 08:00:00,-9.54,24.0,18.71,0.15,80,64.06,67.64,41.39,100.0,151746.27,15.0,75.32,24.97,28.09,77.5
2026-12-07 09:00:00,-9.31,24.0,19.25,0.15,80,57.71,71.71,42.46,100.0,151722.26,15.0,71.96,24.01,30.59,74.7
2026-12-07 10:00:00,-9.34,24.0,17.75,0.15,80,57.81,76.69,51.0,100.0,151699.24,15.0,68.5,23.02,32.55,72.4
2026-12-07 11:00:00,-8.29,24.0,18.3,0.15,80,59.05,81.28,50.27,100.0,151674.35,15.0,75.06,24.89,33.81,77.7
2026-12-07 12:00:00,-7.9,24.0,18.81,0.15,80,57.14,77.27,48.61,100.0,151650.67,15.0,70.8,23.68,34.25,70.8
2026-12-07 13:00:00,-8.19,24.0,22.38,0.15,80,56.6,77.06,32.73,100.0,151622.68,15.0,85.93,27.99,33.81,75.8
2026-12-07 14:00:00,-8.35,24.0,22.42,0.15,80,57.32,82.85,31.57,100.0,151592.5,15.0,93.6,30.18,32.55,72.4
2026-12-07 15:00:00,-7.61,24.0,22.54,0.15,80,55.7,69.55,29.43,100.0,151565.97,15.0,80.82,26.53,30.59,78.0
2026-12-07 16:00:00,-6.66,24.0,22.89,0.15,80,52.87,63.98,26.08,100.0,151540.87,15.0,75.77,25.09,28.09,82.3
2026-12-07 17:00:00,-5.85,24.0,23.29,0.15,80,54.66,62.58,22.38,100.0,151514.61,15.0,79.86,26.26,25.24,82.5
2026-12-07 18:00:00,-5.57,24.0,22.83,0.15,80,53.75,54.84,21.38,100.0,151490.53,15.0,72.21,24.08,22.26,84.2
2026-12-07 19:00:00,-5.96,24.0,20.91,0.15,80,53.24,46.26,23.87,100.0,151469.76,15.0,60.62,20.78,19.35,75.9
2026-12-07 20:00:00,-8.19,24.0,21.98,0.15,80,53.5,34.02,18.37,100.0,151450.82,15.0,54.15,18.93,16.68,85.9
2026-12-07 21:00:00,-8.27,24.0,21.66,0.15,80,57.08,28.98,16.69,100.0,151431.83,15.0,54.37,19.0,14.41,82.1
2026-12-07 22:00:00,-8.53,24.0,21.2,0.15,80,62.53,25.92,15.65,100.0,151411.85,15.0,57.81,19.98,12.69,81.7
2026-12-07 23:00:00,-8.69,24.0,24.04,0.15,80,57.74,24.28,9.81,100.0,151392.05,15.0,57.2,19.8,11.61,84.1
2026-12-08 00:00:00,-8.57,24.0,22.59,0.15,80,57.61,25.46,11.85,100.0,151372.53,15.0,56.22,19.52,11.34,79.5
2026-12-08 01:00:00,-9.53,24.0,21.37,0.15,80,58.7,24.29,14.22,100.0,151353.7,15.0,53.78,18.83,11.71,77.3
2026-12-08 02:00:00,-9.28,24.0,21.32,0.15,80,60.74,30.58,15.53,100.0,151332.88,15.0,60.79,20.82,12.78,84.8
2026-12-08 03:00:00,-8.92,24.0,17.05,0.15,80,61.18,26.5,26.07,100.0,151316.09,15.0,46.61,16.79,14.5,74.1
2026-12-08 04:00:00,-8.46,24.0,14.87,0.15,80,56.67,41.31,34.82,100.0,151298.87,15.0,48.16,17.23,16.77,77.6
2026-12-08 05:00:00,-7.78,24.0,13.24,0.15,80,53.75,40.03,44.2,100.0,151285.51,15.0,34.59,13.36,19.44,84.9
2026-12-08 06:00:00,-7.26,24.0,10.83,0.15,80,55.5,58.04,57.4,65.76,151268.82,9.86,46.27,16.69,22.36,78.5
2026-12-08 07:00:00,-7.3,24.0,10.82,0.15,80,55.16,62.99,64.22,65.59,151252.76,9.84,44.09,16.07,25.34,76.6
2026-12-08 08:00:00,-7.1,24.0,11.27,0.15,80,55.54,63.91,68.87,77.59,151238.16,11.64,38.94,14.6,28.18,75.0
2026-12-08 09:00:00,-6.78,24.0,11.39,0.15,80,58.13,70.96,73.65,81.07,151222.32,12.16,43.28,15.83,30.68,81.1
2026-12-08 10:00:00,-6.45,24.0,15.17,0.15,80,52.75,76.9,61.9,100.0,151203.79,15.0,52.75,18.53,32.65,78.0
2026-12-08 11:00:00,-5.6,24.0,12.48,0.15,80,54.61,79.33,75.46,100.0,151187.89,15.0,43.49,15.89,33.91,83.2
2026-12-08 12:00:00,-5.01,24.0,12.33,0.15,80,53.72,77.64,76.94,100.0,151173.16,15.0,39.41,14.73,34.34,89.4
2026-12-08 13:00:00,-3.62,24.0,11.47,0.15,80,51.72,74.14,79.83,83.3,151160.1,12.5,33.53,13.06,33.91,87.7
2026-12-08 14:00:00,-2.22,24.0,10.03,0.15,80,49.97,77.94,83.33,47.69,151145.93,7.15,37.44,14.17,32.65,71.7
2026-12-08 15:00:00,-2.2,24.0,8.43,0.15,80,44.25,71.8,79.16,22.0,151132.86,3.3,33.6,13.08,30.68,86.9
2026-12-08 16:00:00,-4.61,24.0,10.44,0.15,80,53.48,70.22,71.91,56.55,151117.02,8.48,43.3,15.84,28.18,85.5
2026-12-08 17:00:00,-4.0,24.0,10.29,0.15,80,51.17,59.88,66.02,53.04,151102.95,7.96,37.08,14.07,25.34,80.5
2026-12-08 18:00:00,-4.53,24.0,11.24,0.15,80,50.5,52.7,56.18,76.66,151089.32,11.5,35.52,13.62,22.36,87.8
2026-12-08 19:00:00,-5.26,24.0,10.67,0.15,80,56.79,48.05,50.98,61.85,151073.12,9.28,44.58,16.2,19.44,82.5
2026-12-08 20:00:00,-5.78,24.0,9.12,0.15,80,55.92,36.8,46.05,31.51,151057.67,4.73,41.94,15.45,16.77,71.0
2026-12-08 21:00:00,-6.34,24.0,8.44,0.15,80,53.04,25.58,40.26,22.11,151044.18,3.32,35.04,13.49,14.5,81.0
2026-12-08 22:00:00,-6.25,24.0,8.11,0.15,80,53.65,21.67,35.79,18.25,151030.2,2.74,36.79,13.99,12.78,79.0
2026-12-08 23:00:00,-7.47,24.0,11.34,0.15,80,58.95,20.06,30.75,79.55,151016.34,11.93,36.33,13.85,11.71,76.3
2026-12-09 00:00:00,-8.05,24.0,8.34,0.15,80,57.41,22.4,32.22,20.85,151000.17,3.13,44.46,16.17,11.43,80.8
2026-12-09 01:00:00,-8.01,24.0,11.96,0.15,80,54.56,24.02,29.93,98.72,150987.03,14.81,33.84,13.14,11.79,82.2
2026-12-09 02:00:00,-7.73,24.0,14.33,0.15,80,60.85,28.74,28.21,100.0,150970.31,15.0,46.38,16.72,12.87,82.5
2026-12-09 03:00:00,-7.39,24.0,17.09,0.15,80,55.91,32.59,26.13,100.0,150953.31,15.0,47.36,17.0,14.59,83.0
2026-12-09 04:00:00,-7.84,24.0,14.61,0.15,80,57.21,29.84,35.61,100.0,150939.42,15.0,36.45,13.89,16.85,73.3
2026-12-09 05:00:00,-8.33,24.0,15.76,0.15,80,58.92,45.7,37.7,100.0,150921.13,15.0,51.91,18.3,19.52,73.4
2026-12-09 06:00:00,-8.46,24.0,13.38,0.15,80,56.27,51.05,49.93,100.0,150905.54,15.0,42.4,15.58,22.44,80.0
2026-12-09 07:00:00,-8.09,24.0,10.06,0.15,80,60.39,61.26,66.96,48.35,150888.52,7.25,47.44,17.02,25.42,84.3
2026-12-09 08:00:00,-6.93,24.0,8.71,0.15,80,53.7,71.78,73.74,25.53,150871.37,3.83,47.91,17.16,28.26,81.6
2026-12-09 09:00:00,-7.9,24.0,11.21,0.252,80,57.77,68.51,74.54,76.0,150858.58,19.15,32.59,12.79,30.77,68.5
2026-12-09 10:00:00,-7.75,24.0,8.38,0.2053,80,55.85,76.27,83.64,21.33,150842.51,4.38,44.09,16.07,32.73,81.9
2026-12-09 11:00:00,-8.29,24.0,8.63,0.1637,80,60.19,80.37,86.34,24.46,150824.7,4.0,50.22,17.81,33.99,71.0
2026-12-09 12:00:00,-9.04,24.0,7.02,0.15,80,60.26,78.25,87.26,8.92,150806.98,1.34,49.91,17.73,34.43,81.6
2026-12-09 13:00:00,-8.25,24.0,6.76,0.15,80,57.39,75.33,86.34,7.3,150790.57,1.1,45.28,16.41,33.99,76.0
2026-12-09 14:00:00,-7.78,24.0,5.76,0.15,80,53.65,72.88,83.64,2.88,150774.97,0.43,42.45,15.6,32.73,80.7
2026-12-09 15:00:00,-7.45,24.0,8.24,0.15,80,57.37,69.53,79.35,19.68,150758.76,2.95,44.6,16.21,30.77,89.9
2026-12-09 16:00:00,-6.91,24.0,8.69,0.15,80,56.02,66.7,73.74,25.3,150742.38,3.79,45.19,16.38,28.26,78.1
2026-12-09 17:00:00,-7.29,24.0,10.69,0.15,80,52.9,58.16,64.87,62.27,150728.38,9.34,36.85,14.0,25.42,75.8
2026-12-09 18:00:00,-7.7,24.0,10.83,0.15,80,57.38,53.93,57.59,65.86,150712.38,9.88,43.84,16.0,22.44,77.1
2026-12-09 19:00:00,-6.57,24.0,13.23,0.15,80,56.64,45.1,44.39,100.0,150696.81,15.0,42.35,15.57,19.52,72.6
2026-12-09 20:00:00,-6.98,24.0,11.97,0.15,80,55.95,30.98,41.71,98.97,150684.66,14.85,30.38,12.16,16.85,74.7
2026-12-09 21:00:00,-6.8,24.0,11.54,0.15,80,54.45,32.91,37.36,85.51,150670.56,12.83,37.17,14.09,14.59,85.2
2026-12-09 22:00:00,-7.07,24.0,11.0,0.252,80,58.98,32.69,34.21,70.22,150655.73,17.69,39.77,14.83,12.87,69.8
2026-12-09 23:00:00,-8.44,24.0,10.28,0.1992,80,62.1,23.85,32.72,53.0,150640.07,10.56,42.68,15.66,11.79,75.5
2026-12-10 00:00:00,-9.6,24.0,11.37,0.15,80,57.43,27.83,30.21,80.51,150624.32,12.08,42.97,15.75,11.51,79.0
2026-12-10 01:00:00,-10.08,24.0,11.14,0.15,80,62.89,29.39,31.5,73.97,150606.66,11.1,49.69,17.66,11.87,75.4
2026-12-10 02:00:00,-9.51,24.0,11.71,0.15,80,60.69,28.27,33.13,90.54,150591.11,13.58,42.25,15.54,12.95,84.6
2026-12-10 03:00:00,-9.05,24.0,12.03,0.15,80,57.68,31.28,36.56,100.0,150576.96,15.0,37.4,14.16,14.67,77.4
2026-12-10 04:00:00,-8.44,24.0,9.98,0.15,80,57.62,31.11,46.47,46.73,150563.41,7.01,35.25,13.55,16.93,77.0
2026-12-10 05:00:00,-8.92,24.0,10.17,0.15,80,58.46,43.05,52.7,50.58,150548.16,7.59,41.23,15.25,19.6,79.1
2026-12-10 06:00:00,-7.76,24.0,8.69,0.15,80,59.34,51.76,60.27,25.28,150531.25,3.79,47.03,16.9,22.52,80.5
2026-12-10 07:00:00,-8.12,24.0,8.99,0.15,80,56.61,64.22,67.35,29.46,150513.77,4.42,49.06,17.48,25.5,78.9
2026-12-10 08:00:00,-7.73,24.0,9.57,0.15,80,52.95,62.16,73.92,38.93,150500.2,5.84,35.35,13.57,28.34,78.8
2026-12-10 09:00:00,-7.45,24.0,13.88,0.252,80,56.08,76.82,64.08,100.0,150484.27,25.2,43.62,15.93,30.85,69.6
2026-12-10 10:00:00,-7.27,24.0,10.46,0.1994,80,58.33,79.69,81.88,57.01,150468.01,11.37,44.78,16.26,32.81,73.9
2026-12-10 11:00:00,-6.2,24.0,8.42,0.1518,80,57.22,74.21,86.51,21.81,150452.65,3.31,41.61,15.36,34.07,83.2
2026-12-10 12:00:00,-6.41,24.0,6.88,0.15,80,54.03,74.25,87.43,8.01,150437.85,1.2,39.65,14.8,34.51,85.2
2026-12-10 13:00:00,-7.05,24.0,7.05,0.15,80,56.98,80.43,86.51,9.09,150420.23,1.36,49.53,17.62,34.07,86.1
2026-12-10 14:00:00,-6.92,24.0,8.9,0.15,80,58.37,73.91,83.82,28.21,150404.12,4.23,44.24,16.11,32.81,72.6
2026-12-10 15:00:00,-7.1,24.0,10.37,0.15,80,57.45,70.24,78.04,54.99,150388.82,8.25,41.4,15.3,30.85,75.5
2026-12-10 16:00:00,-5.08,24.0,10.83,0.15,80,57.42,68.94,70.86,65.76,150372.32,9.86,45.63,16.5,28.34,88.7
2026-12-10 17:00:00,-4.79,24.0,12.16,0.15,80,55.48,56.69,60.08,100.0,150358.25,15.0,37.09,14.07,25.5,79.5
2026-12-10 18:00:00,-5.22,24.0,10.56,0.15,80,52.14,55.12,58.59,59.28,150343.41,8.89,39.78,14.84,22.52,84.2
2026-12-10 19:00:00,-6.08,24.0,8.47,0.15,80,54.21,40.2,53.15,22.46,150329.11,3.37,37.89,14.3,19.6,97.3
2026-12-10 20:00:00,-7.47,24.0,6.8,0.15,80,60.32,32.3,46.47,7.54,150312.78,1.13,45.02,16.33,16.93,84.6
2026-12-10 21:00:00,-8.35,24.0,8.93,0.15,80,55.36,32.34,40.69,28.59,150297.1,4.29,42.73,15.68,14.67,77.7
2026-12-10 22:00:00,-8.53,24.0,9.76,0.15,80,58.07,28.2,36.22,42.45,150281.15,6.37,43.68,15.95,12.95,77.9
2026-12-10 23:00:00,-7.9,24.0,10.22,0.15,80,61.43,18.8,33.04,51.55,150266.41,7.73,39.45,14.74,11.87,81.7
2026-12-11 00:00:00,-7.15,24.0,9.23,0.15,80,60.55,27.79,32.63,33.16,150248.45,4.97,50.74,17.96,11.58,70.0
2026-12-11 01:00:00,-7.18,24.0,8.66,0.15,80,56.77,31.19,33.59,24.9,150230.52,3.74,50.63,17.93,11.95,81.8
2026-12-11 02:00:00,-7.48,24.0,11.4,0.15,80,52.93,26.51,33.87,81.26,150217.51,12.19,33.38,13.01,13.02,78.0
2026-12-11 03:00:00,-7.35,24.0,8.93,0.15,80,55.61,33.49,40.87,28.6,150201.48,4.29,43.94,16.02,14.74,79.1
2026-12-11 04:00:00,-7.63,24.0,9.98,0.15,80,58.42,35.58,46.65,46.6,150186.48,6.99,40.37,15.0,17.01,79.8
2026-12-11 05:00:00,-6.49,24.0,8.96,0.15,80,53.32,47.21,53.33,28.97,150170.77,4.35,42.85,15.71,19.68,88.0
2026-12-11 06:00:00,-6.45,24.0,7.01,0.15,80,60.16,44.35,60.45,8.86,150155.09,1.33,42.73,15.68,22.59,81.4
2026-12-11 07:00:00,-6.3,24.0,8.45,0.15,80,54.24,58.36,67.52,22.24,150139.69,3.34,41.74,15.4,25.57,81.5
2026-12-11 08:00:00,-7.39,24.0,7.94,0.15,80,59.38,74.54,74.08,16.53,150119.84,2.48,57.36,19.85,28.42,83.0
2026-12-11 09:00:00,-7.23,24.0,9.02,0.15,80,55.94,75.48,79.69,29.91,150102.88,4.49,47.24,16.96,30.92,79.9
2026-12-11 10:00:00,-6.44,24.0,9.72,0.15,80,55.67,73.86,83.97,41.7,150088.18,6.26,39.3,14.7,32.89,83.5
2026-12-11 11:00:00,-6.83,24.0,9.55,0.15,80,55.58,77.12,86.66,38.55,150073.21,5.78,40.25,14.97,34.15,79.3
2026-12-11 12:00:00,-7.05,24.0,10.44,0.15,80,54.69,74.65,85.65,56.49,150059.67,8.47,35.22,13.54,34.58,85.5
2026-12-11 13:00:00,-6.39,24.0,10.23,0.15,80,54.02,77.23,85.67,51.83,150045.4,7.77,37.8,14.27,34.15,86.6
2026-12-11 14:00:00,-7.16,24.0,9.05,0.15,80,57.64,69.62,83.97,30.44,150030.86,4.57,38.72,14.54,32.89,83.0
2026-12-11 15:00:00,-6.46,24.0,9.87,0.252,80,54.55,72.59,79.69,44.49,150017.03,11.21,36.24,13.83,30.92,68.7
2026-12-11 16:00:00,-6.8,24.0,9.85,0.1979,80,54.57,64.33,74.08,44.15,150003.24,8.74,36.09,13.79,28.42,80.8
2026-12-11 17:00:00,-7.12,24.0,7.39,0.1627,80,57.39,62.31,67.52,11.62,149985.41,1.89,50.29,17.83,25.57,70.0
2026-12-11 18:00:00,-7.94,24.0,9.75,0.15,80,60.68,50.56,60.45,42.23,149969.24,6.33,44.46,16.17,22.59,80.9
2026-12-11 19:00:00,-7.9,24.0,9.61,0.15,80,61.02,42.06,53.33,39.6,149953.26,5.94,43.81,15.98,19.68,87.1
2026-12-11 20:00:00,-6.64,24.0,11.05,0.15,80,53.1,38.99,44.19,71.68,149939.17,10.75,37.15,14.09,17.01,85.7
2026-12-11 21:00:00,-6.43,24.0,12.2,0.15,80,53.26,28.33,36.38,100.0,149927.06,15.0,30.21,12.11,14.74,78.8
2026-12-11 22:00:00,-7.23,24.0,11.01,0.15,80,59.05,25.06,34.58,70.38,149912.45,10.56,38.98,14.61,13.02,78.8
2026-12-11 23:00:00,-6.79,24.0,10.37,0.15,80,54.43,29.95,32.97,54.9,149896.65,8.23,43.17,15.8,11.95,70.7
2026-12-12 00:00:00,-6.93,24.0,9.6,0.15,80,55.21,29.67,32.81,39.41,149879.99,5.91,46.16,16.66,11.65,79.9
2026-12-12 01:00:00,-6.26,24.0,9.16,0.15,80,51.74,28.02,33.77,32.11,149864.76,4.82,41.17,15.23,12.01,79.3
2026-12-12 02:00:00,-5.89,24.0,10.96,0.15,80,55.71,26.31,34.84,69.1,149850.76,10.36,36.82,13.99,13.09,74.3
2026-12-12 03:00:00,-7.73,24.0,11.5,0.15,80,56.91,37.16,37.96,84.32,149834.88,12.65,43.46,15.89,14.81,74.3
2026-12-12 04:00:00,-8.29,24.0,9.33,0.15,80,60.19,40.46,46.82,34.87,149817.52,5.23,48.6,17.35,17.07,72.8
2026-12-12 05:00:00,-7.6,24.0,9.55,0.15,80,58.55,42.07,53.49,38.55,149802.24,5.78,41.35,15.28,19.74,90.0
2026-12-12 06:00:00,-7.33,24.0,13.64,0.15,80,58.68,54.55,49.59,100.0,149784.88,15.0,48.64,17.36,22.66,80.1
2026-12-12 07:00:00,-7.73,24.0,12.57,0.15,80,59.32,57.31,58.99,100.0,149769.23,15.0,42.63,15.65,25.64,83.0
2026-12-12 08:00:00,-7.84,24.0,12.64,0.15,80,56.3,67.36,64.43,100.0,149753.12,15.0,44.24,16.11,28.48,83.7
2026-12-12 09:00:00,-8.7,24.0,12.6,0.15,80,58.46,70.45,69.44,100.0,149736.95,15.0,44.47,16.17,30.99,86.5
2026-12-12 10:00:00,-8.45,24.0,10.97,0.15,80,58.54,73.17,80.03,69.49,149721.69,10.42,41.26,15.26,32.95,86.6
2026-12-12 11:00:00,-6.82,24.0,9.88,0.15,80,55.81,78.6,86.81,44.65,149706.53,6.7,40.91,15.16,34.21,84.6
2026-12-12 12:00:00,-6.1,24.0,10.41,0.15,80,55.96,75.45,85.91,55.88,149692.45,8.38,37.12,14.08,34.65,72.8
2026-12-12 13:00:00,-4.6,24.0,9.92,0.15,80,51.11,76.46,86.81,45.44,149679.27,6.82,33.95,13.18,34.21,86.3
2026-12-12 14:00:00,-3.97,24.0,9.82,0.15,80,51.85,76.21,84.12,43.49,149665.11,6.52,37.42,14.16,32.95,80.0
2026-12-12 15:00:00,-3.33,24.0,10.32,0.15,80,48.9,71.28,78.56,53.78,149652.05,8.07,33.55,13.06,30.99,76.2
2026-12-12 16:00:00,-2.2,24.0,10.99,0.15,80,48.97,65.48,70.55,69.98,149639.02,10.5,33.41,13.02,28.48,81.5
2026-12-12 17:00:00,-2.13,24.0,9.54,0.15,80,49.1,59.31,67.68,38.44,149625.56,5.77,34.98,13.47,25.64,84.2
2026-12-12 18:00:00,-2.45,24.0,8.03,0.15,80,46.21,51.53,60.6,17.42,149612.22,2.61,34.52,13.34,22.66,70.3
2026-12-12 19:00:00,-2.09,24.0,7.5,0.15,80,49.02,48.81,53.49,12.49,149596.61,1.87,42.47,15.6,19.74,85.4
2026-12-12 20:00:00,-1.52,24.0,7.86,0.15,80,50.36,39.43,46.82,15.78,149581.54,2.37,40.61,15.07,17.07,89.5
2026-12-12 21:00:00,-2.15,24.0,7.56,0.15,80,50.68,24.7,41.04,12.99,149568.81,1.95,32.38,12.73,14.81,83.8
2026-12-12 22:00:00,-2.92,24.0,8.12,0.15,80,46.93,23.19,36.59,18.45,149556.54,2.77,30.77,12.27,13.09,77.4
2026-12-12 23:00:00,-3.14,24.0,6.52,0.15,80,47.09,21.8,33.77,6.0,149543.29,0.9,34.22,13.25,12.01,85.7
2026-12-13 00:00:00,-2.64,24.0,7.18,0.15,80,50.25,23.91,32.97,9.98,149528.47,1.5,39.71,14.82,11.71,82.9
2026-12-13 01:00:00,-2.39,24.0,7.15,0.15,80,49.04,29.21,33.93,9.83,149512.76,1.47,42.84,15.71,12.07,91.9
2026-12-13 02:00:00,-3.42,24.0,7.71,0.15,80,49.97,23.85,36.74,14.37,149499.31,2.16,34.92,13.45,13.15,70.9
2026-12-13 03:00:00,-2.36,24.0,7.72,0.15,80,43.17,31.12,41.2,14.47,149487.0,2.17,30.93,12.31,14.87,70.4
2026-12-13 04:00:00,-2.78,24.0,7.26,0.15,80,47.05,39.67,46.97,10.58,149472.62,1.59,38.16,14.38,17.13,82.4
2026-12-13 05:00:00,-2.89,24.0,9.68,0.15,80,52.33,37.55,53.64,40.88,149460.54,6.13,30.11,12.08,19.8,80.5
2026-12-13 06:00:00,-3.33,24.0,8.28,0.15,80,51.09,50.74,60.75,20.21,149446.2,3.03,38.05,14.35,22.72,83.8
2026-12-13 07:00:00,-1.54,24.0,9.08,0.15,80,51.75,55.42,67.81,30.88,149432.8,4.63,34.72,13.4,25.7,85.9
2026-12-13 08:00:00,-1.21,24.0,11.2,0.15,80,48.78,64.11,69.89,75.75,149420.28,11.36,31.64,12.52,28.54,91.7
2026-12-13 09:00:00,-1.53,24.0,10.62,0.15,80,48.09,72.42,77.48,60.71,149407.11,9.11,33.93,13.17,31.05,82.6
2026-12-13 10:00:00,-0.8,24.0,11.84,0.252,80,42.79,69.62,76.5,94.7,149400.18,23.87,12.04,6.93,33.01,86.6
2026-12-13 11:00:00,-0.15,24.0,9.57,0.354,80,45.98,77.2,86.93,38.84,149390.27,13.75,22.49,9.91,34.27,78.3
2026-12-13 12:00:00,-0.13,24.0,9.29,0.456,80,45.0,72.71,87.85,34.18,149382.7,15.59,14.28,7.57,34.71,97.2
2026-12-13 13:00:00,0.47,24.0,8.97,0.558,80,42.52,73.37,86.93,29.19,149375.59,16.29,12.67,7.11,34.27,90.9
2026-12-13 14:00:00,-0.01,24.0,6.69,0.66,80,47.86,78.38,84.25,6.9,149361.42,4.55,37.45,14.17,33.01,89.4
2026-12-13 15:00:00,-0.34,24.0,7.07,0.762,80,45.67,73.06,79.96,9.22,149348.87,7.02,31.74,12.55,31.05,80.7
2026-12-13 16:00:00,-1.66,24.0,7.08,0.7184,80,48.49,62.18,74.36,9.31,149336.93,6.69,29.62,11.94,28.54,90.6
2026-12-13 17:00:00,-2.61,24.0,8.18,0.6694,80,47.23,60.21,67.81,19.02,149325.76,12.73,26.89,11.16,25.7,88.1
2026-12-13 18:00:00,-1.73,24.0,10.73,0.606,80,48.47,51.66,58.53,63.38,149321.36,38.41,3.19,4.41,22.72,86.9
2026-12-13 19:00:00,-1.0,24.0,8.58,0.5571,80,46.2,44.87,53.64,23.83,149310.97,13.28,24.15,10.38,19.8,83.7
2026-12-13 20:00:00,-1.28,24.0,8.02,0.5142,80,52.01,38.98,46.97,17.34,149297.47,8.92,35.11,13.5,17.13,78.8
2026-12-13 21:00:00,-0.62,24.0,8.02,0.6162,80,44.74,37.33,41.2,17.31,149285.36,10.67,30.2,12.11,14.87,84.3
2026-12-13 22:00:00,-1.06,24.0,8.05,0.5722,80,45.12,25.25,36.74,17.69,149275.16,10.12,23.5,10.2,13.15,80.3
2026-12-13 23:00:00,-1.54,24.0,9.36,0.5177,80,47.95,31.48,33.93,35.24,149263.89,18.24,27.27,11.27,12.07,85.8
2026-12-14 00:00:00,-1.54,24.0,8.97,0.4699,80,46.89,22.64,33.11,29.18,149253.92,13.71,22.72,9.97,11.76,78.3
2026-12-14 01:00:00,-1.86,24.0,6.92,0.4322,80,48.4,25.17,34.07,8.27,149240.18,3.57,35.93,13.74,12.13,80.0
2026-12-14 02:00:00,-2.16,24.0,8.24,0.3914,80,51.96,24.85,36.88,19.7,149227.49,7.71,32.22,12.68,13.2,73.0
2026-12-14 03:00:00,-1.58,24.0,10.2,0.3314,80,45.29,28.47,40.91,51.3,149219.48,17.0,15.86,8.02,14.92,86.5
2026-12-14 04:00:00,-1.53,24.0,9.82,0.2739,80,47.61,37.08,47.1,43.5,149208.66,11.92,25.69,10.82,17.18,86.0
2026-12-14 05:00:00,-1.07,24.0,9.79,0.2196,80,45.28,46.39,53.76,42.87,149197.04,9.41,28.49,11.62,19.85,81.7
2026-12-14 06:00:00,-0.36,24.0,8.27,0.3216,80,44.09,53.47,60.87,20.06,149184.92,6.45,30.25,12.12,22.77,72.5
2026-12-14 07:00:00,-0.0,24.0,7.41,0.4236,80,44.7,62.54,67.93,11.79,149171.64,4.99,34.31,13.28,25.75,76.6
2026-12-14 08:00:00,-0.43,24.0,6.86,0.5256,80,45.68,68.09,74.48,7.86,149158.12,4.13,35.16,13.52,28.59,85.2
2026-12-14 09:00:00,-1.05,24.0,7.14,0.4823,80,50.55,71.96,80.08,9.73,149143.86,4.69,37.74,14.26,31.1,89.2
2026-12-14 10:00:00,-0.76,24.0,9.86,0.5843,80,45.03,74.45,84.36,44.25,149137.72,25.85,9.27,6.14,33.07,79.5
2026-12-14 11:00:00,-0.68,24.0,9.6,0.6863,80,45.51,75.35,87.04,39.43,149132.29,27.06,6.76,5.43,34.33,90.5
2026-12-14 12:00:00,-0.48,24.0,8.25,0.7883,80,41.65,76.61,87.96,19.89,149124.63,15.68,14.62,7.67,34.76,93.0
2026-12-14 13:00:00,-0.39,24.0,7.57,0.8903,80,46.6,81.27,87.04,13.09,149112.81,11.65,29.18,11.82,34.33,87.0
2026-12-14 14:00:00,1.21,24.0,7.49,0.9923,80,45.27,73.25,84.36,12.42,149103.09,12.32,21.83,9.72,33.07,91.1
2026-12-14 15:00:00,0.36,24.0,8.28,1.0,80,46.31,72.74,80.08,20.22,149094.25,20.22,18.75,8.84,31.1,79.6
2026-12-14 16:00:00,-0.96,24.0,8.19,1.0,80,47.01,70.58,74.48,19.19,149083.93,19.19,23.93,10.32,28.59,75.4
2026-12-14 17:00:00,-0.92,24.0,7.96,1.0,80,42.43,61.8,67.93,16.77,149074.86,16.77,19.53,9.07,25.75,93.6
2026-12-14 18:00:00,-1.37,24.0,8.4,0.9549,80,50.94,53.16,60.87,21.6,149064.92,20.63,22.6,9.94,22.77,79.0
2026-12-14 19:00:00,-1.45,24.0,7.59,0.9086,80,47.91,49.32,53.76,13.23,149052.46,12.02,31.44,12.46,19.85,89.7
2026-12-14 20:00:00,-1.41,24.0,6.3,0.8718,80,47.99,36.88,47.1,4.91,149039.41,4.28,33.49,13.05,17.18,86.0
2026-12-14 21:00:00,-0.96,24.0,4.98,0.9738,80,50.36,28.63,41.33,1.07,149025.47,1.04,36.62,13.94,14.92,93.1
2026-12-14 22:00:00,-2.21,24.0,5.18,0.943,80,47.36,31.29,36.88,1.42,149010.45,1.34,40.42,15.02,13.2,87.2
2026-12-14 23:00:00,-2.86,24.0,4.65,0.9187,80,46.39,24.42,34.07,0.61,148996.64,0.56,36.18,13.81,12.13,77.0
2026-12-15 00:00:00,-2.62,24.0,5.24,0.8897,80,46.66,25.54,33.23,1.54,148982.43,1.37,37.61,14.22,11.81,81.3
2026-12-15 01:00:00,-2.37,24.0,7.34,0.8465,80,48.61,24.08,34.19,11.2,148970.66,9.48,29.02,11.77,12.17,86.7
2026-12-15 02:00:00,-1.21,24.0,8.56,0.7991,80,46.63,20.02,37.0,23.61,148964.08,18.87,10.78,6.57,13.25,81.3
2026-12-15 03:00:00,-0.75,24.0,9.0,0.9011,80,49.74,25.04,41.45,29.64,148958.7,26.71,6.61,5.39,14.97,89.7
2026-12-15 04:00:00,-0.83,24.0,10.5,1.0,80,47.15,33.22,46.03,57.91,148955.2,57.91,0.0,3.5,17.23,84.9
2026-12-15 05:00:00,-1.35,24.0,9.23,0.9439,80,43.89,44.26,53.88,33.21,148950.86,31.35,2.93,4.34,19.9,89.3
2026-12-15 06:00:00,-1.6,24.0,10.92,0.8775,80,45.98,52.93,58.18,68.09,148947.36,59.75,0.0,3.5,22.81,89.4
2026-12-15 07:00:00,-1.81,24.0,9.93,0.82,80,46.49,61.28,68.04,45.73,148943.23,37.5,2.23,4.14,25.79,85.2
2026-12-15 08:00:00,-1.22,24.0,9.24,0.7676,80,46.31,63.99,74.58,33.28,148936.83,25.54,10.17,6.4,28.64,83.4
2026-12-15 09:00:00,-0.86,24.0,8.75,0.8696,80,44.79,68.74,80.18,26.13,148930.3,22.73,10.63,6.53,31.14,81.7
2026-12-15 10:00:00,-1.46,24.0,7.23,0.8311,80,44.58,84.24,84.46,10.41,148916.62,8.65,35.71,13.68,33.11,78.2
2026-12-15 11:00:00,-1.52,24.0,10.79,0.7633,80,47.69,75.15,83.7,64.85,148913.12,49.5,0.0,3.5,34.37,92.5
2026-12-15 12:00:00,-0.83,24.0,8.88,0.8653,80,45.27,79.36,88.06,27.88,148906.07,24.13,12.44,7.05,34.81,84.8
2026-12-15 13:00:00,-0.51,24.0,8.28,0.9673,80,43.01,80.48,87.14,20.18,148897.78,19.52,16.83,8.3,34.37,83.4
2026-12-15 14:00:00,-0.12,24.0,7.78,1.0,80,48.71,76.17,84.46,14.94,148887.01,14.94,25.49,10.76,33.11,83.7
2026-12-15 15:00:00,0.09,24.0,6.41,1.0,80,44.86,70.22,80.18,5.42,148875.11,5.42,29.48,11.9,31.14,84.8
2026-12-15 16:00:00,0.96,24.0,5.81,1.0,80,49.38,62.59,74.58,3.04,148861.82,3.04,34.35,13.29,28.64,83.3
2026-12-15 17:00:00,0.92,24.0,4.81,1.0,80,47.48,56.73,68.04,0.81,148848.25,0.81,35.35,13.58,25.79,82.8
2026-12-15 18:00:00,0.44,24.0,5.2,1.0,80,43.99,51.14,60.98,1.47,148835.43,1.47,32.68,12.81,22.81,78.5
2026-12-15 19:00:00,-0.41,24.0,7.89,1.0,80,49.69,43.7,53.88,16.06,148825.25,16.06,23.45,10.18,19.9,84.9
2026-12-15 20:00:00,-0.58,24.0,7.57,1.0,80,48.33,36.28,47.21,13.08,148814.82,13.08,24.32,10.43,17.23,91.1
2026-12-15 21:00:00,-2.39,24.0,6.51,0.9648,80,47.44,27.64,41.45,5.94,148803.37,5.73,27.9,11.45,14.97,79.6
2026-12-15 22:00:00,-2.82,24.0,7.67,0.9201,80,48.68,24.9,37.0,13.99,148793.11,12.87,23.7,10.26,13.25,85.6
2026-12-15 23:00:00,-3.24,24.0,12.41,0.848,80,50.68,29.72,30.08,100.0,148789.61,84.8,0.0,3.5,12.17,85.4
2026-12-16 00:00:00,-4.08,24.0,10.41,0.7886,80,50.85,22.25,32.64,55.85,148786.11,44.04,0.0,3.5,11.85,83.9
2026-12-16 01:00:00,-4.83,24.0,9.16,0.732,80,54.76,23.54,34.29,32.05,148776.76,23.47,20.54,9.36,12.21,90.7
2026-12-16 02:00:00,-4.47,24.0,12.06,0.6626,80,52.79,22.45,33.28,100.0,148773.26,66.26,0.0,3.5,13.29,84.7
2026-12-16 03:00:00,-4.39,24.0,9.96,0.607,80,54.12,38.41,41.55,46.23,148763.23,28.07,22.91,10.03,15.01,82.0
2026-12-16 04:00:00,-4.32,24.0,9.63,0.5524,80,53.09,30.57,47.31,40.06,148755.67,22.13,14.23,7.56,17.27,83.4
2026-12-16 05:00:00,-4.06,24.0,8.46,0.5028,80,49.8,43.09,53.97,22.32,148744.28,11.22,27.69,11.39,19.94,86.2
2026-12-16 06:00:00,-3.87,24.0,10.85,0.4358,80,47.44,57.91,58.47,66.45,148735.67,28.96,17.93,8.61,22.85,90.8
2026-12-16 07:00:00,-2.93,24.0,13.58,0.3604,80,47.94,64.36,55.93,100.0,148726.38,36.04,20.32,9.29,25.83,81.6
2026-12-16 08:00:00,-2.64,24.0,13.53,0.2832,80,53.75,67.03,61.5,100.0,148714.06,28.32,30.95,12.32,28.68,83.9
2026-12-16 09:00:00,-3.3,24.0,11.51,0.2067,80,52.26,72.44,74.21,84.52,148701.14,17.47,33.03,12.91,31.18,97.8
2026-12-16 10:00:00,-2.07,24.0,10.37,0.15,80,48.47,71.54,82.97,54.94,148689.43,8.24,28.79,11.71,33.15,83.2
2026-12-16 11:00:00,-1.63,24.0,9.0,0.15,80,50.59,72.6,87.23,29.56,148676.95,4.43,31.53,12.49,34.41,83.3
2026-12-16 12:00:00,-1.82,24.0,10.8,0.15,80,47.89,76.03,84.62,65.04,148665.03,9.76,29.54,11.92,34.85,79.4
2026-12-16 13:00:00,-2.45,24.0,12.32,0.15,80,49.04,75.62,77.13,100.0,148652.25,15.0,32.54,12.77,34.41,83.6
2026-12-16 14:00:00,-2.13,24.0,11.0,0.15,80,49.15,76.34,80.32,70.21,148638.88,10.53,34.64,13.37,33.15,83.0
2026-12-16 15:00:00,-2.2,24.0,10.92,0.15,80,47.5,70.69,76.57,68.18,148626.43,10.23,31.4,12.45,31.18,85.3
2026-12-16 16:00:00,-1.31,24.0,9.09,0.15,80,45.08,71.0,74.67,30.98,148612.46,4.65,36.76,13.98,28.68,85.4
2026-12-16 17:00:00,-1.67,24.0,8.75,0.15,80,48.55,61.0,68.13,26.08,148598.27,3.91,37.5,14.19,25.83,73.9
2026-12-16 18:00:00,-2.38,24.0,9.21,0.15,80,48.73,47.58,61.07,32.92,148586.13,4.94,30.3,12.14,22.85,76.7
2026-12-16 19:00:00,-2.09,24.0,8.67,0.15,80,47.71,39.83,53.97,25.01,148574.13,3.75,29.82,12.0,19.94,82.6
2026-12-16 20:00:00,-1.82,24.0,8.19,0.15,80,49.0,35.29,47.31,19.14,148560.91,2.87,34.11,13.22,17.27,81.5
2026-12-16 21:00:00,-2.04,24.0,5.95,0.15,80,47.32,27.7,41.55,3.52,148548.02,0.53,32.94,12.89,15.01,78.3
2026-12-16 22:00:00,-1.95,24.0,8.02,0.15,80,49.75,26.31,37.1,17.32,148534.16,2.6,36.36,13.86,13.29,74.3
2026-12-16 23:00:00,-2.27,24.0,10.09,0.15,80,45.87,27.94,34.14,48.81,148521.44,7.32,32.35,12.72,12.21,91.4
2026-12-17 00:00:00,-2.17,24.0,12.66,0.15,80,45.55,27.17,28.97,100.0,148509.75,15.0,28.76,11.7,11.88,91.4
2026-12-17 01:00:00,-1.68,24.0,12.38,0.15,80,44.7,22.33,30.29,100.0,148500.05,15.0,21.75,9.7,12.24,87.5
2026-12-17 02:00:00,-1.47,24.0,11.5,0.15,80,47.31,29.96,34.4,84.15,148487.93,12.62,30.24,12.12,13.32,81.0
2026-12-17 03:00:00,-1.68,24.0,9.9,0.15,80,44.64,28.83,41.63,45.02,148477.28,6.75,25.08,10.65,15.04,91.1
2026-12-17 04:00:00,-0.89,24.0,14.88,0.252,80,50.21,36.6,35.84,100.0,148466.44,25.2,25.77,10.84,17.3,80.7
2026-12-17 05:00:00,-2.29,24.0,13.43,0.174,80,52.3,41.46,44.78,100.0,148453.94,17.4,31.58,12.5,19.97,85.5
2026-12-17 06:00:00,-0.94,24.0,12.76,0.276,80,47.32,53.71,52.71,100.0,148444.53,27.6,20.73,9.41,22.88,80.3
2026-12-17 07:00:00,-1.82,24.0,12.29,0.206,80,49.86,61.27,60.41,100.0,148432.44,20.6,30.12,12.09,25.86,83.8
2026-12-17 08:00:00,-2.0,24.0,12.8,0.15,80,46.23,70.43,64.28,100.0,148418.29,15.0,37.37,14.15,28.71,85.9
2026-12-17 09:00:00,-1.8,24.0,9.45,0.15,80,50.34,69.07,80.33,36.83,148405.23,5.52,33.55,13.06,31.21,76.2
2026-12-17 10:00:00,-1.67,24.0,8.26,0.15,80,46.91,75.08,84.61,19.92,148391.93,2.99,34.39,13.3,33.18,81.6
2026-12-17 11:00:00,-0.85,24.0,9.0,0.252,80,46.21,78.31,87.29,29.62,148379.95,7.46,29.76,11.98,34.44,85.6
2026-12-17 12:00:00,-1.32,24.0,10.84,0.1947,80,46.63,78.92,84.5,66.1,148368.42,12.87,28.17,11.53,34.88,77.7
2026-12-17 13:00:00,-1.04,24.0,10.93,0.15,80,45.05,81.08,83.25,68.34,148355.62,10.25,32.63,12.8,34.44,79.5
2026-12-17 14:00:00,-1.33,24.0,9.99,0.15,80,48.35,72.44,84.61,46.84,148343.81,7.03,29.15,11.81,33.18,85.3
2026-12-17 15:00:00,-1.16,24.0,9.14,0.15,80,45.6,72.41,80.33,31.79,148330.93,4.77,32.91,12.88,31.21,81.5
2026-12-17 16:00:00,-1.27,24.0,9.95,0.15,80,46.4,67.7,74.74,46.09,148318.19,6.91,32.44,12.75,28.71,77.9
2026-12-17 17:00:00,-1.36,24.0,10.55,0.15,80,42.12,59.12,66.34,58.93,148307.26,8.84,26.05,10.93,25.86,84.1
2026-12-17 18:00:00,-1.9,24.0,10.4,0.15,80,48.77,53.19,59.92,55.65,148294.16,8.35,33.7,13.11,22.88,85.7
2026-12-17 19:00:00,-2.46,24.0,9.19,0.15,80,48.59,44.74,54.05,32.61,148280.86,4.89,34.39,13.3,19.97,94.4
2026-12-17 20:00:00,-2.57,24.0,11.29,0.15,80,46.92,37.81,44.33,78.15,148269.19,11.72,28.67,11.67,17.3,83.5
2026-12-17 21:00:00,-2.3,24.0,10.73,0.15,80,48.05,28.9,40.11,63.35,148257.9,9.5,27.33,11.29,15.04,83.3
2026-12-17 22:00:00,-2.98,24.0,11.35,0.15,80,48.59,24.02,34.67,79.96,148247.0,11.99,25.95,10.9,13.32,81.3
2026-12-17 23:00:00,-3.79,24.0,9.59,0.15,80,47.47,26.11,34.38,39.3,148234.01,5.89,33.31,12.99,12.24,87.9
2026-12-18 00:00:00,-3.43,24.0,8.8,0.15,80,53.89,27.44,33.48,26.75,148218.01,4.01,43.83,15.99,11.9,84.1
2026-12-18 01:00:00,-3.65,24.0,10.52,0.15,80,53.77,22.74,33.55,58.38,148204.77,8.76,34.2,13.25,12.27,86.4
2026-12-18 02:00:00,-3.28,24.0,8.21,0.15,80,51.66,29.0,37.25,19.44,148189.73,2.92,40.49,15.04,13.34,83.7
2026-12-18 03:00:00,-3.9,24.0,8.39,0.15,80,53.79,30.41,41.7,21.49,148175.03,3.22,39.28,14.7,15.06,86.6
2026-12-18 04:00:00,-4.97,24.0,8.41,0.15,80,51.6,36.06,47.45,21.74,148161.0,3.26,36.95,14.03,17.32,83.2
2026-12-18 05:00:00,-5.2,24.0,9.49,0.15,80,53.03,44.01,54.11,37.57,148146.87,5.63,37.3,14.13,19.99,74.1
2026-12-18 06:00:00,-5.5,24.0,8.51,0.15,80,52.35,49.06,61.21,22.97,148132.89,3.45,36.75,13.97,22.91,79.4
2026-12-18 07:00:00,-5.33,24.0,7.58,0.15,80,53.81,60.83,68.26,13.19,148116.74,1.98,44.4,16.15,25.89,79.7
2026-12-18 08:00:00,-5.46,24.0,10.15,0.15,80,55.56,65.37,74.24,50.11,148102.08,7.52,39.17,14.66,28.73,83.1
2026-12-18 09:00:00,-4.73,24.0,9.99,0.15,80,52.17,71.76,80.39,46.78,148088.17,7.02,36.53,13.91,31.24,82.2
2026-12-18 10:00:00,-4.63,24.0,8.15,0.15,80,49.35,74.34,84.67,18.7,148074.34,2.81,36.22,13.82,33.21,88.2
2026-12-18 11:00:00,-4.29,24.0,7.22,0.15,80,52.56,75.64,87.35,10.3,148059.64,1.55,39.3,14.7,34.47,83.8
2026-12-18 12:00:00,-3.97,24.0,12.69,0.15,80,49.83,74.64,76.4,100.0,148046.72,15.0,33.06,12.92,34.9,84.4
2026-12-18 13:00:00,-3.69,24.0,10.47,0.15,80,52.77,71.99,85.29,57.23,148034.42,8.58,30.9,12.31,34.47,77.2
2026-12-18 14:00:00,-3.6,24.0,10.36,0.15,80,54.7,73.68,83.13,54.76,148020.36,8.21,37.04,14.06,33.21,83.1
2026-12-18 15:00:00,-3.26,24.0,9.61,0.15,80,52.4,63.49,80.39,39.6,148008.44,5.94,29.55,11.92,31.24,81.5
2026-12-18 16:00:00,-3.78,24.0,11.19,0.15,80,50.38,61.71,70.34,75.4,147996.26,11.31,30.44,12.17,28.73,71.8
2026-12-18 17:00:00,-3.04,24.0,11.5,0.15,80,49.96,62.77,63.15,84.21,147982.23,12.63,36.96,14.03,25.89,76.2
2026-12-18 18:00:00,-3.36,24.0,11.05,0.15,80,50.0,49.83,58.01,71.43,147969.87,10.72,31.1,12.36,22.91,86.1
2026-12-18 19:00:00,-4.38,24.0,8.22,0.15,80,49.81,46.15,54.11,19.46,147955.27,2.92,38.93,14.59,19.99,85.0
2026-12-18 20:00:00,-4.52,24.0,10.15,0.15,80,50.83,38.14,47.1,50.09,147941.98,7.51,34.36,13.29,17.32,78.7
2026-12-18 21:00:00,-5.3,24.0,9.54,0.15,80,52.88,27.54,41.7,38.35,147929.08,5.75,32.97,12.9,15.06,78.2
2026-12-18 22:00:00,-5.16,24.0,11.61,0.15,80,52.51,29.27,34.25,87.69,147915.79,13.15,34.38,13.3,13.34,75.5
2026-12-18 23:00:00,-4.08,24.0,10.76,0.15,80,48.63,29.67,33.13,64.15,147902.15,9.62,35.55,13.63,12.27,86.9
2026-12-19 00:00:00,-4.57,24.0,10.91,0.15,80,52.18,20.98,32.01,67.89,147889.83,10.18,30.96,12.32,11.92,77.5
2026-12-19 01:00:00,-4.54,24.0,8.61,0.15,80,51.91,28.32,34.49,24.27,147874.33,3.64,42.09,15.5,12.29,78.7
2026-12-19 02:00:00,-5.72,24.0,9.61,0.15,80,48.91,24.49,37.3,39.6,147862.24,5.94,30.16,12.1,13.36,85.8
2026-12-19 03:00:00,-5.48,24.0,8.79,0.15,80,53.22,25.21,41.75,26.62,147849.42,3.99,32.69,12.82,15.08,85.9
2026-12-19 04:00:00,-5.98,24.0,8.25,0.15,80,49.1,37.21,47.5,19.86,147835.71,2.98,35.83,13.71,17.34,79.6
2026-12-19 05:00:00,-6.24,24.0,6.97,0.15,80,52.44,45.85,54.16,8.61,147820.0,1.29,42.84,15.71,20.01,80.4
2026-12-19 06:00:00,-6.73,24.0,6.19,0.15,80,52.83,52.32,61.25,4.46,147804.18,0.67,43.23,15.82,22.93,82.3
2026-12-19 07:00:00,-6.05,24.0,5.79,0.15,80,53.86,65.64,68.3,2.99,147786.21,0.45,50.75,17.96,25.91,78.4
2026-12-19 08:00:00,-5.17,24.0,6.03,0.15,80,51.51,68.24,74.84,3.82,147770.08,0.57,44.34,16.14,28.75,80.6
2026-12-19 09:00:00,-4.88,24.0,8.69,0.15,80,51.82,70.78,80.43,25.28,147755.64,3.79,38.38,14.44,31.26,80.4
2026-12-19 10:00:00,-5.12,24.0,8.24,0.15,80,57.12,75.29,84.71,19.71,147739.39,2.96,44.74,16.25,33.23,84.6
2026-12-19 11:00:00,-3.9,24.0,9.24,0.15,80,48.91,86.27,87.39,33.36,147723.69,5.0,42.79,15.7,34.49,89.2
2026-12-19 12:00:00,-4.13,24.0,7.5,0.15,80,53.83,79.42,88.3,12.5,147707.92,1.87,43.07,15.78,34.92,87.6
2026-12-19 13:00:00,-5.27,24.0,8.17,0.15,80,54.48,81.38,87.39,18.92,147691.41,2.84,45.63,16.51,34.49,86.1
2026-12-19 14:00:00,-4.86,24.0,8.25,0.15,80,53.37,77.66,84.71,19.87,147675.56,2.98,43.35,15.86,33.23,75.9
2026-12-19 15:00:00,-5.47,24.0,11.6,0.15,80,56.19,67.53,74.01,87.12,147661.62,13.07,36.63,13.94,31.26,87.4
2026-12-19 16:00:00,-4.88,24.0,12.31,0.15,80,51.56,62.83,66.19,100.0,147648.65,15.0,33.2,12.96,28.75,78.0
2026-12-19 17:00:00,-5.19,24.0,11.12,0.15,80,52.72,60.13,64.48,73.42,147634.51,11.01,37.35,14.15,25.91,72.2
2026-12-19 18:00:00,-4.97,24.0,11.55,0.15,80,50.84,52.18,56.51,85.71,147621.41,12.86,33.66,13.09,22.93,77.0
2026-12-19 19:00:00,-4.32,24.0,9.65,0.15,80,46.46,45.1,54.16,40.33,147608.98,6.05,31.35,12.43,20.01,81.3
2026-12-19 20:00:00,-5.3,24.0,9.6,0.15,80,53.45,40.24,47.5,39.37,147594.0,5.9,40.28,14.98,17.34,70.8
2026-12-19 21:00:00,-5.9,24.0,7.71,0.15,80,57.93,32.37,41.75,14.3,147577.27,2.15,46.41,16.73,15.08,84.1
2026-12-19 22:00:00,-6.2,24.0,7.47,0.15,80,51.56,22.0,37.3,12.22,147563.96,1.83,34.42,13.31,13.36,84.5
2026-12-19 23:00:00,-5.5,24.0,6.86,0.15,80,50.7,23.7,34.49,7.88,147549.42,1.18,38.73,14.54,12.29,79.0
2026-12-20 00:00:00,-5.89,24.0,8.23,0.15,80,54.79,30.32,33.56,19.65,147532.07,2.95,48.6,17.35,11.94,74.7
2026-12-20 01:00:00,-6.41,24.0,8.33,0.15,80,54.43,27.52,34.52,20.74,147515.94,3.11,44.32,16.13,12.3,84.8
2026-12-20 02:00:00,-6.2,24.0,9.43,0.15,80,57.92,21.73,37.33,36.52,147501.94,5.48,36.84,14.0,13.37,75.7
2026-12-20 03:00:00,-6.57,24.0,9.27,0.15,80,54.07,29.35,41.78,33.86,147488.02,5.08,36.56,13.92,15.09,72.0
2026-12-20 04:00:00,-6.43,24.0,7.54,0.15,80,58.33,30.8,47.53,12.86,147473.21,1.93,39.68,14.81,17.35,79.9
2026-12-20 05:00:00,-7.24,24.0,8.8,0.15,80,57.21,47.44,54.18,26.72,147456.48,4.01,46.45,16.74,20.02,79.7
2026-12-20 06:00:00,-5.71,24.0,10.23,0.15,80,56.33,54.12,60.59,51.76,147440.98,7.76,42.1,15.5,22.94,82.3
2026-12-20 07:00:00,-6.29,24.0,11.8,0.15,80,52.99,59.63,62.2,93.32,147427.09,14.0,36.43,13.88,25.92,84.1
2026-12-20 08:00:00,-6.21,24.0,11.16,0.15,80,54.14,65.79,70.51,74.64,147412.7,11.2,38.22,14.39,28.76,84.8
2026-12-20 09:00:00,-5.94,24.0,11.47,0.15,80,54.56,72.63,74.54,83.4,147397.76,12.51,40.14,14.94,31.27,74.2
2026-12-20 10:00:00,-4.48,24.0,11.68,0.15,80,52.73,78.52,77.6,89.82,147382.81,13.47,40.18,14.95,33.24,71.4
2026-12-20 11:00:00,-5.02,24.0,9.59,0.15,80,51.18,78.49,87.41,39.31,147368.95,5.9,36.37,13.87,34.5,83.5
2026-12-20 12:00:00,-3.59,24.0,8.14,0.15,80,49.46,80.17,88.33,18.58,147354.47,2.79,38.52,14.48,34.94,82.6
2026-12-20 13:00:00,-2.97,24.0,6.64,0.15,80,52.99,78.37,87.41,6.62,147338.73,0.99,42.95,15.74,34.5,80.5
2026-12-20 14:00:00,-2.61,24.0,6.61,0.15,80,51.04,78.92,84.73,6.44,147322.61,0.97,44.26,16.11,33.24,82.3
2026-12-20 15:00:00,-3.18,24.0,7.11,0.15,80,47.23,76.42,80.46,9.52,147307.21,1.43,41.76,15.4,31.27,78.4
2026-12-20 16:00:00,-2.87,24.0,12.28,0.15,80,50.04,64.02,66.32,100.0,147294.38,15.0,32.74,12.83,28.76,91.5
2026-12-20 17:00:00,-3.42,24.0,11.02,0.15,80,52.96,59.64,64.85,70.7,147280.29,10.6,37.14,14.09,25.92,72.4
2026-12-20 18:00:00,-2.82,24.0,11.24,0.15,80,47.76,52.68,57.49,76.64,147267.83,11.5,31.46,12.47,22.94,85.0
2026-12-20 19:00:00,-3.64,24.0,11.25,0.15,80,51.8,42.14,50.81,76.9,147255.32,11.54,31.59,12.5,20.02,75.8
2026-12-20 20:00:00,-3.96,24.0,9.48,0.15,80,52.4,35.42,47.53,37.28,147241.94,5.59,34.69,13.39,17.35,78.7
2026-12-20 21:00:00,-4.57,24.0,7.52,0.15,80,48.37,29.68,41.78,12.7,147228.64,1.9,34.36,13.29,15.09,79.4
2026-12-20 22:00:00,-5.43,24.0,8.02,0.15,80,51.71,26.49,37.33,17.34,147214.24,2.6,38.27,14.41,13.37,76.0
2026-12-20 23:00:00,-5.23,24.0,8.98,0.15,80,51.94,24.4,34.52,29.29,147200.07,4.39,37.43,14.17,12.3,79.9
2026-12-21 00:00:00,-4.91,24.0,13.72,0.252,80,52.61,23.8,27.33,100.0,147189.77,25.2,23.87,10.3,11.94,68.2
2026-12-21 01:00:00,-4.34,24.0,11.8,0.1926,80,50.52,25.83,31.43,93.43,147178.59,17.99,26.93,11.17,12.31,74.1
2026-12-21 02:00:00,-5.53,24.0,12.85,0.15,80,54.44,24.01,32.02,100.0,147166.13,15.0,31.43,12.46,13.38,71.6
2026-12-21 03:00:00,-4.92,24.0,11.26,0.15,80,51.92,31.0,39.16,77.18,147153.46,11.58,32.18,12.67,15.1,75.2
2026-12-21 04:00:00,-3.37,24.0,11.24,0.15,80,46.8,32.79,44.59,76.8,147143.27,11.52,23.48,10.19,17.36,78.5
2026-12-21 05:00:00,-3.57,24.0,10.87,0.15,80,44.56,44.15,51.85,66.78,147132.12,10.02,26.84,11.15,20.03,82.3
2026-12-21 06:00:00,-2.28,24.0,8.48,0.15,80,47.34,57.51,61.29,22.56,147117.17,3.38,40.18,14.95,22.94,80.1
2026-12-21 07:00:00,-2.26,24.0,6.93,0.15,80,48.84,59.48,68.34,8.33,147102.64,1.25,38.72,14.54,25.92,79.0
2026-12-21 08:00:00,-2.87,24.0,5.4,0.15,80,49.43,68.67,74.88,1.9,147086.9,0.28,42.94,15.74,28.77,80.2
2026-12-21 09:00:00,-2.8,24.0,5.9,0.15,80,46.96,67.59,80.47,3.33,147073.83,0.5,33.58,13.07,31.27,79.4
2026-12-21 10:00:00,-1.92,24.0,7.67,0.15,80,49.8,73.53,84.74,13.98,147059.93,2.1,36.5,13.9,33.24,81.7
2026-12-21 11:00:00,-2.2,24.0,6.8,0.15,80,47.53,79.16,87.42,7.51,147045.56,1.13,38.14,14.37,34.51,81.7
2026-12-21 12:00:00,-2.36,24.0,7.72,0.15,80,50.53,70.45,88.34,14.44,147033.37,2.17,30.48,12.19,34.94,79.3
2026-12-21 13:00:00,-1.85,24.0,7.27,0.15,80,49.83,79.04,87.42,10.68,147018.52,1.6,39.84,14.85,34.51,75.7
2026-12-21 14:00:00,-1.76,24.0,8.92,0.15,80,49.54,74.55,84.74,28.44,147005.02,4.27,35.08,13.5,33.24,83.4
2026-12-21 15:00:00,-1.4,24.0,10.1,0.15,80,48.57,69.94,80.05,49.17,146992.66,7.38,31.09,12.36,31.27,88.1
2026-12-21 16:00:00,-1.31,24.0,10.83,0.15,80,44.42,70.35,71.79,65.73,146979.72,9.86,33.12,12.94,28.77,78.7
2026-12-21 17:00:00,-1.15,24.0,10.3,0.15,80,46.34,55.83,67.31,53.39,146968.57,8.01,26.85,11.15,25.92,83.6
2026-12-21 18:00:00,-1.61,24.0,9.1,0.15,80,50.78,53.69,61.29,31.11,146954.09,4.67,38.51,14.48,22.94,81.6
2026-12-21 19:00:00,-1.71,24.0,10.3,0.15,80,47.11,46.71,53.4,53.26,146941.35,7.99,32.43,12.74,20.03,86.6
2026-12-21 20:00:00,-2.56,24.0,8.73,0.15,80,45.57,34.32,47.54,25.76,146929.73,3.86,28.49,11.62,17.36,78.7
2026-12-21 21:00:00,-2.07,24.0,7.99,0.15,80,49.78,23.75,41.79,17.06,146917.91,2.56,29.18,11.82,15.1,82.4
2026-12-21 22:00:00,-2.75,24.0,7.07,0.15,80,50.45,27.33,37.34,9.26,146903.28,1.39,39.04,14.63,13.38,82.3
2026-12-21 23:00:00,-2.35,24.0,8.19,0.15,80,48.4,28.15,34.54,19.17,146888.63,2.88,39.14,14.65,12.31,84.5
2026-12-22 00:00:00,-2.54,24.0,9.04,0.15,80,48.31,29.84,33.57,30.2,146873.71,4.53,40.05,14.91,11.94,77.6
2026-12-22 01:00:00,-2.62,24.0,9.5,0.15,80,49.57,20.77,34.53,37.75,146861.62,5.66,30.14,12.09,12.3,84.6
2026-12-22 02:00:00,-3.05,24.0,8.98,0.15,80,51.39,25.62,37.34,29.34,146848.07,4.4,35.27,13.55,13.38,80.0
2026-12-22 03:00:00,-3.73,24.0,7.41,0.15,80,50.96,36.52,41.78,11.73,146832.05,1.76,43.93,16.02,15.1,84.8
2026-12-22 04:00:00,-4.77,24.0,9.86,0.15,80,53.67,37.27,47.54,44.22,146818.07,6.63,36.76,13.98,17.36,79.4
2026-12-22 05:00:00,-5.3,24.0,9.55,0.15,80,56.88,45.1,54.19,38.53,146802.6,5.78,42.02,15.47,20.02,87.3
2026-12-22 06:00:00,-5.32,24.0,8.98,0.15,80,52.65,54.27,61.29,29.37,146787.35,4.41,41.23,15.25,22.94,73.0
2026-12-22 07:00:00,-4.97,24.0,9.22,0.15,80,58.61,60.3,68.34,32.97,146770.84,4.95,45.64,16.51,25.92,84.0
2026-12-22 08:00:00,-4.09,24.0,7.98,0.15,80,55.34,65.15,74.87,16.97,146755.07,2.55,43.07,15.78,28.77,83.5
2026-12-22 09:00:00,-4.09,24.0,6.85,0.15,80,50.3,70.37,80.46,7.82,146740.44,1.17,39.04,14.63,31.27,84.2
2026-12-22 10:00:00,-4.35,24.0,7.05,0.15,80,56.23,79.12,84.74,9.1,146722.9,1.37,49.25,17.54,33.24,87.0
2026-12-22 11:00:00,-4.96,24.0,6.57,0.15,80,51.51,79.45,87.42,6.22,146707.26,0.93,42.61,15.64,34.5,72.3
2026-12-22 12:00:00,-4.43,24.0,6.28,0.15,80,57.22,79.11,88.33,4.86,146690.28,0.73,47.27,16.97,34.94,92.5
2026-12-22 13:00:00,-3.4,24.0,8.88,0.15,80,49.71,71.49,87.42,27.85,146678.35,4.18,29.61,11.94,34.5,85.0
2026-12-22 14:00:00,-2.53,24.0,8.93,0.15,80,50.05,73.21,84.74,28.62,146665.09,4.29,34.23,13.26,33.24,92.8
2026-12-22 15:00:00,-2.07,24.0,8.8,0.15,80,49.3,77.32,80.46,26.81,146649.58,4.02,42.13,15.51,31.27,92.8
2026-12-22 16:00:00,-1.73,24.0,9.49,0.15,80,46.84,63.62,74.87,37.51,146637.54,5.63,29.97,12.04,28.77,85.8
2026-12-22 17:00:00,-0.83,24.0,11.87,0.252,80,47.27,60.44,61.94,95.8,146627.88,24.14,21.63,9.67,25.92,85.7
2026-12-22 18:00:00,-0.82,24.0,9.53,0.354,80,48.83,52.22,61.29,38.21,146616.9,13.52,26.24,10.98,22.94,88.1
2026-12-22 19:00:00,-0.69,24.0,10.75,0.456,80,46.25,39.86,52.15,63.91,146612.02,29.14,4.82,4.87,20.02,73.1
2026-12-22 20:00:00,-1.17,24.0,10.46,0.3965,80,47.4,33.66,46.43,57.03,146605.1,22.61,12.01,6.92,17.36,83.7
2026-12-22 21:00:00,-2.3,24.0,8.68,0.3444,80,50.36,25.12,41.78,25.14,146594.46,8.66,25.04,10.64,15.1,88.1
2026-12-22 22:00:00,-3.01,24.0,7.98,0.2954,80,47.23,21.35,37.34,16.99,146583.49,5.02,26.22,10.97,13.38,90.4
2026-12-22 23:00:00,-3.29,24.0,8.12,0.2507,80,50.28,27.1,34.53,18.45,146569.1,4.62,38.23,14.39,12.3,81.0
2026-12-23 00:00:00,-3.29,24.0,9.01,0.199,80,52.88,23.09,33.55,29.81,146555.2,5.93,36.48,13.9,11.93,84.3
2026-12-23 01:00:00,-2.32,24.0,8.03,0.152,80,47.98,31.26,34.51,17.42,146539.7,2.65,42.09,15.49,12.29,86.1
2026-12-23 02:00:00,-2.41,24.0,8.34,0.15,80,50.05,28.87,37.31,20.86,146525.24,3.13,38.47,14.46,13.37,82.8
2026-12-23 03:00:00,-1.76,24.0,9.14,0.15,80,44.09,29.76,41.76,31.71,146513.95,4.76,27.33,11.29,15.09,79.0
2026-12-23 04:00:00,-2.03,24.0,8.83,0.15,80,48.38,38.85,47.51,27.2,146500.29,4.08,35.65,13.66,17.35,80.2
2026-12-23 05:00:00,-2.16,24.0,10.46,0.15,80,48.04,37.58,52.93,56.87,146489.91,8.53,24.15,10.38,20.02,78.2
2026-12-23 06:00:00,-2.83,24.0,11.67,0.15,80,49.5,52.19,56.16,89.28,146477.25,13.39,32.13,12.66,22.93,75.3
2026-12-23 07:00:00,-3.09,24.0,10.71,0.15,80,49.41,63.41,65.88,62.93,146463.06,9.44,37.5,14.19,25.91,81.8
2026-12-23 08:00:00,-2.53,24.0,13.2,0.15,80,51.64,62.03,62.87,100.0,146449.36,15.0,35.8,13.7,28.76,94.2
2026-12-23 09:00:00,-2.28,24.0,10.29,0.15,80,46.53,73.06,79.29,53.09,146436.64,7.96,32.34,12.72,31.26,84.5
2026-12-23 10:00:00,-1.46,24.0,7.53,0.15,80,46.49,75.55,84.72,12.78,146423.05,1.92,35.41,13.59,33.23,82.5
2026-12-23 11:00:00,-1.12,24.0,7.45,0.15,80,45.02,72.47,87.4,12.11,146411.49,1.82,28.27,11.56,34.49,86.0
2026-12-23 12:00:00,-1.15,24.0,8.17,0.15,80,43.87,82.74,88.31,18.97,146397.89,2.84,35.46,13.61,34.93,80.0
2026-12-23 13:00:00,0.29,24.0,8.79,0.252,80,44.85,80.63,87.4,26.65,146385.45,6.72,31.36,12.44,34.49,76.9
2026-12-23 14:00:00,0.29,24.0,8.68,0.354,80,42.93,76.66,84.72,25.13,146374.55,8.9,25.97,10.9,33.23,81.8
2026-12-23 15:00:00,0.98,24.0,7.31,0.456,80,45.54,66.9,80.44,10.99,146363.36,5.01,26.99,11.19,31.26,80.1
2026-12-23 16:00:00,0.65,24.0,6.53,0.558,80,45.6,63.43,74.85,6.04,146351.08,3.37,30.81,12.28,28.76,76.2
2026-12-23 17:00:00,0.93,24.0,8.74,0.66,80,45.35,59.86,68.32,25.88,146341.93,17.08,19.81,9.15,25.91,82.9
2026-12-23 18:00:00,1.26,24.0,10.42,0.762,80,46.27,56.82,59.96,56.15,146338.33,42.78,0.35,3.6,22.93,88.4
2026-12-23 19:00:00,1.11,24.0,10.58,0.864,80,39.86,43.51,52.59,59.81,146334.83,51.67,0.0,3.5,20.02,87.8
2026-12-23 20:00:00,-0.63,24.0,10.66,0.966,80,49.27,37.04,45.96,61.54,146331.33,59.45,0.0,3.5,17.35,85.9
2026-12-23 21:00:00,-0.93,24.0,10.45,1.0,80,46.31,27.7,40.83,56.62,146327.83,56.62,0.0,3.5,15.09,92.6
2026-12-23 22:00:00,-0.5,24.0,8.9,1.0,80,47.29,31.69,37.31,28.17,146320.49,28.17,13.49,7.34,13.37,81.9
2026-12-23 23:00:00,-0.49,24.0,8.59,1.0,80,43.56,22.58,34.51,23.98,146314.81,23.98,7.65,5.68,12.29,86.8
2026-12-24 00:00:00,-0.31,24.0,9.37,1.0,80,42.67,25.88,33.5,35.41,146311.31,35.41,0.0,3.5,11.91,82.8
2026-12-24 01:00:00,-1.57,24.0,9.3,0.9425,80,48.56,29.56,34.47,34.36,146304.59,32.38,11.27,6.71,12.28,90.9
2026-12-24 02:00:00,-2.16,24.0,7.07,0.9043,80,49.94,24.74,37.27,9.26,146292.82,8.38,29.03,11.77,13.35,79.3
2026-12-24 03:00:00,-1.98,24.0,10.18,0.8439,80,45.37,29.08,41.34,50.76,146289.32,42.84,0.0,3.5,15.07,87.2
2026-12-24 04:00:00,-1.74,24.0,11.29,0.7787,80,49.0,33.79,44.41,78.16,146285.82,60.87,0.0,3.5,17.33,84.9
2026-12-24 05:00:00,-0.94,24.0,9.72,0.8807,80,48.0,39.99,54.13,41.6,146282.32,36.64,0.0,3.5,20.0,90.4
2026-12-24 06:00:00,-0.91,24.0,9.85,0.9827,80,47.8,48.74,61.23,44.05,146278.82,43.29,0.0,3.5,22.92,84.4
2026-12-24 07:00:00,-0.5,24.0,11.73,1.0,80,46.11,64.97,62.36,91.39,146275.32,91.39,0.0,3.5,25.9,83.4
2026-12-24 08:00:00,-0.29,24.0,9.35,1.0,80,46.13,61.22,74.82,35.14,146271.82,35.14,0.0,3.5,28.74,83.0
2026-12-24 09:00:00,-0.66,24.0,9.17,1.0,80,49.79,68.75,80.41,32.24,146266.64,32.24,5.9,5.18,31.25,83.7
2026-12-24 10:00:00,-1.8,24.0,8.88,0.9551,80,46.51,70.74,84.68,27.9,146261.45,26.65,5.92,5.19,33.22,74.3
2026-12-24 11:00:00,-1.31,24.0,8.52,0.908,80,48.95,74.81,87.36,23.03,146253.54,20.91,15.49,7.91,34.48,81.4
2026-12-24 12:00:00,-1.01,24.0,10.04,0.8524,80,47.49,77.14,88.1,47.89,146250.04,40.82,0.0,3.5,34.91,81.3
2026-12-24 13:00:00,-1.24,24.0,9.24,0.8032,80,43.91,77.66,87.36,33.4,146244.44,26.83,7.37,5.6,34.48,78.4
2026-12-24 14:00:00,-2.13,24.0,7.39,0.7627,80,45.17,79.06,84.68,11.6,146232.19,8.85,30.7,12.25,33.22,80.6
2026-12-24 15:00:00,-1.72,24.0,6.08,0.7299,80,48.04,73.76,80.41,4.0,146217.72,2.92,38.48,14.47,31.25,79.2
2026-12-24 16:00:00,-1.93,24.0,4.99,0.7025,80,44.47,68.13,74.82,1.07,146203.67,0.76,37.03,14.05,28.74,81.0
2026-12-24 17:00:00,-1.71,24.0,5.73,0.6686,80,42.38,62.47,68.28,2.79,146190.28,1.87,34.7,13.39,25.9,86.8
2026-12-24 18:00:00,-0.76,24.0,7.42,0.7706,80,53.45,47.33,61.23,11.88,146178.12,9.15,30.39,12.16,22.92,87.6
2026-12-24 19:00:00,-2.3,24.0,6.74,0.7288,80,46.44,44.37,54.13,7.2,146165.66,5.25,31.43,12.46,20.0,91.2
2026-12-24 20:00:00,-2.99,24.0,7.84,0.6839,80,51.65,40.41,47.47,15.57,146152.49,10.65,33.94,13.17,17.33,84.3
2026-12-24 21:00:00,-3.39,24.0,8.79,0.6391,80,50.77,35.6,41.72,26.68,146141.12,17.05,27.61,11.37,15.07,74.9
2026-12-24 22:00:00,-2.79,24.0,7.92,0.5954,80,54.44,30.08,37.27,16.3,146126.92,9.7,37.54,14.2,13.35,81.3
2026-12-24 23:00:00,-4.04,24.0,8.5,0.5498,80,55.43,24.13,34.47,22.82,146114.14,12.55,32.54,12.77,12.28,78.8
2026-12-25 00:00:00,-2.91,24.0,9.25,0.5008,80,50.75,27.52,33.44,33.56,146102.66,16.8,28.02,11.49,11.89,77.9
2026-12-25 01:00:00,-3.02,24.0,8.98,0.447,80,46.55,23.09,34.4,29.27,146092.85,13.09,22.15,9.81,12.25,88.1
2026-12-25 02:00:00,-3.2,24.0,8.33,0.3989,80,53.33,30.58,37.21,20.81,146078.4,8.3,38.39,14.44,13.33,84.9
2026-12-25 03:00:00,-3.37,24.0,8.87,0.349,80,47.49,27.1,41.66,27.73,146068.28,9.68,23.26,10.13,15.05,82.8
2026-12-25 04:00:00,-3.61,24.0,12.03,0.2877,80,52.96,33.39,42.6,100.0,146060.51,28.77,14.97,7.77,17.31,74.9
2026-12-25 05:00:00,-2.89,24.0,10.82,0.2271,80,47.29,47.61,51.85,65.7,146048.99,14.92,28.14,11.52,19.98,82.4
2026-12-25 06:00:00,-3.38,24.0,9.84,0.1641,80,49.15,52.52,61.17,43.93,146036.0,7.21,33.29,12.99,22.89,94.1
2026-12-25 07:00:00,-2.97,24.0,9.39,0.15,80,54.72,62.46,68.23,35.75,146020.08,5.36,43.59,15.92,25.87,78.6
2026-12-25 08:00:00,-2.96,24.0,7.57,0.15,80,50.13,68.51,74.77,13.07,146004.63,1.96,41.92,15.45,28.72,81.7
2026-12-25 09:00:00,-3.16,24.0,8.08,0.15,80,48.18,67.47,80.36,17.93,145991.84,2.69,32.6,12.79,31.23,89.6
2026-12-25 10:00:00,-1.33,24.0,7.66,0.15,80,46.58,75.0,84.63,13.9,145978.4,2.09,34.86,13.44,33.19,81.8
2026-12-25 11:00:00,-0.85,24.0,6.57,0.252,80,46.84,74.84,87.32,6.23,145965.56,1.57,32.79,12.84,34.46,82.1
2026-12-25 12:00:00,-0.29,24.0,7.06,0.354,80,43.57,72.11,88.23,9.15,145955.16,3.24,24.21,10.4,34.89,83.6
2026-12-25 13:00:00,0.53,24.0,5.22,0.456,80,46.44,76.88,87.32,1.51,145941.6,0.69,35.31,13.56,34.46,87.1
2026-12-25 14:00:00,-0.27,24.0,5.88,0.558,80,43.62,72.73,84.63,3.26,145929.58,1.82,29.9,12.02,33.19,80.1
2026-12-25 15:00:00,0.8,24.0,5.22,0.66,80,40.29,72.77,80.36,1.49,145917.04,0.99,31.72,12.54,31.23,90.2
2026-12-25 16:00:00,-0.8,24.0,4.21,0.762,80,45.76,69.4,74.77,0.24,145902.08,0.19,40.21,14.96,28.72,82.4
2026-12-25 17:00:00,-1.39,24.0,6.9,0.7221,80,45.82,58.01,68.23,8.12,145890.1,5.86,29.75,11.98,25.87,85.0
2026-12-25 18:00:00,-1.85,24.0,9.55,0.6692,80,48.19,49.12,61.17,38.5,145883.64,25.76,10.37,6.46,22.89,81.5
2026-12-25 19:00:00,-1.73,24.0,8.28,0.6259,80,47.24,43.96,54.07,20.15,145873.16,12.61,24.51,10.49,19.98,77.0
2026-12-25 20:00:00,-1.87,24.0,8.53,0.5837,80,49.8,37.37,47.42,23.22,145862.19,13.56,26.2,10.97,17.31,72.6
2026-12-25 21:00:00,-2.26,24.0,7.81,0.5389,80,50.07,31.42,41.66,15.27,145849.68,8.23,31.6,12.51,15.05,84.5
2026-12-25 22:00:00,-2.55,24.0,8.04,0.4984,80,44.54,32.51,37.21,17.54,145837.32,8.74,31.08,12.36,13.33,74.0
2026-12-25 23:00:00,-3.41,24.0,8.0,0.4515,80,50.18,29.13,34.4,17.19,145823.24,7.76,37.14,14.09,12.25,86.3
2026-12-26 00:00:00,-4.37,24.0,7.4,0.41,80,50.8,25.3,33.37,11.7,145808.93,4.8,37.93,14.31,11.86,82.4
2026-12-26 01:00:00,-4.09,24.0,8.54,0.3566,80,50.67,32.65,34.33,23.29,145793.83,8.31,40.68,15.1,12.23,92.1
2026-12-26 02:00:00,-3.78,24.0,7.22,0.3177,80,46.91,28.97,37.14,10.28,145780.22,3.27,35.48,13.61,13.3,79.2
2026-12-26 03:00:00,-2.86,24.0,5.87,0.2811,80,42.46,32.79,41.58,3.25,145767.39,0.91,32.75,12.83,15.02,91.5
2026-12-26 04:00:00,-3.32,24.0,7.76,0.2384,80,53.44,42.45,47.34,14.82,145751.06,3.53,45.02,16.33,17.28,81.1
2026-12-26 05:00:00,-2.81,24.0,8.65,0.1869,80,48.84,45.52,54.0,24.72,145737.37,4.62,35.73,13.68,19.95,87.5
2026-12-26 06:00:00,-2.84,24.0,8.65,0.15,80,50.04,53.03,61.1,24.79,145722.97,3.72,38.25,14.4,22.86,85.6
2026-12-26 07:00:00,-1.92,24.0,8.55,0.15,80,46.46,61.2,68.16,23.46,145709.22,3.52,35.98,13.76,25.84,74.4
2026-12-26 08:00:00,-1.07,24.0,8.58,0.15,80,43.5,65.9,74.7,23.83,145696.84,3.58,31.13,12.37,28.69,98.0
2026-12-26 09:00:00,-0.71,24.0,8.39,0.252,80,44.9,69.47,80.29,21.51,145685.18,5.42,28.65,11.67,31.2,92.6
2026-12-26 10:00:00,-0.68,24.0,8.11,0.354,80,43.82,71.22,84.57,18.29,145674.84,6.48,23.99,10.34,33.16,86.5
2026-12-26 11:00:00,0.12,24.0,8.27,0.456,80,46.34,80.57,87.25,20.1,145662.65,9.17,30.49,12.19,34.43,91.7
2026-12-26 12:00:00,0.69,24.0,8.49,0.558,80,45.74,81.55,88.17,22.71,145651.61,12.67,26.45,11.04,34.86,86.9
2026-12-26 13:00:00,0.4,24.0,9.28,0.66,80,46.45,75.65,87.25,33.94,145644.56,22.4,12.45,7.05,34.43,89.7
2026-12-26 14:00:00,-0.34,24.0,9.93,0.762,80,46.38,74.95,84.57,45.56,145640.48,34.71,2.04,4.08,33.16,85.5
2026-12-26 15:00:00,-0.51,24.0,9.15,0.864,80,41.52,69.13,80.29,31.93,145636.19,27.59,2.77,4.29,31.2,79.4
2026-12-26 16:00:00,0.35,24.0,8.72,0.966,80,44.2,67.68,74.7,25.68,145629.17,24.81,12.37,7.03,28.69,84.8
2026-12-26 17:00:00,0.9,24.0,8.28,1.0,80,43.19,61.93,68.16,20.17,145620.88,20.17,16.8,8.29,25.84,83.1
2026-12-26 18:00:00,0.01,24.0,8.52,1.0,80,45.37,51.44,61.1,23.11,145613.79,23.11,12.59,7.09,22.86,88.2
2026-12-26 19:00:00,-0.95,24.0,8.41,1.0,80,45.02,43.4,54.0,21.7,145606.66,21.7,12.72,7.13,19.95,79.0
2026-12-26 20:00:00,-0.45,24.0,10.37,1.0,80,46.38,35.8,46.47,54.87,145603.16,54.87,0.0,3.5,17.28,85.4
2026-12-26 21:00:00,-1.45,24.0,10.64,0.9444,80,48.03,28.09,40.26,61.13,145599.66,57.73,0.0,3.5,15.02,76.9
2026-12-26 22:00:00,-1.44,24.0,12.04,0.8725,80,46.67,27.48,33.34,100.0,145596.16,87.25,0.0,3.5,13.3,87.8
2026-12-26 23:00:00,-2.09,24.0,11.89,0.81,80,48.86,19.18,31.08,96.41,145592.66,78.09,0.0,3.5,12.23,77.3
2026-12-27 00:00:00,-1.2,24.0,13.99,0.7271,80,47.69,25.53,26.63,100.0,145589.16,72.71,0.0,3.5,11.82,87.1
2026-12-27 01:00:00,-1.87,24.0,12.97,0.6528,80,48.17,30.81,29.14,100.0,145585.66,65.28,0.0,3.5,12.19,84.2
2026-12-27 02:00:00,-1.31,24.0,14.59,0.5643,80,47.82,28.38,28.54,100.0,145582.16,56.43,0.0,3.5,13.26,89.2
2026-12-27 03:00:00,-1.28,24.0,11.68,0.4982,80,48.44,26.95,38.01,89.67,145578.66,44.67,0.0,3.5,14.98,83.3
2026-12-27 04:00:00,-1.13,24.0,9.06,0.4438,80,45.95,33.64,47.25,30.46,145569.8,13.52,18.82,8.86,17.24,88.2
2026-12-27 05:00:00,-2.26,24.0,9.23,0.3911,80,46.87,42.56,53.91,33.23,145559.88,12.99,22.52,9.92,19.91,84.0
2026-12-27 06:00:00,-3.45,24.0,12.5,0.3192,80,51.11,50.51,53.38,100.0,145551.73,31.92,16.32,8.15,22.83,84.6
2026-12-27 07:00:00,-3.37,24.0,11.13,0.2635,80,48.95,62.27,64.23,73.69,145540.37,19.42,27.57,11.36,25.81,73.5
2026-12-27 08:00:00,-2.97,24.0,9.42,0.2126,80,49.58,63.66,74.62,36.36,145528.07,7.73,30.89,12.3,28.65,79.6
2026-12-27 09:00:00,-3.38,24.0,9.29,0.161,80,49.94,72.96,80.21,34.11,145513.97,5.49,37.2,14.1,31.16,81.6
2026-12-27 10:00:00,-3.76,24.0,9.67,0.15,80,54.54,74.34,84.49,40.67,145499.56,6.1,38.29,14.41,33.13,89.0
2026-12-27 11:00:00,-3.15,24.0,8.75,0.15,80,51.56,78.14,87.18,26.12,145485.05,3.92,38.6,14.5,34.39,84.4
2026-12-27 12:00:00,-2.58,24.0,9.57,0.15,80,51.72,79.98,88.09,38.84,145470.79,5.83,37.79,14.27,34.82,74.5
2026-12-27 13:00:00,-2.5,24.0,12.45,0.15,80,49.77,78.63,76.52,100.0,145456.77,15.0,36.89,14.01,34.39,85.3
2026-12-27 14:00:00,-1.91,24.0,13.32,0.15,80,48.6,79.81,70.47,100.0,145441.04,15.0,42.93,15.73,33.13,79.2
2026-12-27 15:00:00,-2.59,24.0,11.28,0.15,80,49.93,75.08,75.09,77.81,145426.64,11.67,38.25,14.4,31.16,79.1
2026-12-27 16:00:00,-2.83,24.0,9.94,0.15,80,48.38,63.66,74.62,45.91,145414.43,6.89,30.54,12.2,28.65,82.6
2026-12-27 17:00:00,-1.93,24.0,9.14,0.15,80,45.48,66.76,68.07,31.8,145399.71,4.77,39.39,14.73,25.81,84.9
2026-12-27 18:00:00,-2.05,24.0,8.65,0.15,80,49.46,52.98,61.02,24.75,145385.46,3.71,37.72,14.25,22.83,79.6
2026-12-27 19:00:00,-2.2,24.0,7.17,0.15,80,49.53,45.36,53.91,9.95,145370.7,1.49,39.49,14.75,19.91,74.6
2026-12-27 20:00:00,-1.06,24.0,8.66,0.15,80,49.79,39.27,47.25,24.88,145356.35,3.73,38.08,14.35,17.24,83.3
2026-12-27 21:00:00,-2.21,24.0,8.21,0.15,80,50.31,26.94,41.49,19.36,145343.49,2.9,32.85,12.86,14.98,82.2
2026-12-27 22:00:00,-2.01,24.0,10.14,0.15,80,47.15,31.61,36.78,49.96,145330.16,7.49,34.5,13.33,13.26,90.7
2026-12-27 23:00:00,-1.28,24.0,11.99,0.15,80,44.52,26.6,30.83,99.58,145319.43,14.94,25.36,10.73,12.19,84.3
2026-12-28 00:00:00,-1.57,24.0,9.05,0.15,80,48.2,29.55,33.15,30.39,145304.52,4.56,40.04,14.91,11.78,89.7
2026-12-28 01:00:00,-1.25,24.0,12.62,0.15,80,46.99,25.46,29.64,100.0,145293.09,15.0,27.81,11.43,12.14,94.6
2026-12-28 02:00:00,-1.98,24.0,12.31,0.15,80,46.84,23.87,32.67,100.0,145283.03,15.0,23.04,10.07,13.22,78.0
2026-12-28 03:00:00,-2.46,24.0,11.34,0.15,80,50.02,31.9,38.6,79.7,145270.59,11.96,31.36,12.44,14.94,90.5
2026-12-28 04:00:00,-2.22,24.0,10.21,0.15,80,45.82,33.77,46.66,51.32,145259.89,7.7,25.24,10.69,17.2,88.0
2026-12-28 05:00:00,-1.65,24.0,9.84,0.15,80,46.2,43.08,53.81,43.82,145248.16,6.57,28.9,11.74,19.87,72.7
2026-12-28 06:00:00,-0.84,24.0,8.91,0.252,80,52.58,45.01,60.91,28.26,145236.24,7.12,29.55,11.92,22.79,83.4
2026-12-28 07:00:00,0.28,24.0,9.29,0.354,80,42.83,64.7,67.98,34.16,145224.91,12.09,27.46,11.33,25.76,88.7
2026-12-28 08:00:00,0.44,24.0,7.59,0.456,80,45.97,64.83,74.52,13.27,145212.79,6.05,30.23,12.12,28.61,87.0
2026-12-28 09:00:00,1.38,24.0,8.35,0.558,80,47.21,70.41,80.12,20.96,145201.94,11.69,25.81,10.86,31.12,94.3
2026-12-28 10:00:00,1.38,24.0,7.67,0.66,80,46.86,75.28,84.4,13.96,145190.31,9.21,28.53,11.63,33.08,89.0
2026-12-28 11:00:00,2.12,24.0,5.89,0.762,80,46.49,79.19,87.08,3.32,145176.53,2.53,36.06,13.78,34.35,79.4
2026-12-28 12:00:00,2.4,24.0,6.88,0.864,80,45.99,74.55,88.0,8.0,145165.72,6.91,25.63,10.81,34.78,90.8
2026-12-28 13:00:00,2.5,24.0,7.68,0.966,80,44.96,73.22,87.08,14.02,145157.22,13.54,17.55,8.5,34.35,81.2
2026-12-28 14:00:00,2.5,24.0,7.71,1.0,80,48.16,78.47,84.4,14.34,145145.77,14.34,27.89,11.45,33.08,84.1
2026-12-28 15:00:00,2.05,24.0,6.35,1.0,80,48.04,69.73,80.12,5.14,145133.01,5.14,32.51,12.77,31.12,92.0
2026-12-28 16:00:00,1.28,24.0,8.93,1.0,80,47.21,67.36,74.52,28.59,145126.24,28.59,11.46,6.76,28.61,90.9
2026-12-28 17:00:00,1.19,24.0,9.26,1.0,80,48.52,59.11,67.98,33.73,145121.05,33.73,5.93,5.19,25.76,86.1
2026-12-28 18:00:00,-0.05,24.0,7.69,1.0,80,47.17,54.7,60.91,14.11,145109.9,14.11,26.84,11.15,22.79,81.3
2026-12-28 19:00:00,0.21,24.0,8.01,1.0,80,44.27,42.93,53.81,17.24,145101.8,17.24,16.15,8.1,19.87,84.2
2026-12-28 20:00:00,0.44,24.0,8.19,1.0,80,43.48,37.32,47.14,19.2,145094.18,19.2,14.45,7.62,17.2,84.8
2026-12-28 21:00:00,0.32,24.0,6.62,1.0,80,45.81,31.67,41.38,6.5,145082.24,6.5,29.61,11.94,14.94,82.4
2026-12-28 22:00:00,-0.67,24.0,7.6,1.0,80,46.68,27.17,36.93,13.32,145072.01,13.32,23.6,10.23,13.22,90.2
2026-12-28 23:00:00,-0.13,24.0,9.22,1.0,80,46.22,26.9,34.12,32.95,145066.79,32.95,6.05,5.22,12.14,82.8
2026-12-29 00:00:00,0.98,24.0,10.06,1.0,80,48.37,25.17,32.92,48.23,145063.29,48.23,0.0,3.5,11.73,84.4
2026-12-29 01:00:00,0.84,24.0,8.62,1.0,80,44.17,21.36,33.98,24.39,145057.75,24.39,7.15,5.54,12.09,84.5
2026-12-29 02:00:00,0.97,24.0,10.3,1.0,80,44.67,21.62,36.24,53.42,145054.25,53.42,0.0,3.5,13.17,89.2
2026-12-29 03:00:00,0.99,24.0,9.3,1.0,80,45.66,26.17,41.25,34.32,145050.75,34.32,0.0,3.5,14.89,87.0
2026-12-29 04:00:00,1.27,24.0,11.65,1.0,80,44.67,34.24,43.13,88.93,145047.25,88.93,0.0,3.5,17.15,87.0
2026-12-29 05:00:00,1.23,24.0,9.16,1.0,80,40.97,46.92,53.69,32.07,145043.14,32.07,2.13,4.11,19.82,81.2
2026-12-29 06:00:00,1.3,24.0,8.98,1.0,80,43.99,46.26,60.79,29.28,145039.6,29.28,0.17,3.55,22.74,87.2
2026-12-29 07:00:00,2.0,24.0,9.24,1.0,80,42.84,61.62,67.86,33.4,145035.18,33.4,3.2,4.41,25.72,90.2
2026-12-29 08:00:00,2.5,24.0,8.21,1.0,80,48.01,64.08,74.41,19.4,145026.47,19.4,18.28,8.71,28.56,85.2
2026-12-29 09:00:00,2.5,24.0,9.45,1.0,80,43.18,72.43,80.01,36.84,145022.97,36.84,0.0,3.5,31.07,87.6
2026-12-29 10:00:00,2.5,24.0,9.7,1.0,80,44.91,79.48,84.29,41.22,145019.47,41.22,0.0,3.5,33.03,91.5
2026-12-29 11:00:00,2.5,24.0,7.35,1.0,80,45.11,77.76,86.98,11.28,145008.96,11.28,24.62,10.52,34.29,82.9
2026-12-29 12:00:00,2.5,24.0,8.12,1.0,80,46.1,80.73,87.89,18.45,144999.62,18.45,20.48,9.34,34.73,82.9
2026-12-29 13:00:00,2.5,24.0,8.25,1.0,80,45.57,75.17,86.98,19.9,144992.17,19.9,13.86,7.45,34.29,86.3
2026-12-29 14:00:00,2.49,24.0,7.31,1.0,80,45.69,73.01,84.29,10.97,144981.99,10.97,23.44,10.18,33.03,90.8
2026-12-29 15:00:00,2.5,24.0,12.01,1.0,80,43.07,74.4,71.96,100.0,144978.49,100.0,0.0,3.5,31.07,72.0
2026-12-29 16:00:00,2.5,24.0,13.01,1.0,80,44.4,72.31,63.21,100.0,144974.99,100.0,0.0,3.5,28.56,85.9
2026-12-29 17:00:00,2.5,24.0,11.06,1.0,80,41.95,62.65,64.26,71.85,144971.49,71.85,0.0,3.5,25.72,83.4
2026-12-29 18:00:00,2.5,24.0,10.53,1.0,80,45.83,46.94,59.19,58.5,144967.99,58.5,0.0,3.5,22.74,88.7
2026-12-29 19:00:00,2.5,24.0,9.37,1.0,80,43.31,40.83,53.69,35.48,144964.49,35.48,0.0,3.5,19.82,86.4
2026-12-29 20:00:00,2.5,24.0,10.3,1.0,80,47.97,35.25,46.31,53.42,144960.99,53.42,0.0,3.5,17.15,92.6
2026-12-29 21:00:00,2.5,24.0,12.14,1.0,80,40.65,31.05,36.83,100.0,144957.49,100.0,0.0,3.5,14.89,90.1
2026-12-29 22:00:00,2.5,24.0,10.67,1.0,80,49.23,24.48,35.56,61.95,144953.99,61.95,0.0,3.5,13.17,85.7
2026-12-29 23:00:00,2.39,24.0,11.4,1.0,80,45.51,27.3,31.61,81.23,144950.49,81.23,0.0,3.5,12.09,81.7
2026-12-30 00:00:00,1.52,24.0,10.62,1.0,80,44.33,22.0,31.85,60.62,144946.99,60.62,0.0,3.5,11.67,87.9
2026-12-30 01:00:00,1.08,24.0,9.71,1.0,80,46.21,28.49,33.83,41.44,144943.49,41.44,0.0,3.5,12.04,84.3
2026-12-30 02:00:00,1.58,24.0,11.83,1.0,80,48.22,26.75,33.3,94.38,144939.99,94.38,0.0,3.5,13.11,85.2
2026-12-30 03:00:00,1.81,24.0,10.97,1.0,80,49.15,31.79,39.12,69.35,144936.49,69.35,0.0,3.5,14.83,80.5
2026-12-30 04:00:00,2.15,24.0,10.2,1.0,80,44.99,30.76,46.4,51.23,144932.99,51.23,0.0,3.5,17.09,87.4
2026-12-30 05:00:00,2.26,24.0,10.42,1.0,80,40.61,44.93,52.43,55.98,144929.49,55.98,0.0,3.5,19.76,84.2
2026-12-30 06:00:00,2.5,24.0,9.1,1.0,80,44.81,50.08,60.66,31.1,144925.09,31.1,3.13,4.39,22.68,84.8
2026-12-30 07:00:00,2.3,24.0,8.38,1.0,80,43.83,60.26,67.73,21.35,144917.32,21.35,15.01,7.78,25.66,68.6
2026-12-30 08:00:00,2.28,24.0,10.79,1.0,80,46.44,64.68,71.34,64.9,144913.82,64.9,0.0,3.5,28.5,86.9
2026-12-30 09:00:00,2.5,24.0,10.86,1.0,80,44.09,68.67,76.43,66.73,144910.32,66.73,0.0,3.5,31.01,82.1
2026-12-30 10:00:00,2.5,24.0,11.66,1.0,80,42.51,74.65,77.18,89.14,144906.82,89.14,0.0,3.5,32.98,89.5
2026-12-30 11:00:00,2.5,24.0,10.02,1.0,80,43.85,79.12,86.76,47.49,144903.32,47.49,0.0,3.5,34.24,87.2
2026-12-30 12:00:00,2.5,24.0,9.79,1.0,80,48.0,82.16,87.77,43.03,144899.82,43.03,0.0,3.5,34.67,79.5
2026-12-30 13:00:00,2.5,24.0,12.5,1.0,80,45.29,75.66,75.98,100.0,144896.32,100.0,0.0,3.5,34.24,86.4
2026-12-30 14:00:00,2.5,24.0,10.79,1.0,80,47.16,77.98,80.84,64.88,144892.82,64.88,0.0,3.5,32.98,87.9
2026-12-30 15:00:00,2.5,24.0,8.98,1.0,80,44.09,74.74,79.88,29.27,144886.56,29.27,9.68,6.26,31.01,97.3
2026-12-30 16:00:00,2.5,24.0,8.93,1.0,80,47.59,63.05,74.28,28.62,144880.85,28.62,7.74,5.71,28.5,89.9
2026-12-30 17:00:00,2.5,24.0,8.48,1.0,80,43.09,61.05,67.73,22.52,144873.39,22.52,13.89,7.46,25.66,80.4
2026-12-30 18:00:00,2.5,24.0,7.32,1.0,80,43.33,54.81,60.66,11.04,144862.35,11.04,26.45,11.04,22.68,96.6
2026-12-30 19:00:00,2.5,24.0,9.58,1.0,80,48.01,43.34,53.55,39.09,144858.85,39.09,0.0,3.5,19.76,85.5
2026-12-30 20:00:00,2.5,24.0,13.14,1.0,80,47.91,36.07,39.51,100.0,144855.35,100.0,0.0,3.5,17.09,85.5
2026-12-30 21:00:00,2.5,24.0,12.11,1.0,80,40.8,31.32,36.76,100.0,144851.85,100.0,0.0,3.5,14.83,96.6
2026-12-30 22:00:00,1.49,24.0,12.26,1.0,80,47.19,26.24,32.51,100.0,144848.35,100.0,0.0,3.5,13.11,83.0
2026-12-30 23:00:00,0.79,24.0,12.87,1.0,80,42.05,25.19,28.97,100.0,144844.85,100.0,0.0,3.5,12.04,84.8
2026-12-31 00:00:00,0.76,24.0,12.45,1.0,80,47.34,23.2,28.7,100.0,144841.35,100.0,0.0,3.5,11.61,77.4
2026-12-31 01:00:00,0.39,24.0,9.55,1.0,80,47.28,23.71,33.66,38.49,144837.85,38.49,0.0,3.5,11.97,85.1
2026-12-31 02:00:00,1.12,24.0,8.07,1.0,80,48.47,24.25,36.48,17.93,144829.14,17.93,18.31,8.72,13.05,85.1
2026-12-31 03:00:00,0.12,24.0,6.6,1.0,80,48.75,28.55,40.94,6.39,144817.1,6.39,29.96,12.04,14.77,83.1
2026-12-31 04:00:00,-0.35,24.0,5.03,1.0,80,46.06,36.05,46.71,1.14,144803.84,1.14,34.25,13.26,17.03,85.5
2026-12-31 05:00:00,0.63,24.0,5.41,1.0,80,44.45,42.2,53.39,1.91,144791.4,1.91,31.35,12.44,19.7,81.4
2026-12-31 06:00:00,0.82,24.0,5.97,1.0,80,44.95,49.62,60.51,3.61,144779.22,3.61,30.46,12.18,22.62,92.9
2026-12-31 07:00:00,1.51,24.0,5.85,1.0,80,44.72,57.62,67.58,3.17,144766.72,3.17,31.58,12.5,25.6,86.2
2026-12-31 08:00:00,2.5,24.0,4.97,1.0,80,44.43,65.94,74.14,1.05,144753.19,1.05,35.19,13.53,28.44,83.0
2026-12-31 09:00:00,2.5,24.0,6.14,1.0,80,44.59,66.38,79.74,4.24,144742.0,4.24,26.99,11.19,30.95,79.9
2026-12-31 10:00:00,2.5,24.0,6.08,1.0,80,47.48,77.33,84.03,4.02,144728.02,4.02,36.75,13.97,32.91,87.1
2026-12-31 11:00:00,2.5,24.0,8.07,1.0,80,42.15,80.96,86.72,17.83,144719.23,17.83,18.56,8.79,34.17,91.5
2026-12-31 12:00:00,1.81,24.0,6.04,1.0,80,47.38,81.82,87.64,3.87,144704.99,3.87,37.7,14.24,34.61,88.1
2026-12-31 13:00:00,1.74,24.0,8.32,1.0,80,44.98,76.17,86.72,20.67,144697.57,20.67,13.77,7.42,34.17,96.2
2026-12-31 14:00:00,2.33,24.0,11.09,1.0,80,41.76,73.18,79.44,72.71,144694.07,72.71,0.0,3.5,32.91,96.8
2026-12-31 15:00:00,2.5,24.0,11.24,1.0,80,46.31,69.21,74.78,76.85,144690.57,76.85,0.0,3.5,30.95,80.5
2026-12-31 16:00:00,2.5,24.0,11.43,1.0,80,41.58,63.05,68.83,82.25,144687.07,82.25,0.0,3.5,28.44,79.4
2026-12-31 17:00:00,2.5,24.0,12.99,1.0,80,45.19,62.31,57.47,100.0,144683.57,100.0,0.0,3.5,25.6,83.0
2026-12-31 18:00:00,1.89,24.0,10.74,1.0,80,49.66,46.51,58.26,63.68,144680.07,63.68,0.0,3.5,22.62,89.9
2026-12-31 19:00:00,2.39,24.0,14.31,1.0,80,44.01,42.39,41.87,100.0,144676.57,100.0,0.0,3.5,19.7,88.7
2026-12-31 20:00:00,1.77,24.0,13.82,1.0,80,44.18,34.52,37.79,100.0,144673.07,100.0,0.0,3.5,17.03,91.4
2026-12-31 21:00:00,1.62,24.0,13.24,1.0,80,46.73,28.31,34.3,100.0,144669.57,100.0,0.0,3.5,14.77,81.0
2026-12-31 22:00:00,1.38,24.0,11.46,1.0,80,46.4,24.46,33.81,83.17,144666.07,83.17,0.0,3.5,13.05,77.2
2026-12-31 23:00:00,1.95,24.0,10.83,1.0,80,46.4,25.86,32.26,65.9,144662.57,65.9,0.0,3.5,11.97,83.5
